2026-03-28 11:14:42,510 [INFO] Activator:176 - 


2026-03-28 11:14:42,519 [INFO] Activator:177 - !SESSION log4j initialized
2026-03-28 11:14:50,623 [INFO] LogOutputStream:77 - [STDOUT_REDIRECT] 
2026-03-28 11:14:51,602 [ERROR] LogOutputStream:75 - [STDERR_REDIRECT] 
2026-03-28 11:14:55,488 [INFO] LogOutputStream:77 - [STDOUT_REDIRECT] 
2026-03-28 11:14:56,904 [INFO] ApplicationProperties:184 - Using Application install path: /Applications/STM32CubeIDE.app/Contents/Eclipse/plugins/com.st.stm32cube.common.mx_6.15.0.202507011659
2026-03-28 11:14:56,925 [INFO] DbMcusXml:78 - Set database path to: /Applications/STM32CubeIDE.app/Contents/Eclipse/plugins/com.st.stm32cube.common.mx_6.15.0.202507011659//db//mcu/
2026-03-28 11:14:56,925 [INFO] ApiDb:274 - Set plugin database path to: /Applications/STM32CubeIDE.app/Contents/Eclipse/plugins/com.st.stm32cube.common.mx_6.15.0.202507011659//db//plugins/boardmanager/
2026-03-28 11:14:56,927 [WARN] ApiDb:259 - Overriding images path with different value:  => /Applications/STM32CubeIDE.app/Contents/Eclipse/plugins/com.st.stm32cube.common.mx_6.15.0.202507011659//db//plugins/mcufinder/images/
2026-03-28 11:14:56,938 [INFO] ApiDb:250 - Set database path to: /Users/karthikkurapati/.stmcufinder/plugins/mcufinder//mcu/
2026-03-28 11:14:56,941 [INFO] DbMcusAds:125 - Set database path to: /Users/karthikkurapati/.stmcufinder/plugins/mcufinder//mcu/
2026-03-28 11:14:56,944 [INFO] CrossReferenceDbSqlite:203 - Set database path to: /Users/karthikkurapati/.stmcufinder/plugins/mcufinder//mcu/cs/
2026-03-28 11:14:57,165 [INFO] RulesReader:64 - Compatibility file has been processed (317 Rules)
2026-03-28 11:14:57,281 [INFO] DbMcusXml:78 - Set database path to: /Applications/STM32CubeIDE.app/Contents/Eclipse/plugins/com.st.stm32cube.common.mx_6.15.0.202507011659//db//mcu/
2026-03-28 11:14:57,282 [INFO] ApiDb:274 - Set plugin database path to: /Applications/STM32CubeIDE.app/Contents/Eclipse/plugins/com.st.stm32cube.common.mx_6.15.0.202507011659//db//plugins/boardmanager/
2026-03-28 11:14:57,283 [INFO] ApiDb:261 - Set plugin images path to: /Applications/STM32CubeIDE.app/Contents/Eclipse/plugins/com.st.stm32cube.common.mx_6.15.0.202507011659//db//plugins/mcufinder/images/
2026-03-28 11:14:57,285 [WARN] DbFile:41 - Overriding database path with different value: /Users/karthikkurapati/.stmcufinder/plugins/mcufinder/ => /Users/karthikkurapati/.stmcufinder/plugins/mcufinder
2026-03-28 11:14:57,285 [INFO] ApiDb:250 - Set database path to: /Users/karthikkurapati/.stmcufinder/plugins/mcufinder//mcu/
2026-03-28 11:14:57,285 [WARN] DbFile:41 - Overriding database path with different value: /Users/karthikkurapati/.stmcufinder/plugins/mcufinder/ => /Users/karthikkurapati/.stmcufinder/plugins/mcufinder
2026-03-28 11:14:57,286 [INFO] DbMcusAds:125 - Set database path to: /Users/karthikkurapati/.stmcufinder/plugins/mcufinder//mcu/
2026-03-28 11:14:57,286 [WARN] DbFile:41 - Overriding database path with different value: /Users/karthikkurapati/.stmcufinder/plugins/mcufinder/ => /Users/karthikkurapati/.stmcufinder/plugins/mcufinder
2026-03-28 11:14:57,286 [WARN] DbFile:41 - Overriding database path with different value: /Users/karthikkurapati/.stmcufinder/plugins/mcufinder/ => /Users/karthikkurapati/.stmcufinder/plugins/mcufinder
2026-03-28 11:14:57,286 [INFO] CrossReferenceDbSqlite:203 - Set database path to: /Users/karthikkurapati/.stmcufinder/plugins/mcufinder//mcu/cs/
2026-03-28 11:14:57,403 [INFO] MainPanel:274 - HeapMemory: 314572800
2026-03-28 11:14:57,934 [INFO] DbMcusXml:78 - Set database path to: /Applications/STM32CubeIDE.app/Contents/Eclipse/plugins/com.st.stm32cube.common.mx_6.15.0.202507011659//db//mcu/
2026-03-28 11:14:57,935 [INFO] ApiDb:274 - Set plugin database path to: /Applications/STM32CubeIDE.app/Contents/Eclipse/plugins/com.st.stm32cube.common.mx_6.15.0.202507011659//db//plugins/boardmanager/
2026-03-28 11:14:57,935 [INFO] ApiDb:261 - Set plugin images path to: /Applications/STM32CubeIDE.app/Contents/Eclipse/plugins/com.st.stm32cube.common.mx_6.15.0.202507011659//db//plugins/mcufinder/images/
2026-03-28 11:14:57,935 [WARN] DbFile:41 - Overriding database path with different value: /Users/karthikkurapati/.stmcufinder/plugins/mcufinder/ => /Users/karthikkurapati/.stmcufinder/plugins/mcufinder
2026-03-28 11:14:57,935 [INFO] ApiDb:250 - Set database path to: /Users/karthikkurapati/.stmcufinder/plugins/mcufinder//mcu/
2026-03-28 11:14:57,936 [WARN] DbFile:41 - Overriding database path with different value: /Users/karthikkurapati/.stmcufinder/plugins/mcufinder/ => /Users/karthikkurapati/.stmcufinder/plugins/mcufinder
2026-03-28 11:14:57,936 [INFO] DbMcusAds:125 - Set database path to: /Users/karthikkurapati/.stmcufinder/plugins/mcufinder//mcu/
2026-03-28 11:14:57,936 [WARN] DbFile:41 - Overriding database path with different value: /Users/karthikkurapati/.stmcufinder/plugins/mcufinder/ => /Users/karthikkurapati/.stmcufinder/plugins/mcufinder
2026-03-28 11:14:57,936 [WARN] DbFile:41 - Overriding database path with different value: /Users/karthikkurapati/.stmcufinder/plugins/mcufinder/ => /Users/karthikkurapati/.stmcufinder/plugins/mcufinder
2026-03-28 11:14:57,936 [INFO] CrossReferenceDbSqlite:203 - Set database path to: /Users/karthikkurapati/.stmcufinder/plugins/mcufinder//mcu/cs/
2026-03-28 11:14:57,963 [INFO] ApplicationProperties:184 - Using Application install path: /Applications/STM32CubeIDE.app/Contents/Eclipse/plugins/com.st.stm32cube.common.mx_6.15.0.202507011659
2026-03-28 11:14:57,965 [INFO] PluginManage:196 - Search for loadable plugins [exclusion list=, ]
2026-03-28 11:14:57,967 [INFO] PluginManage:310 - Check plugin analytics
2026-03-28 11:14:58,255 [INFO] AnalyticsPlugin:253 - Accepted Software Licenses: 
2026-03-28 11:14:58,255 [INFO] AnalyticsPlugin:255 - Accepted CMSIS Pack Licenses: 
2026-03-28 11:14:58,255 [INFO] AnalyticsPlugin:257 - Accepted Firmware Licenses: FW.L4.1.18.0
2026-03-28 11:14:58,262 [INFO] PluginManage:359 - Loaded plugin analytics (category:tool,tabindex:-1)
2026-03-28 11:14:58,266 [INFO] PluginManage:310 - Check plugin cadmodel
2026-03-28 11:14:58,288 [INFO] CADModel:105 - Init CAD model plugin
2026-03-28 11:14:58,288 [INFO] PluginManage:359 - Loaded plugin cadmodel (category:power,tabindex:5)
2026-03-28 11:14:58,289 [INFO] PluginManage:310 - Check plugin clock
2026-03-28 11:14:58,307 [INFO] PluginManage:359 - Loaded plugin clock (category:base,tabindex:2)
2026-03-28 11:14:58,307 [INFO] PluginManage:310 - Check plugin ddr
2026-03-28 11:14:58,311 [INFO] PluginManage:359 - Loaded plugin ddr (category:tool,tabindex:6)
2026-03-28 11:14:58,311 [INFO] PluginManage:310 - Check plugin filemanager
2026-03-28 11:14:58,566 [INFO] PluginManage:359 - Loaded plugin filemanager (category:base,tabindex:10)
2026-03-28 11:14:58,567 [INFO] PluginManage:310 - Check plugin ipmanager
2026-03-28 11:14:58,578 [INFO] PluginManage:359 - Loaded plugin ipmanager (category:base,tabindex:5)
2026-03-28 11:14:58,578 [INFO] PluginManage:310 - Check plugin lpbam
2026-03-28 11:14:58,591 [INFO] PluginManage:359 - Loaded plugin lpbam (category:base,tabindex:0)
2026-03-28 11:14:58,591 [INFO] PluginManage:310 - Check plugin memorymap
2026-03-28 11:14:58,608 [INFO] PluginManage:359 - Loaded plugin memorymap (category:base,tabindex:4)
2026-03-28 11:14:58,608 [INFO] PluginManage:310 - Check plugin pinoutandconfiguration
2026-03-28 11:14:58,619 [INFO] PluginManage:359 - Loaded plugin pinoutandconfiguration (category:base,tabindex:1)
2026-03-28 11:14:58,619 [INFO] PluginManage:310 - Check plugin pinoutconfig
2026-03-28 11:14:58,762 [WARN] SupportedApi:132 - Cannot load RTOS API schema: s4s-elt-must-match.1: The content of 'definitions' must match (annotation?, (simpleType | complexType)?, (unique | key | keyref)*)). A problem was found starting at: attribute.
2026-03-28 11:14:58,998 [INFO] PluginManage:359 - Loaded plugin pinoutconfig (category:base,tabindex:0)
2026-03-28 11:14:58,998 [INFO] PluginManage:310 - Check plugin power
2026-03-28 11:14:59,013 [INFO] PluginManage:359 - Loaded plugin power (category:power,tabindex:4)
2026-03-28 11:14:59,014 [INFO] PluginManage:310 - Check plugin projectmanager
2026-03-28 11:14:59,053 [INFO] PluginManage:359 - Loaded plugin projectmanager (category:projectmanager,tabindex:4)
2026-03-28 11:14:59,053 [INFO] PluginManage:310 - Check plugin rif
2026-03-28 11:14:59,068 [INFO] PluginManage:359 - Loaded plugin rif (category:base,tabindex:3)
2026-03-28 11:14:59,068 [INFO] PluginManage:310 - Check plugin thirdparty
2026-03-28 11:14:59,325 [INFO] PluginManage:359 - Loaded plugin thirdparty (category:base,tabindex:-1)
2026-03-28 11:14:59,324 [WARN] IntegrityCheckThread:84 - waiting for thirdparty lock release [integrity check]
2026-03-28 11:14:59,325 [INFO] PluginManage:310 - Check plugin tools
2026-03-28 11:14:59,326 [INFO] IntegrityCheckThread:86 - entering critical section [integrity check]
2026-03-28 11:14:59,326 [INFO] ThirdPartyUpdaterWithRetryManager:70 - Updater plugin not ready yet. [1/15]
2026-03-28 11:14:59,330 [INFO] PluginManage:359 - Loaded plugin tools (category:base,tabindex:7)
2026-03-28 11:14:59,330 [INFO] PluginManage:310 - Check plugin tutovideos
2026-03-28 11:14:59,635 [INFO] PluginManage:359 - Loaded plugin tutovideos (category:base,tabindex:-1)
2026-03-28 11:14:59,635 [INFO] PluginManage:310 - Check plugin updater
2026-03-28 11:14:59,681 [INFO] PluginManage:359 - Loaded plugin updater (category:base,tabindex:12)
2026-03-28 11:14:59,681 [INFO] PluginManage:310 - Check plugin userauth
2026-03-28 11:14:59,686 [INFO] UserAuth:118 - Init User Auth plugin
2026-03-28 11:14:59,687 [INFO] PluginManage:359 - Loaded plugin userauth (category:base,tabindex:14)
2026-03-28 11:14:59,689 [INFO] PluginManage:283 - PluginManage : Loaded plugins [18]
2026-03-28 11:15:00,071 [INFO] PinOutPanel:1589 - setPackage(No Configuration,No Configuration)
2026-03-28 11:15:00,211 [INFO] CADModel:165 - CPN selected for project level
2026-03-28 11:15:00,212 [INFO] CADModel:114 - Register for checkConnection events
2026-03-28 11:15:00,231 [INFO] IPUIPlugin:80 - create IPUIPlugin
2026-03-28 11:15:00,232 [INFO] PluginManager:220 - loadIPPluginJar : add mdma
2026-03-28 11:15:00,241 [INFO] IPUIPlugin:80 - create IPUIPlugin
2026-03-28 11:15:00,241 [INFO] PluginManager:220 - loadIPPluginJar : add freertos
2026-03-28 11:15:00,247 [INFO] IPUIPlugin:80 - create IPUIPlugin
2026-03-28 11:15:00,248 [INFO] PluginManager:220 - loadIPPluginJar : add gic
2026-03-28 11:15:00,259 [INFO] IPUIPlugin:80 - create IPUIPlugin
2026-03-28 11:15:00,260 [INFO] PluginManager:220 - loadIPPluginJar : add adc
2026-03-28 11:15:00,262 [INFO] IPUIPlugin:80 - create IPUIPlugin
2026-03-28 11:15:00,263 [INFO] PluginManager:220 - loadIPPluginJar : add gtzc
2026-03-28 11:15:00,264 [INFO] IPUIPlugin:80 - create IPUIPlugin
2026-03-28 11:15:00,264 [INFO] PluginManager:220 - loadIPPluginJar : add quadspi
2026-03-28 11:15:00,266 [INFO] IPUIPlugin:80 - create IPUIPlugin
2026-03-28 11:15:00,267 [INFO] PluginManager:220 - loadIPPluginJar : add aes
2026-03-28 11:15:00,269 [INFO] IPUIPlugin:80 - create IPUIPlugin
2026-03-28 11:15:00,269 [INFO] PluginManager:220 - loadIPPluginJar : add pdm2pcm
2026-03-28 11:15:00,271 [INFO] IPUIPlugin:80 - create IPUIPlugin
2026-03-28 11:15:00,271 [INFO] PluginManager:220 - loadIPPluginJar : add hash
2026-03-28 11:15:00,273 [INFO] IPUIPlugin:80 - create IPUIPlugin
2026-03-28 11:15:00,273 [INFO] PluginManager:220 - loadIPPluginJar : add tim
2026-03-28 11:15:00,276 [INFO] IPUIPlugin:80 - create IPUIPlugin
2026-03-28 11:15:00,276 [INFO] PluginManager:220 - loadIPPluginJar : add tsc
2026-03-28 11:15:00,279 [INFO] IPUIPlugin:80 - create IPUIPlugin
2026-03-28 11:15:00,279 [INFO] PluginManager:220 - loadIPPluginJar : add extmemmanager
2026-03-28 11:15:00,281 [INFO] IPUIPlugin:80 - create IPUIPlugin
2026-03-28 11:15:00,282 [INFO] PluginManager:220 - loadIPPluginJar : add ts
2026-03-28 11:15:00,283 [INFO] IPUIPlugin:80 - create IPUIPlugin
2026-03-28 11:15:00,283 [INFO] PluginManager:220 - loadIPPluginJar : add radio
2026-03-28 11:15:00,286 [INFO] IPUIPlugin:80 - create IPUIPlugin
2026-03-28 11:15:00,286 [INFO] PluginManager:220 - loadIPPluginJar : add can
2026-03-28 11:15:00,287 [INFO] IPUIPlugin:80 - create IPUIPlugin
2026-03-28 11:15:00,287 [INFO] PluginManager:220 - loadIPPluginJar : add dma3
2026-03-28 11:15:00,289 [INFO] IPUIPlugin:80 - create IPUIPlugin
2026-03-28 11:15:00,289 [INFO] PluginManager:220 - loadIPPluginJar : add dfsdm
2026-03-28 11:15:00,291 [INFO] IPUIPlugin:80 - create IPUIPlugin
2026-03-28 11:15:00,291 [INFO] PluginManager:220 - loadIPPluginJar : add spi
2026-03-28 11:15:00,294 [INFO] IPUIPlugin:80 - create IPUIPlugin
2026-03-28 11:15:00,295 [INFO] PluginManager:220 - loadIPPluginJar : add gfxmmu
2026-03-28 11:15:00,297 [INFO] IPUIPlugin:80 - create IPUIPlugin
2026-03-28 11:15:00,297 [INFO] PluginManager:220 - loadIPPluginJar : add genericplugin
2026-03-28 11:15:00,299 [INFO] IPUIPlugin:80 - create IPUIPlugin
2026-03-28 11:15:00,299 [INFO] PluginManager:220 - loadIPPluginJar : add cryp
2026-03-28 11:15:00,303 [INFO] IPUIPlugin:80 - create IPUIPlugin
2026-03-28 11:15:00,303 [INFO] PluginManager:220 - loadIPPluginJar : add gpio
2026-03-28 11:15:00,311 [INFO] IPUIPlugin:80 - create IPUIPlugin
2026-03-28 11:15:00,312 [INFO] PluginManager:220 - loadIPPluginJar : add ddr_ctrl_phy
2026-03-28 11:15:00,315 [INFO] IPUIPlugin:80 - create IPUIPlugin
2026-03-28 11:15:00,315 [INFO] PluginManager:220 - loadIPPluginJar : add comp
2026-03-28 11:15:00,319 [INFO] IPUIPlugin:80 - create IPUIPlugin
2026-03-28 11:15:00,321 [INFO] PluginManager:220 - loadIPPluginJar : add tracer_emb
2026-03-28 11:15:00,324 [INFO] IPUIPlugin:80 - create IPUIPlugin
2026-03-28 11:15:00,324 [INFO] PluginManager:220 - loadIPPluginJar : add openamp
2026-03-28 11:15:00,331 [INFO] IPUIPlugin:80 - create IPUIPlugin
2026-03-28 11:15:00,331 [INFO] PluginManager:220 - loadIPPluginJar : add stm32_wpan
2026-03-28 11:15:00,338 [INFO] IPUIPlugin:80 - create IPUIPlugin
2026-03-28 11:15:00,341 [INFO] PluginManager:220 - loadIPPluginJar : add plateformsettings
2026-03-28 11:15:00,346 [INFO] IPUIPlugin:80 - create IPUIPlugin
2026-03-28 11:15:00,346 [INFO] PluginManager:220 - loadIPPluginJar : add ipddr
2026-03-28 11:15:00,351 [INFO] IPUIPlugin:80 - create IPUIPlugin
2026-03-28 11:15:00,351 [INFO] PluginManager:220 - loadIPPluginJar : add usart
2026-03-28 11:15:00,352 [INFO] IPUIPlugin:80 - create IPUIPlugin
2026-03-28 11:15:00,352 [INFO] PluginManager:220 - loadIPPluginJar : add ltdc
2026-03-28 11:15:00,355 [INFO] IPUIPlugin:80 - create IPUIPlugin
2026-03-28 11:15:00,356 [INFO] PluginManager:220 - loadIPPluginJar : add nvic
2026-03-28 11:15:00,357 [INFO] IPUIPlugin:80 - create IPUIPlugin
2026-03-28 11:15:00,357 [INFO] PluginManager:220 - loadIPPluginJar : add fatfs
2026-03-28 11:15:00,365 [INFO] IPUIPlugin:80 - create IPUIPlugin
2026-03-28 11:15:00,366 [INFO] PluginManager:220 - loadIPPluginJar : add linkedlist
2026-03-28 11:15:00,372 [INFO] IPUIPlugin:80 - create IPUIPlugin
2026-03-28 11:15:00,372 [INFO] PluginManager:220 - loadIPPluginJar : add dma
2026-03-28 11:15:00,376 [INFO] IPUIPlugin:80 - create IPUIPlugin
2026-03-28 11:15:00,376 [INFO] PluginManager:220 - loadIPPluginJar : add fmc
2026-03-28 11:15:00,378 [INFO] IPUIPlugin:80 - create IPUIPlugin
2026-03-28 11:15:00,378 [INFO] PluginManager:220 - loadIPPluginJar : add i2s
2026-03-28 11:15:00,380 [INFO] IPUIPlugin:80 - create IPUIPlugin
2026-03-28 11:15:00,380 [INFO] PluginManager:220 - loadIPPluginJar : add ucpd
2026-03-28 11:15:00,383 [INFO] IPUIPlugin:80 - create IPUIPlugin
2026-03-28 11:15:00,383 [INFO] PluginManager:220 - loadIPPluginJar : add lorawan
2026-03-28 11:15:00,386 [INFO] IPUIPlugin:80 - create IPUIPlugin
2026-03-28 11:15:00,386 [INFO] PluginManager:220 - loadIPPluginJar : add opamp
2026-03-28 11:15:00,388 [INFO] IPUIPlugin:80 - create IPUIPlugin
2026-03-28 11:15:00,389 [INFO] PluginManager:220 - loadIPPluginJar : add i3c
2026-03-28 11:15:00,391 [INFO] IPUIPlugin:80 - create IPUIPlugin
2026-03-28 11:15:00,395 [INFO] PluginManager:220 - loadIPPluginJar : add touchsensing
2026-03-28 11:15:00,398 [INFO] IPUIPlugin:80 - create IPUIPlugin
2026-03-28 11:15:00,398 [INFO] PluginManager:220 - loadIPPluginJar : add i2c
2026-03-28 11:15:00,402 [INFO] IPUIPlugin:80 - create IPUIPlugin
2026-03-28 11:15:00,402 [INFO] PluginManager:220 - loadIPPluginJar : add resmgrutility
2026-03-28 11:15:00,406 [INFO] IPUIPlugin:80 - create IPUIPlugin
2026-03-28 11:15:00,407 [INFO] PluginManager:220 - loadIPPluginJar : add sai
2026-03-28 11:15:00,410 [INFO] IPUIPlugin:80 - create IPUIPlugin
2026-03-28 11:15:00,411 [INFO] PluginManager:220 - loadIPPluginJar : add usbx
2026-03-28 11:15:00,558 [FATAL] Updater:351 - Updater called before beeing initialized
2026-03-28 11:15:00,631 [INFO] RulesReader:64 - Compatibility file has been processed (317 Rules)
2026-03-28 11:15:00,649 [INFO] RulesReader:64 - Compatibility file has been processed (317 Rules)
2026-03-28 11:15:00,694 [INFO] CADModel:165 - CPN selected for project level
2026-03-28 11:15:00,697 [INFO] CADModel:114 - Register for checkConnection events
2026-03-28 11:15:00,697 [FATAL] Updater:351 - Updater called before beeing initialized
2026-03-28 11:15:00,697 [ERROR] CADModel:125 - Updater not yet initialized, retry later 
2026-03-28 11:15:01,937 [FATAL] Updater:351 - Updater called before beeing initialized
2026-03-28 11:15:01,971 [INFO] CADModel:165 - CPN selected for project level
2026-03-28 11:15:01,973 [INFO] CADModel:114 - Register for checkConnection events
2026-03-28 11:15:01,974 [FATAL] Updater:351 - Updater called before beeing initialized
2026-03-28 11:15:01,974 [ERROR] CADModel:125 - Updater not yet initialized, retry later 
2026-03-28 11:15:01,985 [FATAL] Updater:351 - Updater called before beeing initialized
2026-03-28 11:15:02,333 [INFO] ThirdPartyUpdaterWithRetryManager:70 - Updater plugin not ready yet. [2/15]
2026-03-28 11:15:02,699 [FATAL] Updater:351 - Updater called before beeing initialized
2026-03-28 11:15:02,725 [INFO] DbMcusAds:53 - JSON generation date=Thu Jan 08 09:57:51 CST 2026 (1767887871456)
2026-03-28 11:15:02,726 [FATAL] Updater:351 - Updater called before beeing initialized
2026-03-28 11:15:03,041 [WARN] DetailPanel:346 - Failed to get advertising image, set to default
2026-03-28 11:15:03,181 [FATAL] Updater:351 - Updater called before beeing initialized
2026-03-28 11:15:03,185 [FATAL] Updater:351 - Updater called before beeing initialized
2026-03-28 11:15:03,186 [FATAL] Updater:351 - Updater called before beeing initialized
2026-03-28 11:15:03,186 [WARN] DetailPanel:346 - Failed to get advertising image, set to default
2026-03-28 11:15:03,191 [FATAL] Updater:351 - Updater called before beeing initialized
2026-03-28 11:15:03,340 [ERROR] Updater:1198 - MainUpdater not yet initialized. External WinMGr cannot be set.
2026-03-28 11:15:03,358 [INFO] Updater:1134 - Updater Version found : 6.15.0
2026-03-28 11:15:03,386 [INFO] ApplicationProperties:184 - Using Application install path: /Applications/STM32CubeIDE.app/Contents/Eclipse/plugins/com.st.stm32cube.common.mx_6.15.0.202507011659
2026-03-28 11:15:04,135 [INFO] MainUpdater:2872 - connection check result : 10
2026-03-28 11:15:04,135 [INFO] MainUpdater:3604 - Updater definition file requires update
2026-03-28 11:15:04,137 [INFO] MainUpdater:289 - Updater Check For Update Now.
2026-03-28 11:15:04,137 [INFO] MicroXplorer:498 - Change Database Version : DB.6.0.150
2026-03-28 11:15:04,151 [INFO] McuFinderGlobals:63 - Set McuFinder mode to 2 (CubeIDE integrated)
2026-03-28 11:15:04,154 [INFO] UserAuth:487 - Internet connection configuration mode: 1
2026-03-28 11:15:04,175 [INFO] JxBrowserEngine:152 - Initiate JxBrowser Engine with user profile folder
2026-03-28 11:15:04,178 [INFO] ServerAccessManage:452 - Complete download http(s) 200
2026-03-28 11:15:04,183 [INFO] ServerAccessManage:509 - Download File updaters.zip
2026-03-28 11:15:04,349 [INFO] FileExtend:248 - Unzip File : updaters.zip
2026-03-28 11:15:04,349 [INFO] FileExtend:263 - Standard Zip Deflate
2026-03-28 11:15:04,690 [INFO] ServerAccessManage:452 - Complete download http(s) 200
2026-03-28 11:15:04,691 [INFO] ServerAccessManage:509 - Download File PacksControlFlags.xml
2026-03-28 11:15:05,419 [WARN] MainUpdater:1193 - Updater busy. Cannot search thirdparties
2026-03-28 11:15:05,451 [INFO] ThirdPartyUpdaterWithRetryManager:96 - Updater plugin is busy. [1/15]
2026-03-28 11:15:05,462 [INFO] ServerAccessManage:452 - Complete download http(s) 200
2026-03-28 11:15:05,466 [INFO] ServerAccessManage:509 - Download File cubemx.pidx
2026-03-28 11:15:05,768 [INFO] LoadServerUpdatesThread:375 - End of LoadServerUpdate Thread
2026-03-28 11:15:06,003 [INFO] CheckServerUpdateThread:120 - End of CheckServer Thread
2026-03-28 11:15:09,070 [WARN] PackLoader:240 - Cannot read IP mode file for STMicroelectronics.X-CUBE-AZRTOS-H7.3.5.0
2026-03-28 11:15:09,186 [WARN] PackLoader:240 - Cannot read IP mode file for STMicroelectronics.FP-SNS-MOTENVWB1.1.4.0
2026-03-28 11:15:09,246 [WARN] PackLoader:240 - Cannot read IP mode file for STMicroelectronics.FP-ATR-ASTRA1.2.0.2
2026-03-28 11:15:09,285 [WARN] PackLoader:240 - Cannot read IP mode file for STMicroelectronics.X-CUBE-SMBUS.2.1.0
2026-03-28 11:15:09,312 [WARN] PackLoader:240 - Cannot read IP mode file for STMicroelectronics.X-CUBE-ST60.1.0.0
2026-03-28 11:15:09,387 [WARN] PackLoader:240 - Cannot read IP mode file for STMicroelectronics.X-CUBE-AZRTOS-F7.1.1.0
2026-03-28 11:15:09,428 [WARN] PackLoader:240 - Cannot read IP mode file for STMicroelectronics.FP-SNS-MOTENV1.5.1.0
2026-03-28 11:15:09,471 [WARN] PackLoader:240 - Cannot read IP mode file for WES.I-CUBE-Cesium.1.4.0
2026-03-28 11:15:09,559 [WARN] PackLoader:240 - Cannot read IP mode file for Infineon.AIROC-Wi-Fi-Bluetooth-STM32.1.7.1
2026-03-28 11:15:09,685 [WARN] PackLoader:240 - Cannot read IP mode file for STMicroelectronics.X-CUBE-AZRTOS-H7.3.4.0
2026-03-28 11:15:09,731 [WARN] PackLoader:240 - Cannot read IP mode file for STMicroelectronics.X-CUBE-DISPLAY.3.0.0
2026-03-28 11:15:09,753 [WARN] PackLoader:240 - Cannot read IP mode file for STMicroelectronics.FP-SNS-MOTENVWB1.1.5.0
2026-03-28 11:15:09,772 [WARN] PackLoader:240 - Cannot read IP mode file for STMicroelectronics.X-CUBE-NFC10.1.0.0
2026-03-28 11:15:09,804 [WARN] PackLoader:240 - Cannot read IP mode file for STMicroelectronics.X-CUBE-ST60.1.1.0
2026-03-28 11:15:09,817 [WARN] PackLoader:240 - Cannot read IP mode file for emotas.I-CUBE-CANOPEN.1.3.0
2026-03-28 11:15:09,838 [WARN] PackLoader:240 - Cannot read IP mode file for STMicroelectronics.X-CUBE-GNSS1.7.1.0
2026-03-28 11:15:09,855 [WARN] PackLoader:240 - Cannot read IP mode file for STMicroelectronics.FP-SNS-STBOX1.2.1.0
2026-03-28 11:15:09,869 [WARN] PackLoader:240 - Cannot read IP mode file for STMicroelectronics.FP-SNS-SMARTAG2.1.2.0
2026-03-28 11:15:09,875 [WARN] PackLoader:240 - Cannot read IP mode file for STMicroelectronics.FP-SNS-FLIGHT1.5.1.0
2026-03-28 11:15:09,890 [INFO] LogOutputStream:77 - [STDOUT_REDIRECT] 1 : Invalid condition id : UX_CORESTACK_Condition cause : null
2026-03-28 11:15:09,893 [INFO] LogOutputStream:77 - [STDOUT_REDIRECT] 1 : Invalid condition id : UX_CORESTACK_Condition cause : null
2026-03-28 11:15:09,894 [INFO] LogOutputStream:77 - [STDOUT_REDIRECT] 1 : Invalid condition id : UX_CORESTACK_Condition cause : null
2026-03-28 11:15:09,894 [INFO] LogOutputStream:77 - [STDOUT_REDIRECT] 1 : Invalid condition id : UX_CORESTACK_Condition cause : null
2026-03-28 11:15:09,894 [INFO] LogOutputStream:77 - [STDOUT_REDIRECT] 1 : Invalid condition id : UX_CORESTACK_Condition cause : null
2026-03-28 11:15:09,904 [WARN] PackLoader:240 - Cannot read IP mode file for STMicroelectronics.X-CUBE-AZRTOS-WL.2.0.0
2026-03-28 11:15:09,915 [WARN] PackLoader:240 - Cannot read IP mode file for STMicroelectronics.FP-SNS-MOTENV1.5.0.0
2026-03-28 11:15:09,961 [WARN] PackLoader:240 - Cannot read IP mode file for STMicroelectronics.X-CUBE-AZRTOS-H7RS.1.2.0
2026-03-28 11:15:09,984 [WARN] PackLoader:240 - Cannot read IP mode file for STMicroelectronics.X-CUBE-BLE2.3.3.0
2026-03-28 11:15:10,039 [WARN] PackLoader:240 - Cannot read IP mode file for STMicroelectronics.X-CUBE-NFC9.1.0.0
2026-03-28 11:15:10,048 [WARN] PackLoader:240 - Cannot read IP mode file for wolfSSL.I-CUBE-wolfSSL.5.8.2
2026-03-28 11:15:10,059 [WARN] PackLoader:240 - Cannot read IP mode file for STMicroelectronics.X-CUBE-BLE1.7.1.0
2026-03-28 11:15:10,064 [WARN] PackLoader:240 - Cannot read IP mode file for wolfSSL.I-CUBE-wolfMQTT.1.19.2
2026-03-28 11:15:10,078 [WARN] PackLoader:240 - Cannot read IP mode file for STMicroelectronics.X-CUBE-FREERTOS.1.4.0
2026-03-28 11:15:10,100 [WARN] PackLoader:240 - Cannot read IP mode file for STMicroelectronics.X-CUBE-EEPRMA1.5.2.0
2026-03-28 11:15:10,118 [WARN] PackLoader:240 - Cannot read IP mode file for STMicroelectronics.X-CUBE-ST67W61.1.1.0
2026-03-28 11:15:10,219 [WARN] PackLoader:240 - Cannot read IP mode file for STMicroelectronics.X-CUBE-MEMS1.12.0.0
2026-03-28 11:15:10,349 [WARN] PackLoader:240 - Cannot read IP mode file for STMicroelectronics.X-CUBE-AZRTOS-G0.1.1.0
2026-03-28 11:15:10,367 [WARN] PackLoader:240 - Cannot read IP mode file for STMicroelectronics.X-CUBE-SAFEA1.1.2.2
2026-03-28 11:15:10,375 [WARN] PackLoader:240 - Cannot read IP mode file for STMicroelectronics.X-CUBE-NFC4.3.0.0
2026-03-28 11:15:10,390 [WARN] PackLoader:240 - Cannot read IP mode file for EmbeddedOffice.I-CUBE-FS-RTOS.1.0.1
2026-03-28 11:15:10,406 [WARN] PackLoader:240 - Cannot read IP mode file for STMicroelectronics.X-CUBE-WB05N.2.0.0
2026-03-28 11:15:10,418 [WARN] PackLoader:240 - Cannot read IP mode file for wolfSSL.I-CUBE-wolfTPM.3.8.0
2026-03-28 11:15:10,426 [WARN] PackLoader:240 - Cannot read IP mode file for STMicroelectronics.X-CUBE-TCPP.4.2.0
2026-03-28 11:15:10,433 [WARN] PackLoader:240 - Cannot read IP mode file for RealThread.X-CUBE-RT-Thread_Nano.4.1.1
2026-03-28 11:15:10,440 [WARN] PackLoader:240 - Cannot read IP mode file for STMicroelectronics.FP-ATR-SIGFOX1.3.2.0
2026-03-28 11:15:10,448 [WARN] PackLoader:240 - Cannot read IP mode file for STMicroelectronics.X-CUBE-FREERTOS.1.5.0
2026-03-28 11:15:10,454 [WARN] PackLoader:240 - Cannot read IP mode file for ITTIA_DB.I-CUBE-ITTIADB.8.9.0
2026-03-28 11:15:10,469 [WARN] PackLoader:240 - Cannot read IP mode file for STMicroelectronics.X-CUBE-NFC6.3.2.0
2026-03-28 11:15:10,488 [WARN] PackLoader:240 - Cannot read IP mode file for STMicroelectronics.X-CUBE-ST67W61.1.0.0
2026-03-28 11:15:10,497 [WARN] PackLoader:240 - Cannot read IP mode file for STMicroelectronics.X-CUBE-AI.10.2.0
2026-03-28 11:15:10,555 [WARN] PackLoader:240 - Cannot read IP mode file for SEGGER.I-CUBE-embOS.1.3.1
2026-03-28 11:15:10,637 [WARN] PackLoader:240 - Cannot read IP mode file for STMicroelectronics.X-CUBE-ALGOBUILD.1.4.0
2026-03-28 11:15:10,746 [WARN] PackLoader:240 - Cannot read IP mode file for STMicroelectronics.X-CUBE-MEMS1.11.3.0
2026-03-28 11:15:10,890 [WARN] PackLoader:240 - Cannot read IP mode file for STMicroelectronics.X-CUBE-PM33A1.1.0.0
2026-03-28 11:15:10,918 [WARN] PackLoader:240 - Cannot read IP mode file for STMicroelectronics.X-CUBE-AZRTOS-F4.1.1.0
2026-03-28 11:15:10,928 [WARN] PackLoader:240 - Cannot read IP mode file for Avnet-IotConnect.X-CUBE-IoTC-DA16k-PMOD.1.0.0
2026-03-28 11:15:10,932 [WARN] PackLoader:240 - Cannot read IP mode file for STMicroelectronics.X-CUBE-ISPU.2.1.0
2026-03-28 11:15:10,949 [WARN] PackLoader:240 - Cannot read IP mode file for STMicroelectronics.X-CUBE-IPS.3.2.0
2026-03-28 11:15:10,969 [WARN] PackLoader:240 - Cannot read IP mode file for STMicroelectronics.X-CUBE-NFC12.1.0.0
2026-03-28 11:15:11,002 [WARN] PackLoader:240 - Cannot read IP mode file for STMicroelectronics.X-CUBE-AZRTOS-L5.2.0.0
2026-03-28 11:15:11,019 [WARN] PackLoader:240 - Cannot read IP mode file for STMicroelectronics.X-CUBE-NFC6.3.1.0
2026-03-28 11:15:11,040 [WARN] PackLoader:240 - Cannot read IP mode file for STMicroelectronics.X-CUBE-FREERTOS.1.3.1
2026-03-28 11:15:11,047 [WARN] PackLoader:240 - Cannot read IP mode file for STMicroelectronics.X-CUBE-TOUCHGFX.4.26.0
2026-03-28 11:15:11,050 [WARN] PackLoader:240 - Cannot read IP mode file for STMicroelectronics.X-CUBE-TOUCHGFX.4.26.1
2026-03-28 11:15:11,056 [WARN] PackLoader:240 - Cannot read IP mode file for STMicroelectronics.FP-SNS-STAIOTCFT.1.0.0
2026-03-28 11:15:11,064 [WARN] PackLoader:240 - Cannot read IP mode file for STMicroelectronics.X-CUBE-DPower.1.3.0
2026-03-28 11:15:11,095 [WARN] ConditionMgr:438 - getConditionDescription Invalid condition id : LAN8742 Phy interface Condition cause : null
2026-03-28 11:15:11,097 [WARN] PackLoader:240 - Cannot read IP mode file for STMicroelectronics.X-CUBE-AZRTOS-L4.2.0.0
2026-03-28 11:15:11,102 [WARN] ConditionMgr:1044 - genDependencies : Invalid condition id : LAN8742 Phy interface Condition cause : null
2026-03-28 11:15:11,103 [WARN] ConditionMgr:1044 - genDependencies : Invalid condition id : LAN8742 Phy interface Condition cause : null
2026-03-28 11:15:11,104 [WARN] ConditionMgr:1044 - genDependencies : Invalid condition id : LAN8742 Phy interface Condition cause : null
2026-03-28 11:15:11,118 [WARN] PackLoader:240 - Cannot read IP mode file for STMicroelectronics.X-CUBE-SFXS2LP1.4.0.0
2026-03-28 11:15:11,130 [WARN] PackLoader:240 - Cannot read IP mode file for STMicroelectronics.X-CUBE-ST67W61.1.2.0
2026-03-28 11:15:11,161 [WARN] PackLoader:240 - Cannot read IP mode file for STMicroelectronics.X-CUBE-BLEMGR.4.1.0
2026-03-28 11:15:11,196 [WARN] ConditionMgr:438 - getConditionDescription Invalid condition id : UX DEVICE CLASS RTOS Condition cause : null
2026-03-28 11:15:11,197 [WARN] ConditionMgr:438 - getConditionDescription Invalid condition id : UX DEVICE CLASS RTOS Condition cause : null
2026-03-28 11:15:11,203 [WARN] PackLoader:240 - Cannot read IP mode file for STMicroelectronics.X-CUBE-AZRTOS-WB.2.0.0
2026-03-28 11:15:11,208 [WARN] ConditionMgr:1044 - genDependencies : Invalid condition id : UX DEVICE CLASS RTOS Condition cause : null
2026-03-28 11:15:11,208 [WARN] ConditionMgr:1044 - genDependencies : Invalid condition id : UX DEVICE CLASS RTOS Condition cause : null
2026-03-28 11:15:11,210 [WARN] ConditionMgr:1044 - genDependencies : Invalid condition id : UX DEVICE CLASS RTOS Condition cause : null
2026-03-28 11:15:11,211 [WARN] ConditionMgr:1044 - genDependencies : Invalid condition id : UX DEVICE CLASS RTOS Condition cause : null
2026-03-28 11:15:11,211 [WARN] ConditionMgr:1044 - genDependencies : Invalid condition id : UX DEVICE CLASS RTOS Condition cause : null
2026-03-28 11:15:11,224 [WARN] PackLoader:240 - Cannot read IP mode file for STMicroelectronics.X-CUBE-GNSS1.7.0.1
2026-03-28 11:15:11,229 [WARN] PackLoader:240 - Cannot read IP mode file for STMicroelectronics.X-CUBE-TOUCHGFX.4.25.0
2026-03-28 11:15:11,237 [WARN] ConditionMgr:438 - getConditionDescription Invalid condition id : Cortex-A Device cause : null
2026-03-28 11:15:11,254 [WARN] ConditionMgr:1044 - genDependencies : Invalid condition id : Cortex-A Device cause : null
2026-03-28 11:15:11,254 [WARN] ConditionMgr:1044 - genDependencies : Invalid condition id : Cortex-A Device cause : null
2026-03-28 11:15:11,254 [WARN] ConditionMgr:1044 - genDependencies : Invalid condition id : Cortex-A Device cause : null
2026-03-28 11:15:11,265 [WARN] PackLoader:240 - Cannot read IP mode file for STMicroelectronics.X-CUBE-STSE01.2.0.0
2026-03-28 11:15:11,286 [WARN] PackLoader:240 - Cannot read IP mode file for STMicroelectronics.X-CUBE-SUBG2.5.0.0
2026-03-28 11:15:11,329 [WARN] PackLoader:240 - Cannot read IP mode file for STMicroelectronics.X-CUBE-AZRTOS-H7RS.1.1.0
2026-03-28 11:15:11,343 [WARN] PackLoader:240 - Cannot read IP mode file for Cesanta.I-CUBE-Mongoose.7.13.0
2026-03-28 11:15:11,367 [WARN] PackLoader:240 - Cannot read IP mode file for STMicroelectronics.X-CUBE-AZRTOS-G4.2.0.0
2026-03-28 11:15:11,376 [WARN] PackLoader:240 - Cannot read IP mode file for wolfSSL.I-CUBE-wolfSSH.1.4.20
2026-03-28 11:15:11,384 [WARN] PackLoader:240 - Cannot read IP mode file for STMicroelectronics.X-CUBE-NFC7.2.0.0
2026-03-28 11:15:11,403 [WARN] PackLoader:240 - Cannot read IP mode file for STMicroelectronics.X-CUBE-IPS.3.1.0
2026-03-28 11:15:11,416 [WARN] PackLoader:240 - Cannot read IP mode file for STMicroelectronics.X-CUBE-ALS.1.0.2
2026-03-28 11:15:11,425 [WARN] PackLoader:240 - Cannot read IP mode file for STMicroelectronics.X-CUBE-STSE01.1.0.0
2026-03-28 11:15:11,445 [WARN] PackLoader:240 - Cannot read IP mode file for STMicroelectronics.X-CUBE-TOF1.3.4.3
2026-03-28 11:15:11,461 [INFO] ThirdParty:978 - Integrity check success = true
2026-03-28 11:15:11,461 [INFO] IntegrityCheckThread:100 - exiting critical section [integrity check]
2026-03-28 11:15:11,461 [INFO] IntegrityCheckThread:103 - End integrity checks thread
2026-03-28 11:15:13,357 [INFO] WebApp:169 - Instantiating new browser for Auth
2026-03-28 11:15:15,489 [INFO] WebApp:463 - Apply proxy settings
2026-03-28 11:15:15,506 [INFO] WebApp:508 - Chromium authenticates against Manually configured proxy
2026-03-28 11:15:15,530 [INFO] WebApp:516 - Username used for proxy authentication: 
2026-03-28 11:15:15,592 [INFO] WebApp:900 - Register for checkConnection events
2026-03-28 11:15:15,593 [INFO] WebApp:463 - Apply proxy settings
2026-03-28 11:15:15,599 [INFO] WebApp:508 - Chromium authenticates against Manually configured proxy
2026-03-28 11:15:15,599 [INFO] WebApp:516 - Username used for proxy authentication: 
2026-03-28 11:15:15,866 [INFO] WebApp:225 - Starting web application
2026-03-28 11:15:15,866 [INFO] WebApp:593 - Web application path used /Applications/STM32CubeIDE.app/Contents/Eclipse/plugins/com.st.stm32cube.common.mx_6.15.0.202507011659/db/plugins/mcufinder/reactClient1/index.html
2026-03-28 11:15:16,468 [INFO] WebApp:191 - Connection restablished
2026-03-28 11:15:17,018 [INFO] UserAuth:487 - Internet connection configuration mode: 1
2026-03-28 11:15:23,189 [ERROR] LogOutputStream:75 - [STDERR_REDIRECT] 
2026-03-28 11:17:15,030 [INFO] Activator:176 - 


2026-03-28 11:17:15,033 [INFO] Activator:177 - !SESSION log4j initialized
2026-03-28 11:17:22,691 [INFO] LogOutputStream:77 - [STDOUT_REDIRECT] 
2026-03-28 11:17:23,520 [ERROR] LogOutputStream:75 - [STDERR_REDIRECT] 
2026-03-28 11:17:27,414 [INFO] LogOutputStream:77 - [STDOUT_REDIRECT] 
2026-03-28 11:17:28,822 [INFO] ApplicationProperties:184 - Using Application install path: /Applications/STM32CubeIDE.app/Contents/Eclipse/plugins/com.st.stm32cube.common.mx_6.15.0.202507011659
2026-03-28 11:17:28,845 [INFO] DbMcusXml:78 - Set database path to: /Applications/STM32CubeIDE.app/Contents/Eclipse/plugins/com.st.stm32cube.common.mx_6.15.0.202507011659//db//mcu/
2026-03-28 11:17:28,845 [INFO] ApiDb:274 - Set plugin database path to: /Applications/STM32CubeIDE.app/Contents/Eclipse/plugins/com.st.stm32cube.common.mx_6.15.0.202507011659//db//plugins/boardmanager/
2026-03-28 11:17:28,846 [WARN] ApiDb:259 - Overriding images path with different value:  => /Applications/STM32CubeIDE.app/Contents/Eclipse/plugins/com.st.stm32cube.common.mx_6.15.0.202507011659//db//plugins/mcufinder/images/
2026-03-28 11:17:28,855 [INFO] ApiDb:250 - Set database path to: /Users/karthikkurapati/.stmcufinder/plugins/mcufinder//mcu/
2026-03-28 11:17:28,856 [INFO] DbMcusAds:125 - Set database path to: /Users/karthikkurapati/.stmcufinder/plugins/mcufinder//mcu/
2026-03-28 11:17:28,859 [INFO] CrossReferenceDbSqlite:203 - Set database path to: /Users/karthikkurapati/.stmcufinder/plugins/mcufinder//mcu/cs/
2026-03-28 11:17:29,081 [INFO] RulesReader:64 - Compatibility file has been processed (317 Rules)
2026-03-28 11:17:29,171 [INFO] DbMcusXml:78 - Set database path to: /Applications/STM32CubeIDE.app/Contents/Eclipse/plugins/com.st.stm32cube.common.mx_6.15.0.202507011659//db//mcu/
2026-03-28 11:17:29,171 [INFO] ApiDb:274 - Set plugin database path to: /Applications/STM32CubeIDE.app/Contents/Eclipse/plugins/com.st.stm32cube.common.mx_6.15.0.202507011659//db//plugins/boardmanager/
2026-03-28 11:17:29,171 [INFO] ApiDb:261 - Set plugin images path to: /Applications/STM32CubeIDE.app/Contents/Eclipse/plugins/com.st.stm32cube.common.mx_6.15.0.202507011659//db//plugins/mcufinder/images/
2026-03-28 11:17:29,172 [WARN] DbFile:41 - Overriding database path with different value: /Users/karthikkurapati/.stmcufinder/plugins/mcufinder/ => /Users/karthikkurapati/.stmcufinder/plugins/mcufinder
2026-03-28 11:17:29,173 [INFO] ApiDb:250 - Set database path to: /Users/karthikkurapati/.stmcufinder/plugins/mcufinder//mcu/
2026-03-28 11:17:29,173 [WARN] DbFile:41 - Overriding database path with different value: /Users/karthikkurapati/.stmcufinder/plugins/mcufinder/ => /Users/karthikkurapati/.stmcufinder/plugins/mcufinder
2026-03-28 11:17:29,173 [INFO] DbMcusAds:125 - Set database path to: /Users/karthikkurapati/.stmcufinder/plugins/mcufinder//mcu/
2026-03-28 11:17:29,173 [WARN] DbFile:41 - Overriding database path with different value: /Users/karthikkurapati/.stmcufinder/plugins/mcufinder/ => /Users/karthikkurapati/.stmcufinder/plugins/mcufinder
2026-03-28 11:17:29,173 [WARN] DbFile:41 - Overriding database path with different value: /Users/karthikkurapati/.stmcufinder/plugins/mcufinder/ => /Users/karthikkurapati/.stmcufinder/plugins/mcufinder
2026-03-28 11:17:29,173 [INFO] CrossReferenceDbSqlite:203 - Set database path to: /Users/karthikkurapati/.stmcufinder/plugins/mcufinder//mcu/cs/
2026-03-28 11:17:29,280 [INFO] MainPanel:274 - HeapMemory: 268435456
2026-03-28 11:17:29,616 [INFO] DbMcusXml:78 - Set database path to: /Applications/STM32CubeIDE.app/Contents/Eclipse/plugins/com.st.stm32cube.common.mx_6.15.0.202507011659//db//mcu/
2026-03-28 11:17:29,616 [INFO] ApiDb:274 - Set plugin database path to: /Applications/STM32CubeIDE.app/Contents/Eclipse/plugins/com.st.stm32cube.common.mx_6.15.0.202507011659//db//plugins/boardmanager/
2026-03-28 11:17:29,616 [INFO] ApiDb:261 - Set plugin images path to: /Applications/STM32CubeIDE.app/Contents/Eclipse/plugins/com.st.stm32cube.common.mx_6.15.0.202507011659//db//plugins/mcufinder/images/
2026-03-28 11:17:29,617 [WARN] DbFile:41 - Overriding database path with different value: /Users/karthikkurapati/.stmcufinder/plugins/mcufinder/ => /Users/karthikkurapati/.stmcufinder/plugins/mcufinder
2026-03-28 11:17:29,617 [INFO] ApiDb:250 - Set database path to: /Users/karthikkurapati/.stmcufinder/plugins/mcufinder//mcu/
2026-03-28 11:17:29,617 [WARN] DbFile:41 - Overriding database path with different value: /Users/karthikkurapati/.stmcufinder/plugins/mcufinder/ => /Users/karthikkurapati/.stmcufinder/plugins/mcufinder
2026-03-28 11:17:29,617 [INFO] DbMcusAds:125 - Set database path to: /Users/karthikkurapati/.stmcufinder/plugins/mcufinder//mcu/
2026-03-28 11:17:29,617 [WARN] DbFile:41 - Overriding database path with different value: /Users/karthikkurapati/.stmcufinder/plugins/mcufinder/ => /Users/karthikkurapati/.stmcufinder/plugins/mcufinder
2026-03-28 11:17:29,618 [WARN] DbFile:41 - Overriding database path with different value: /Users/karthikkurapati/.stmcufinder/plugins/mcufinder/ => /Users/karthikkurapati/.stmcufinder/plugins/mcufinder
2026-03-28 11:17:29,618 [INFO] CrossReferenceDbSqlite:203 - Set database path to: /Users/karthikkurapati/.stmcufinder/plugins/mcufinder//mcu/cs/
2026-03-28 11:17:29,642 [INFO] ApplicationProperties:184 - Using Application install path: /Applications/STM32CubeIDE.app/Contents/Eclipse/plugins/com.st.stm32cube.common.mx_6.15.0.202507011659
2026-03-28 11:17:29,644 [INFO] PluginManage:196 - Search for loadable plugins [exclusion list=, ]
2026-03-28 11:17:29,646 [INFO] PluginManage:310 - Check plugin analytics
2026-03-28 11:17:29,930 [INFO] AnalyticsPlugin:253 - Accepted Software Licenses: 
2026-03-28 11:17:29,930 [INFO] AnalyticsPlugin:255 - Accepted CMSIS Pack Licenses: 
2026-03-28 11:17:29,930 [INFO] AnalyticsPlugin:257 - Accepted Firmware Licenses: FW.L4.1.18.0
2026-03-28 11:17:29,942 [INFO] PluginManage:359 - Loaded plugin analytics (category:tool,tabindex:-1)
2026-03-28 11:17:29,944 [INFO] PluginManage:310 - Check plugin cadmodel
2026-03-28 11:17:29,963 [INFO] CADModel:105 - Init CAD model plugin
2026-03-28 11:17:29,963 [INFO] PluginManage:359 - Loaded plugin cadmodel (category:power,tabindex:5)
2026-03-28 11:17:29,964 [INFO] PluginManage:310 - Check plugin clock
2026-03-28 11:17:29,981 [INFO] PluginManage:359 - Loaded plugin clock (category:base,tabindex:2)
2026-03-28 11:17:29,981 [INFO] PluginManage:310 - Check plugin ddr
2026-03-28 11:17:29,984 [INFO] PluginManage:359 - Loaded plugin ddr (category:tool,tabindex:6)
2026-03-28 11:17:29,985 [INFO] PluginManage:310 - Check plugin filemanager
2026-03-28 11:17:30,265 [INFO] PluginManage:359 - Loaded plugin filemanager (category:base,tabindex:10)
2026-03-28 11:17:30,265 [INFO] PluginManage:310 - Check plugin ipmanager
2026-03-28 11:17:30,275 [INFO] PluginManage:359 - Loaded plugin ipmanager (category:base,tabindex:5)
2026-03-28 11:17:30,276 [INFO] PluginManage:310 - Check plugin lpbam
2026-03-28 11:17:30,295 [INFO] PluginManage:359 - Loaded plugin lpbam (category:base,tabindex:0)
2026-03-28 11:17:30,295 [INFO] PluginManage:310 - Check plugin memorymap
2026-03-28 11:17:30,316 [INFO] PluginManage:359 - Loaded plugin memorymap (category:base,tabindex:4)
2026-03-28 11:17:30,316 [INFO] PluginManage:310 - Check plugin pinoutandconfiguration
2026-03-28 11:17:30,327 [INFO] PluginManage:359 - Loaded plugin pinoutandconfiguration (category:base,tabindex:1)
2026-03-28 11:17:30,328 [INFO] PluginManage:310 - Check plugin pinoutconfig
2026-03-28 11:17:30,475 [WARN] SupportedApi:132 - Cannot load RTOS API schema: s4s-elt-must-match.1: The content of 'definitions' must match (annotation?, (simpleType | complexType)?, (unique | key | keyref)*)). A problem was found starting at: attribute.
2026-03-28 11:17:30,720 [INFO] PluginManage:359 - Loaded plugin pinoutconfig (category:base,tabindex:0)
2026-03-28 11:17:30,721 [INFO] PluginManage:310 - Check plugin power
2026-03-28 11:17:30,738 [INFO] PluginManage:359 - Loaded plugin power (category:power,tabindex:4)
2026-03-28 11:17:30,738 [INFO] PluginManage:310 - Check plugin projectmanager
2026-03-28 11:17:30,784 [INFO] PluginManage:359 - Loaded plugin projectmanager (category:projectmanager,tabindex:4)
2026-03-28 11:17:30,784 [INFO] PluginManage:310 - Check plugin rif
2026-03-28 11:17:30,796 [INFO] PluginManage:359 - Loaded plugin rif (category:base,tabindex:3)
2026-03-28 11:17:30,797 [INFO] PluginManage:310 - Check plugin thirdparty
2026-03-28 11:17:31,055 [INFO] PluginManage:359 - Loaded plugin thirdparty (category:base,tabindex:-1)
2026-03-28 11:17:31,055 [WARN] IntegrityCheckThread:84 - waiting for thirdparty lock release [integrity check]
2026-03-28 11:17:31,056 [INFO] PluginManage:310 - Check plugin tools
2026-03-28 11:17:31,057 [INFO] IntegrityCheckThread:86 - entering critical section [integrity check]
2026-03-28 11:17:31,057 [INFO] ThirdPartyUpdaterWithRetryManager:70 - Updater plugin not ready yet. [1/15]
2026-03-28 11:17:31,059 [INFO] PluginManage:359 - Loaded plugin tools (category:base,tabindex:7)
2026-03-28 11:17:31,060 [INFO] PluginManage:310 - Check plugin tutovideos
2026-03-28 11:17:31,388 [INFO] PluginManage:359 - Loaded plugin tutovideos (category:base,tabindex:-1)
2026-03-28 11:17:31,389 [INFO] PluginManage:310 - Check plugin updater
2026-03-28 11:17:31,444 [INFO] PluginManage:359 - Loaded plugin updater (category:base,tabindex:12)
2026-03-28 11:17:31,445 [INFO] PluginManage:310 - Check plugin userauth
2026-03-28 11:17:31,459 [INFO] UserAuth:118 - Init User Auth plugin
2026-03-28 11:17:31,463 [INFO] PluginManage:359 - Loaded plugin userauth (category:base,tabindex:14)
2026-03-28 11:17:31,466 [INFO] PluginManage:283 - PluginManage : Loaded plugins [18]
2026-03-28 11:17:31,967 [INFO] PinOutPanel:1589 - setPackage(No Configuration,No Configuration)
2026-03-28 11:17:32,120 [INFO] CADModel:165 - CPN selected for project level
2026-03-28 11:17:32,121 [INFO] CADModel:114 - Register for checkConnection events
2026-03-28 11:17:32,143 [INFO] IPUIPlugin:80 - create IPUIPlugin
2026-03-28 11:17:32,144 [INFO] PluginManager:220 - loadIPPluginJar : add mdma
2026-03-28 11:17:32,154 [INFO] IPUIPlugin:80 - create IPUIPlugin
2026-03-28 11:17:32,154 [INFO] PluginManager:220 - loadIPPluginJar : add freertos
2026-03-28 11:17:32,161 [INFO] IPUIPlugin:80 - create IPUIPlugin
2026-03-28 11:17:32,161 [INFO] PluginManager:220 - loadIPPluginJar : add gic
2026-03-28 11:17:32,174 [INFO] IPUIPlugin:80 - create IPUIPlugin
2026-03-28 11:17:32,175 [INFO] PluginManager:220 - loadIPPluginJar : add adc
2026-03-28 11:17:32,178 [INFO] IPUIPlugin:80 - create IPUIPlugin
2026-03-28 11:17:32,178 [INFO] PluginManager:220 - loadIPPluginJar : add gtzc
2026-03-28 11:17:32,179 [INFO] IPUIPlugin:80 - create IPUIPlugin
2026-03-28 11:17:32,180 [INFO] PluginManager:220 - loadIPPluginJar : add quadspi
2026-03-28 11:17:32,182 [INFO] IPUIPlugin:80 - create IPUIPlugin
2026-03-28 11:17:32,182 [INFO] PluginManager:220 - loadIPPluginJar : add aes
2026-03-28 11:17:32,186 [INFO] IPUIPlugin:80 - create IPUIPlugin
2026-03-28 11:17:32,186 [INFO] PluginManager:220 - loadIPPluginJar : add pdm2pcm
2026-03-28 11:17:32,189 [INFO] IPUIPlugin:80 - create IPUIPlugin
2026-03-28 11:17:32,189 [INFO] PluginManager:220 - loadIPPluginJar : add hash
2026-03-28 11:17:32,191 [INFO] IPUIPlugin:80 - create IPUIPlugin
2026-03-28 11:17:32,191 [INFO] PluginManager:220 - loadIPPluginJar : add tim
2026-03-28 11:17:32,193 [INFO] IPUIPlugin:80 - create IPUIPlugin
2026-03-28 11:17:32,193 [INFO] PluginManager:220 - loadIPPluginJar : add tsc
2026-03-28 11:17:32,197 [INFO] IPUIPlugin:80 - create IPUIPlugin
2026-03-28 11:17:32,198 [INFO] PluginManager:220 - loadIPPluginJar : add extmemmanager
2026-03-28 11:17:32,201 [INFO] IPUIPlugin:80 - create IPUIPlugin
2026-03-28 11:17:32,201 [INFO] PluginManager:220 - loadIPPluginJar : add ts
2026-03-28 11:17:32,203 [INFO] IPUIPlugin:80 - create IPUIPlugin
2026-03-28 11:17:32,203 [INFO] PluginManager:220 - loadIPPluginJar : add radio
2026-03-28 11:17:32,209 [INFO] IPUIPlugin:80 - create IPUIPlugin
2026-03-28 11:17:32,209 [INFO] PluginManager:220 - loadIPPluginJar : add can
2026-03-28 11:17:32,217 [INFO] IPUIPlugin:80 - create IPUIPlugin
2026-03-28 11:17:32,217 [INFO] PluginManager:220 - loadIPPluginJar : add dma3
2026-03-28 11:17:32,220 [INFO] IPUIPlugin:80 - create IPUIPlugin
2026-03-28 11:17:32,220 [INFO] PluginManager:220 - loadIPPluginJar : add dfsdm
2026-03-28 11:17:32,225 [INFO] IPUIPlugin:80 - create IPUIPlugin
2026-03-28 11:17:32,225 [INFO] PluginManager:220 - loadIPPluginJar : add spi
2026-03-28 11:17:32,228 [INFO] IPUIPlugin:80 - create IPUIPlugin
2026-03-28 11:17:32,229 [INFO] PluginManager:220 - loadIPPluginJar : add gfxmmu
2026-03-28 11:17:32,232 [INFO] IPUIPlugin:80 - create IPUIPlugin
2026-03-28 11:17:32,233 [INFO] PluginManager:220 - loadIPPluginJar : add genericplugin
2026-03-28 11:17:32,236 [INFO] IPUIPlugin:80 - create IPUIPlugin
2026-03-28 11:17:32,236 [INFO] PluginManager:220 - loadIPPluginJar : add cryp
2026-03-28 11:17:32,241 [INFO] IPUIPlugin:80 - create IPUIPlugin
2026-03-28 11:17:32,242 [INFO] PluginManager:220 - loadIPPluginJar : add gpio
2026-03-28 11:17:32,247 [INFO] IPUIPlugin:80 - create IPUIPlugin
2026-03-28 11:17:32,247 [INFO] PluginManager:220 - loadIPPluginJar : add ddr_ctrl_phy
2026-03-28 11:17:32,250 [INFO] IPUIPlugin:80 - create IPUIPlugin
2026-03-28 11:17:32,251 [INFO] PluginManager:220 - loadIPPluginJar : add comp
2026-03-28 11:17:32,255 [INFO] IPUIPlugin:80 - create IPUIPlugin
2026-03-28 11:17:32,257 [INFO] PluginManager:220 - loadIPPluginJar : add tracer_emb
2026-03-28 11:17:32,261 [INFO] IPUIPlugin:80 - create IPUIPlugin
2026-03-28 11:17:32,261 [INFO] PluginManager:220 - loadIPPluginJar : add openamp
2026-03-28 11:17:32,269 [INFO] IPUIPlugin:80 - create IPUIPlugin
2026-03-28 11:17:32,269 [INFO] PluginManager:220 - loadIPPluginJar : add stm32_wpan
2026-03-28 11:17:32,277 [INFO] IPUIPlugin:80 - create IPUIPlugin
2026-03-28 11:17:32,283 [INFO] PluginManager:220 - loadIPPluginJar : add plateformsettings
2026-03-28 11:17:32,289 [INFO] IPUIPlugin:80 - create IPUIPlugin
2026-03-28 11:17:32,289 [INFO] PluginManager:220 - loadIPPluginJar : add ipddr
2026-03-28 11:17:32,293 [INFO] IPUIPlugin:80 - create IPUIPlugin
2026-03-28 11:17:32,294 [INFO] PluginManager:220 - loadIPPluginJar : add usart
2026-03-28 11:17:32,295 [INFO] IPUIPlugin:80 - create IPUIPlugin
2026-03-28 11:17:32,295 [INFO] PluginManager:220 - loadIPPluginJar : add ltdc
2026-03-28 11:17:32,299 [INFO] IPUIPlugin:80 - create IPUIPlugin
2026-03-28 11:17:32,300 [INFO] PluginManager:220 - loadIPPluginJar : add nvic
2026-03-28 11:17:32,301 [INFO] IPUIPlugin:80 - create IPUIPlugin
2026-03-28 11:17:32,301 [INFO] PluginManager:220 - loadIPPluginJar : add fatfs
2026-03-28 11:17:32,311 [INFO] IPUIPlugin:80 - create IPUIPlugin
2026-03-28 11:17:32,311 [INFO] PluginManager:220 - loadIPPluginJar : add linkedlist
2026-03-28 11:17:32,322 [INFO] IPUIPlugin:80 - create IPUIPlugin
2026-03-28 11:17:32,322 [INFO] PluginManager:220 - loadIPPluginJar : add dma
2026-03-28 11:17:32,328 [INFO] IPUIPlugin:80 - create IPUIPlugin
2026-03-28 11:17:32,328 [INFO] PluginManager:220 - loadIPPluginJar : add fmc
2026-03-28 11:17:32,331 [INFO] IPUIPlugin:80 - create IPUIPlugin
2026-03-28 11:17:32,331 [INFO] PluginManager:220 - loadIPPluginJar : add i2s
2026-03-28 11:17:32,333 [INFO] IPUIPlugin:80 - create IPUIPlugin
2026-03-28 11:17:32,334 [INFO] PluginManager:220 - loadIPPluginJar : add ucpd
2026-03-28 11:17:32,336 [INFO] IPUIPlugin:80 - create IPUIPlugin
2026-03-28 11:17:32,336 [INFO] PluginManager:220 - loadIPPluginJar : add lorawan
2026-03-28 11:17:32,339 [INFO] IPUIPlugin:80 - create IPUIPlugin
2026-03-28 11:17:32,339 [INFO] PluginManager:220 - loadIPPluginJar : add opamp
2026-03-28 11:17:32,344 [INFO] IPUIPlugin:80 - create IPUIPlugin
2026-03-28 11:17:32,344 [INFO] PluginManager:220 - loadIPPluginJar : add i3c
2026-03-28 11:17:32,349 [INFO] IPUIPlugin:80 - create IPUIPlugin
2026-03-28 11:17:32,349 [INFO] PluginManager:220 - loadIPPluginJar : add touchsensing
2026-03-28 11:17:32,353 [INFO] IPUIPlugin:80 - create IPUIPlugin
2026-03-28 11:17:32,353 [INFO] PluginManager:220 - loadIPPluginJar : add i2c
2026-03-28 11:17:32,357 [INFO] IPUIPlugin:80 - create IPUIPlugin
2026-03-28 11:17:32,357 [INFO] PluginManager:220 - loadIPPluginJar : add resmgrutility
2026-03-28 11:17:32,363 [INFO] IPUIPlugin:80 - create IPUIPlugin
2026-03-28 11:17:32,364 [INFO] PluginManager:220 - loadIPPluginJar : add sai
2026-03-28 11:17:32,371 [INFO] IPUIPlugin:80 - create IPUIPlugin
2026-03-28 11:17:32,372 [INFO] PluginManager:220 - loadIPPluginJar : add usbx
2026-03-28 11:17:32,545 [FATAL] Updater:351 - Updater called before beeing initialized
2026-03-28 11:17:32,665 [INFO] RulesReader:64 - Compatibility file has been processed (317 Rules)
2026-03-28 11:17:32,699 [INFO] RulesReader:64 - Compatibility file has been processed (317 Rules)
2026-03-28 11:17:32,729 [INFO] CADModel:165 - CPN selected for project level
2026-03-28 11:17:32,729 [INFO] CADModel:114 - Register for checkConnection events
2026-03-28 11:17:32,729 [FATAL] Updater:351 - Updater called before beeing initialized
2026-03-28 11:17:32,729 [ERROR] CADModel:125 - Updater not yet initialized, retry later 
2026-03-28 11:17:33,184 [FATAL] Updater:351 - Updater called before beeing initialized
2026-03-28 11:17:33,188 [INFO] CADModel:165 - CPN selected for project level
2026-03-28 11:17:33,188 [INFO] CADModel:114 - Register for checkConnection events
2026-03-28 11:17:33,188 [FATAL] Updater:351 - Updater called before beeing initialized
2026-03-28 11:17:33,189 [ERROR] CADModel:125 - Updater not yet initialized, retry later 
2026-03-28 11:17:33,195 [FATAL] Updater:351 - Updater called before beeing initialized
2026-03-28 11:17:33,609 [FATAL] Updater:351 - Updater called before beeing initialized
2026-03-28 11:17:33,618 [INFO] DbMcusAds:53 - JSON generation date=Thu Jan 08 09:57:51 CST 2026 (1767887871456)
2026-03-28 11:17:33,621 [FATAL] Updater:351 - Updater called before beeing initialized
2026-03-28 11:17:33,729 [WARN] DetailPanel:346 - Failed to get advertising image, set to default
2026-03-28 11:17:34,114 [INFO] ThirdPartyUpdaterWithRetryManager:70 - Updater plugin not ready yet. [2/15]
2026-03-28 11:17:34,292 [FATAL] Updater:351 - Updater called before beeing initialized
2026-03-28 11:17:34,346 [FATAL] Updater:351 - Updater called before beeing initialized
2026-03-28 11:17:34,346 [FATAL] Updater:351 - Updater called before beeing initialized
2026-03-28 11:17:34,350 [WARN] DetailPanel:346 - Failed to get advertising image, set to default
2026-03-28 11:17:34,401 [FATAL] Updater:351 - Updater called before beeing initialized
2026-03-28 11:17:34,676 [ERROR] Updater:1198 - MainUpdater not yet initialized. External WinMGr cannot be set.
2026-03-28 11:17:34,695 [INFO] Updater:1134 - Updater Version found : 6.15.0
2026-03-28 11:17:34,719 [INFO] ApplicationProperties:184 - Using Application install path: /Applications/STM32CubeIDE.app/Contents/Eclipse/plugins/com.st.stm32cube.common.mx_6.15.0.202507011659
2026-03-28 11:17:35,390 [INFO] MainUpdater:2872 - connection check result : 10
2026-03-28 11:17:35,392 [INFO] MainUpdater:289 - Updater Check For Update Now.
2026-03-28 11:17:35,392 [INFO] MicroXplorer:498 - Change Database Version : DB.6.0.150
2026-03-28 11:17:35,412 [INFO] McuFinderGlobals:63 - Set McuFinder mode to 2 (CubeIDE integrated)
2026-03-28 11:17:35,414 [INFO] UserAuth:487 - Internet connection configuration mode: 1
2026-03-28 11:17:35,434 [INFO] JxBrowserEngine:152 - Initiate JxBrowser Engine with user profile folder
2026-03-28 11:17:35,723 [INFO] CheckServerUpdateThread:120 - End of CheckServer Thread
2026-03-28 11:17:37,537 [WARN] PackLoader:240 - Cannot read IP mode file for STMicroelectronics.X-CUBE-AZRTOS-H7.3.5.0
2026-03-28 11:17:37,590 [WARN] PackLoader:240 - Cannot read IP mode file for STMicroelectronics.FP-SNS-MOTENVWB1.1.4.0
2026-03-28 11:17:37,609 [WARN] PackLoader:240 - Cannot read IP mode file for STMicroelectronics.FP-ATR-ASTRA1.2.0.2
2026-03-28 11:17:37,621 [WARN] PackLoader:240 - Cannot read IP mode file for STMicroelectronics.X-CUBE-SMBUS.2.1.0
2026-03-28 11:17:37,636 [WARN] PackLoader:240 - Cannot read IP mode file for STMicroelectronics.X-CUBE-ST60.1.0.0
2026-03-28 11:17:37,693 [WARN] PackLoader:240 - Cannot read IP mode file for STMicroelectronics.X-CUBE-AZRTOS-F7.1.1.0
2026-03-28 11:17:37,716 [WARN] PackLoader:240 - Cannot read IP mode file for STMicroelectronics.FP-SNS-MOTENV1.5.1.0
2026-03-28 11:17:37,739 [WARN] PackLoader:240 - Cannot read IP mode file for WES.I-CUBE-Cesium.1.4.0
2026-03-28 11:17:37,830 [WARN] PackLoader:240 - Cannot read IP mode file for Infineon.AIROC-Wi-Fi-Bluetooth-STM32.1.7.1
2026-03-28 11:17:37,917 [WARN] PackLoader:240 - Cannot read IP mode file for STMicroelectronics.X-CUBE-AZRTOS-H7.3.4.0
2026-03-28 11:17:37,961 [WARN] PackLoader:240 - Cannot read IP mode file for STMicroelectronics.X-CUBE-DISPLAY.3.0.0
2026-03-28 11:17:37,976 [WARN] PackLoader:240 - Cannot read IP mode file for STMicroelectronics.FP-SNS-MOTENVWB1.1.5.0
2026-03-28 11:17:38,045 [WARN] PackLoader:240 - Cannot read IP mode file for STMicroelectronics.X-CUBE-NFC10.1.0.0
2026-03-28 11:17:38,413 [WARN] PackLoader:240 - Cannot read IP mode file for STMicroelectronics.X-CUBE-ST60.1.1.0
2026-03-28 11:17:38,468 [WARN] PackLoader:240 - Cannot read IP mode file for emotas.I-CUBE-CANOPEN.1.3.0
2026-03-28 11:17:38,506 [WARN] PackLoader:240 - Cannot read IP mode file for STMicroelectronics.X-CUBE-GNSS1.7.1.0
2026-03-28 11:17:38,532 [WARN] PackLoader:240 - Cannot read IP mode file for STMicroelectronics.FP-SNS-STBOX1.2.1.0
2026-03-28 11:17:38,556 [WARN] PackLoader:240 - Cannot read IP mode file for STMicroelectronics.FP-SNS-SMARTAG2.1.2.0
2026-03-28 11:17:38,566 [WARN] PackLoader:240 - Cannot read IP mode file for STMicroelectronics.FP-SNS-FLIGHT1.5.1.0
2026-03-28 11:17:38,586 [INFO] LogOutputStream:77 - [STDOUT_REDIRECT] 1 : Invalid condition id : UX_CORESTACK_Condition cause : null
2026-03-28 11:17:38,595 [INFO] LogOutputStream:77 - [STDOUT_REDIRECT] 1 : Invalid condition id : UX_CORESTACK_Condition cause : null
2026-03-28 11:17:38,596 [INFO] LogOutputStream:77 - [STDOUT_REDIRECT] 1 : Invalid condition id : UX_CORESTACK_Condition cause : null
2026-03-28 11:17:38,596 [INFO] LogOutputStream:77 - [STDOUT_REDIRECT] 1 : Invalid condition id : UX_CORESTACK_Condition cause : null
2026-03-28 11:17:38,596 [INFO] LogOutputStream:77 - [STDOUT_REDIRECT] 1 : Invalid condition id : UX_CORESTACK_Condition cause : null
2026-03-28 11:17:38,605 [WARN] PackLoader:240 - Cannot read IP mode file for STMicroelectronics.X-CUBE-AZRTOS-WL.2.0.0
2026-03-28 11:17:38,615 [WARN] PackLoader:240 - Cannot read IP mode file for STMicroelectronics.FP-SNS-MOTENV1.5.0.0
2026-03-28 11:17:38,652 [WARN] PackLoader:240 - Cannot read IP mode file for STMicroelectronics.X-CUBE-AZRTOS-H7RS.1.2.0
2026-03-28 11:17:38,684 [WARN] PackLoader:240 - Cannot read IP mode file for STMicroelectronics.X-CUBE-BLE2.3.3.0
2026-03-28 11:17:38,792 [WARN] PackLoader:240 - Cannot read IP mode file for STMicroelectronics.X-CUBE-NFC9.1.0.0
2026-03-28 11:17:38,807 [WARN] PackLoader:240 - Cannot read IP mode file for wolfSSL.I-CUBE-wolfSSL.5.8.2
2026-03-28 11:17:38,820 [WARN] PackLoader:240 - Cannot read IP mode file for STMicroelectronics.X-CUBE-BLE1.7.1.0
2026-03-28 11:17:38,836 [WARN] PackLoader:240 - Cannot read IP mode file for wolfSSL.I-CUBE-wolfMQTT.1.19.2
2026-03-28 11:17:38,857 [WARN] PackLoader:240 - Cannot read IP mode file for STMicroelectronics.X-CUBE-FREERTOS.1.4.0
2026-03-28 11:17:38,868 [WARN] PackLoader:240 - Cannot read IP mode file for STMicroelectronics.X-CUBE-EEPRMA1.5.2.0
2026-03-28 11:17:38,883 [WARN] PackLoader:240 - Cannot read IP mode file for STMicroelectronics.X-CUBE-ST67W61.1.1.0
2026-03-28 11:17:39,022 [WARN] PackLoader:240 - Cannot read IP mode file for STMicroelectronics.X-CUBE-MEMS1.12.0.0
2026-03-28 11:17:39,195 [WARN] PackLoader:240 - Cannot read IP mode file for STMicroelectronics.X-CUBE-AZRTOS-G0.1.1.0
2026-03-28 11:17:39,216 [WARN] PackLoader:240 - Cannot read IP mode file for STMicroelectronics.X-CUBE-SAFEA1.1.2.2
2026-03-28 11:17:39,226 [WARN] PackLoader:240 - Cannot read IP mode file for STMicroelectronics.X-CUBE-NFC4.3.0.0
2026-03-28 11:17:39,273 [WARN] PackLoader:240 - Cannot read IP mode file for EmbeddedOffice.I-CUBE-FS-RTOS.1.0.1
2026-03-28 11:17:39,292 [WARN] PackLoader:240 - Cannot read IP mode file for STMicroelectronics.X-CUBE-WB05N.2.0.0
2026-03-28 11:17:39,302 [WARN] PackLoader:240 - Cannot read IP mode file for wolfSSL.I-CUBE-wolfTPM.3.8.0
2026-03-28 11:17:39,313 [WARN] PackLoader:240 - Cannot read IP mode file for STMicroelectronics.X-CUBE-TCPP.4.2.0
2026-03-28 11:17:39,323 [WARN] PackLoader:240 - Cannot read IP mode file for RealThread.X-CUBE-RT-Thread_Nano.4.1.1
2026-03-28 11:17:39,328 [WARN] PackLoader:240 - Cannot read IP mode file for STMicroelectronics.FP-ATR-SIGFOX1.3.2.0
2026-03-28 11:17:39,336 [WARN] PackLoader:240 - Cannot read IP mode file for STMicroelectronics.X-CUBE-FREERTOS.1.5.0
2026-03-28 11:17:39,345 [WARN] PackLoader:240 - Cannot read IP mode file for ITTIA_DB.I-CUBE-ITTIADB.8.9.0
2026-03-28 11:17:39,359 [WARN] PackLoader:240 - Cannot read IP mode file for STMicroelectronics.X-CUBE-NFC6.3.2.0
2026-03-28 11:17:39,392 [WARN] PackLoader:240 - Cannot read IP mode file for STMicroelectronics.X-CUBE-ST67W61.1.0.0
2026-03-28 11:17:39,417 [WARN] PackLoader:240 - Cannot read IP mode file for STMicroelectronics.X-CUBE-AI.10.2.0
2026-03-28 11:17:39,579 [WARN] PackLoader:240 - Cannot read IP mode file for SEGGER.I-CUBE-embOS.1.3.1
2026-03-28 11:17:39,702 [WARN] PackLoader:240 - Cannot read IP mode file for STMicroelectronics.X-CUBE-ALGOBUILD.1.4.0
2026-03-28 11:17:39,878 [WARN] PackLoader:240 - Cannot read IP mode file for STMicroelectronics.X-CUBE-MEMS1.11.3.0
2026-03-28 11:17:40,012 [INFO] WebApp:169 - Instantiating new browser for Auth
2026-03-28 11:17:40,070 [WARN] PackLoader:240 - Cannot read IP mode file for STMicroelectronics.X-CUBE-PM33A1.1.0.0
2026-03-28 11:17:40,136 [WARN] PackLoader:240 - Cannot read IP mode file for STMicroelectronics.X-CUBE-AZRTOS-F4.1.1.0
2026-03-28 11:17:40,156 [WARN] PackLoader:240 - Cannot read IP mode file for Avnet-IotConnect.X-CUBE-IoTC-DA16k-PMOD.1.0.0
2026-03-28 11:17:40,163 [WARN] PackLoader:240 - Cannot read IP mode file for STMicroelectronics.X-CUBE-ISPU.2.1.0
2026-03-28 11:17:40,187 [WARN] PackLoader:240 - Cannot read IP mode file for STMicroelectronics.X-CUBE-IPS.3.2.0
2026-03-28 11:17:40,209 [WARN] PackLoader:240 - Cannot read IP mode file for STMicroelectronics.X-CUBE-NFC12.1.0.0
2026-03-28 11:17:40,246 [WARN] PackLoader:240 - Cannot read IP mode file for STMicroelectronics.X-CUBE-AZRTOS-L5.2.0.0
2026-03-28 11:17:40,264 [WARN] PackLoader:240 - Cannot read IP mode file for STMicroelectronics.X-CUBE-NFC6.3.1.0
2026-03-28 11:17:40,280 [WARN] PackLoader:240 - Cannot read IP mode file for STMicroelectronics.X-CUBE-FREERTOS.1.3.1
2026-03-28 11:17:40,286 [WARN] PackLoader:240 - Cannot read IP mode file for STMicroelectronics.X-CUBE-TOUCHGFX.4.26.0
2026-03-28 11:17:40,288 [WARN] PackLoader:240 - Cannot read IP mode file for STMicroelectronics.X-CUBE-TOUCHGFX.4.26.1
2026-03-28 11:17:40,295 [WARN] PackLoader:240 - Cannot read IP mode file for STMicroelectronics.FP-SNS-STAIOTCFT.1.0.0
2026-03-28 11:17:40,304 [WARN] PackLoader:240 - Cannot read IP mode file for STMicroelectronics.X-CUBE-DPower.1.3.0
2026-03-28 11:17:40,338 [WARN] ConditionMgr:438 - getConditionDescription Invalid condition id : LAN8742 Phy interface Condition cause : null
2026-03-28 11:17:40,340 [WARN] PackLoader:240 - Cannot read IP mode file for STMicroelectronics.X-CUBE-AZRTOS-L4.2.0.0
2026-03-28 11:17:40,445 [WARN] ConditionMgr:1044 - genDependencies : Invalid condition id : LAN8742 Phy interface Condition cause : null
2026-03-28 11:17:40,672 [WARN] ConditionMgr:1044 - genDependencies : Invalid condition id : LAN8742 Phy interface Condition cause : null
2026-03-28 11:17:40,698 [WARN] ConditionMgr:1044 - genDependencies : Invalid condition id : LAN8742 Phy interface Condition cause : null
2026-03-28 11:17:41,048 [WARN] PackLoader:240 - Cannot read IP mode file for STMicroelectronics.X-CUBE-SFXS2LP1.4.0.0
2026-03-28 11:17:41,094 [WARN] PackLoader:240 - Cannot read IP mode file for STMicroelectronics.X-CUBE-ST67W61.1.2.0
2026-03-28 11:17:41,123 [WARN] PackLoader:240 - Cannot read IP mode file for STMicroelectronics.X-CUBE-BLEMGR.4.1.0
2026-03-28 11:17:41,157 [WARN] ConditionMgr:438 - getConditionDescription Invalid condition id : UX DEVICE CLASS RTOS Condition cause : null
2026-03-28 11:17:41,157 [WARN] ConditionMgr:438 - getConditionDescription Invalid condition id : UX DEVICE CLASS RTOS Condition cause : null
2026-03-28 11:17:41,164 [WARN] PackLoader:240 - Cannot read IP mode file for STMicroelectronics.X-CUBE-AZRTOS-WB.2.0.0
2026-03-28 11:17:41,166 [WARN] ConditionMgr:1044 - genDependencies : Invalid condition id : UX DEVICE CLASS RTOS Condition cause : null
2026-03-28 11:17:41,166 [WARN] ConditionMgr:1044 - genDependencies : Invalid condition id : UX DEVICE CLASS RTOS Condition cause : null
2026-03-28 11:17:41,168 [WARN] ConditionMgr:1044 - genDependencies : Invalid condition id : UX DEVICE CLASS RTOS Condition cause : null
2026-03-28 11:17:41,169 [WARN] ConditionMgr:1044 - genDependencies : Invalid condition id : UX DEVICE CLASS RTOS Condition cause : null
2026-03-28 11:17:41,170 [WARN] ConditionMgr:1044 - genDependencies : Invalid condition id : UX DEVICE CLASS RTOS Condition cause : null
2026-03-28 11:17:41,191 [WARN] PackLoader:240 - Cannot read IP mode file for STMicroelectronics.X-CUBE-GNSS1.7.0.1
2026-03-28 11:17:41,199 [WARN] PackLoader:240 - Cannot read IP mode file for STMicroelectronics.X-CUBE-TOUCHGFX.4.25.0
2026-03-28 11:17:41,210 [WARN] ConditionMgr:438 - getConditionDescription Invalid condition id : Cortex-A Device cause : null
2026-03-28 11:17:41,259 [WARN] ConditionMgr:1044 - genDependencies : Invalid condition id : Cortex-A Device cause : null
2026-03-28 11:17:41,260 [WARN] ConditionMgr:1044 - genDependencies : Invalid condition id : Cortex-A Device cause : null
2026-03-28 11:17:41,260 [WARN] ConditionMgr:1044 - genDependencies : Invalid condition id : Cortex-A Device cause : null
2026-03-28 11:17:41,271 [WARN] PackLoader:240 - Cannot read IP mode file for STMicroelectronics.X-CUBE-STSE01.2.0.0
2026-03-28 11:17:41,289 [WARN] PackLoader:240 - Cannot read IP mode file for STMicroelectronics.X-CUBE-SUBG2.5.0.0
2026-03-28 11:17:41,328 [WARN] PackLoader:240 - Cannot read IP mode file for STMicroelectronics.X-CUBE-AZRTOS-H7RS.1.1.0
2026-03-28 11:17:41,348 [WARN] PackLoader:240 - Cannot read IP mode file for Cesanta.I-CUBE-Mongoose.7.13.0
2026-03-28 11:17:41,409 [WARN] PackLoader:240 - Cannot read IP mode file for STMicroelectronics.X-CUBE-AZRTOS-G4.2.0.0
2026-03-28 11:17:41,418 [WARN] PackLoader:240 - Cannot read IP mode file for wolfSSL.I-CUBE-wolfSSH.1.4.20
2026-03-28 11:17:41,427 [WARN] PackLoader:240 - Cannot read IP mode file for STMicroelectronics.X-CUBE-NFC7.2.0.0
2026-03-28 11:17:41,463 [WARN] PackLoader:240 - Cannot read IP mode file for STMicroelectronics.X-CUBE-IPS.3.1.0
2026-03-28 11:17:41,490 [WARN] PackLoader:240 - Cannot read IP mode file for STMicroelectronics.X-CUBE-ALS.1.0.2
2026-03-28 11:17:41,517 [WARN] PackLoader:240 - Cannot read IP mode file for STMicroelectronics.X-CUBE-STSE01.1.0.0
2026-03-28 11:17:41,565 [WARN] PackLoader:240 - Cannot read IP mode file for STMicroelectronics.X-CUBE-TOF1.3.4.3
2026-03-28 11:17:41,600 [INFO] ThirdParty:978 - Integrity check success = true
2026-03-28 11:17:41,600 [INFO] IntegrityCheckThread:100 - exiting critical section [integrity check]
2026-03-28 11:17:41,601 [INFO] IntegrityCheckThread:103 - End integrity checks thread
2026-03-28 11:17:42,446 [INFO] WebApp:463 - Apply proxy settings
2026-03-28 11:17:42,472 [INFO] WebApp:508 - Chromium authenticates against Manually configured proxy
2026-03-28 11:17:42,489 [INFO] WebApp:516 - Username used for proxy authentication: 
2026-03-28 11:17:42,549 [INFO] WebApp:900 - Register for checkConnection events
2026-03-28 11:17:42,550 [INFO] WebApp:463 - Apply proxy settings
2026-03-28 11:17:42,555 [INFO] WebApp:508 - Chromium authenticates against Manually configured proxy
2026-03-28 11:17:42,556 [INFO] WebApp:516 - Username used for proxy authentication: 
2026-03-28 11:17:42,826 [INFO] WebApp:225 - Starting web application
2026-03-28 11:17:42,827 [INFO] WebApp:593 - Web application path used /Applications/STM32CubeIDE.app/Contents/Eclipse/plugins/com.st.stm32cube.common.mx_6.15.0.202507011659/db/plugins/mcufinder/reactClient1/index.html
2026-03-28 11:17:43,359 [INFO] WebApp:191 - Connection restablished
2026-03-28 11:17:44,029 [INFO] UserAuth:487 - Internet connection configuration mode: 1
2026-03-28 16:37:49,677 [INFO] Activator:176 - 


2026-03-28 16:37:49,681 [INFO] Activator:177 - !SESSION log4j initialized
2026-03-28 16:37:57,610 [INFO] LogOutputStream:77 - [STDOUT_REDIRECT] 
2026-03-28 16:37:58,151 [ERROR] LogOutputStream:75 - [STDERR_REDIRECT] 
2026-03-28 16:38:02,227 [INFO] LogOutputStream:77 - [STDOUT_REDIRECT] 
2026-03-28 16:38:04,380 [INFO] ApplicationProperties:184 - Using Application install path: /Applications/STM32CubeIDE.app/Contents/Eclipse/plugins/com.st.stm32cube.common.mx_6.15.0.202507011659
2026-03-28 16:38:04,418 [INFO] DbMcusXml:78 - Set database path to: /Applications/STM32CubeIDE.app/Contents/Eclipse/plugins/com.st.stm32cube.common.mx_6.15.0.202507011659//db//mcu/
2026-03-28 16:38:04,419 [INFO] ApiDb:274 - Set plugin database path to: /Applications/STM32CubeIDE.app/Contents/Eclipse/plugins/com.st.stm32cube.common.mx_6.15.0.202507011659//db//plugins/boardmanager/
2026-03-28 16:38:04,422 [WARN] ApiDb:259 - Overriding images path with different value:  => /Applications/STM32CubeIDE.app/Contents/Eclipse/plugins/com.st.stm32cube.common.mx_6.15.0.202507011659//db//plugins/mcufinder/images/
2026-03-28 16:38:04,437 [INFO] ApiDb:250 - Set database path to: /Users/karthikkurapati/.stmcufinder/plugins/mcufinder//mcu/
2026-03-28 16:38:04,439 [INFO] DbMcusAds:125 - Set database path to: /Users/karthikkurapati/.stmcufinder/plugins/mcufinder//mcu/
2026-03-28 16:38:04,442 [INFO] CrossReferenceDbSqlite:203 - Set database path to: /Users/karthikkurapati/.stmcufinder/plugins/mcufinder//mcu/cs/
2026-03-28 16:38:04,731 [INFO] RulesReader:64 - Compatibility file has been processed (317 Rules)
2026-03-28 16:38:04,857 [INFO] DbMcusXml:78 - Set database path to: /Applications/STM32CubeIDE.app/Contents/Eclipse/plugins/com.st.stm32cube.common.mx_6.15.0.202507011659//db//mcu/
2026-03-28 16:38:04,858 [INFO] ApiDb:274 - Set plugin database path to: /Applications/STM32CubeIDE.app/Contents/Eclipse/plugins/com.st.stm32cube.common.mx_6.15.0.202507011659//db//plugins/boardmanager/
2026-03-28 16:38:04,859 [INFO] ApiDb:261 - Set plugin images path to: /Applications/STM32CubeIDE.app/Contents/Eclipse/plugins/com.st.stm32cube.common.mx_6.15.0.202507011659//db//plugins/mcufinder/images/
2026-03-28 16:38:04,861 [WARN] DbFile:41 - Overriding database path with different value: /Users/karthikkurapati/.stmcufinder/plugins/mcufinder/ => /Users/karthikkurapati/.stmcufinder/plugins/mcufinder
2026-03-28 16:38:04,861 [INFO] ApiDb:250 - Set database path to: /Users/karthikkurapati/.stmcufinder/plugins/mcufinder//mcu/
2026-03-28 16:38:04,861 [WARN] DbFile:41 - Overriding database path with different value: /Users/karthikkurapati/.stmcufinder/plugins/mcufinder/ => /Users/karthikkurapati/.stmcufinder/plugins/mcufinder
2026-03-28 16:38:04,861 [INFO] DbMcusAds:125 - Set database path to: /Users/karthikkurapati/.stmcufinder/plugins/mcufinder//mcu/
2026-03-28 16:38:04,862 [WARN] DbFile:41 - Overriding database path with different value: /Users/karthikkurapati/.stmcufinder/plugins/mcufinder/ => /Users/karthikkurapati/.stmcufinder/plugins/mcufinder
2026-03-28 16:38:04,862 [WARN] DbFile:41 - Overriding database path with different value: /Users/karthikkurapati/.stmcufinder/plugins/mcufinder/ => /Users/karthikkurapati/.stmcufinder/plugins/mcufinder
2026-03-28 16:38:04,862 [INFO] CrossReferenceDbSqlite:203 - Set database path to: /Users/karthikkurapati/.stmcufinder/plugins/mcufinder//mcu/cs/
2026-03-28 16:38:05,011 [INFO] MainPanel:274 - HeapMemory: 316669952
2026-03-28 16:38:05,238 [INFO] McuFinderGlobals:63 - Set McuFinder mode to 2 (CubeIDE integrated)
2026-03-28 16:39:29,441 [INFO] Activator:176 - 


2026-03-28 16:39:29,444 [INFO] Activator:177 - !SESSION log4j initialized
2026-03-28 16:39:37,056 [INFO] LogOutputStream:77 - [STDOUT_REDIRECT] 
2026-03-28 16:39:37,563 [ERROR] LogOutputStream:75 - [STDERR_REDIRECT] 
2026-03-28 16:39:41,507 [INFO] LogOutputStream:77 - [STDOUT_REDIRECT] 
2026-03-28 16:39:42,944 [INFO] ApplicationProperties:184 - Using Application install path: /Applications/STM32CubeIDE.app/Contents/Eclipse/plugins/com.st.stm32cube.common.mx_6.15.0.202507011659
2026-03-28 16:39:42,970 [INFO] DbMcusXml:78 - Set database path to: /Applications/STM32CubeIDE.app/Contents/Eclipse/plugins/com.st.stm32cube.common.mx_6.15.0.202507011659//db//mcu/
2026-03-28 16:39:42,970 [INFO] ApiDb:274 - Set plugin database path to: /Applications/STM32CubeIDE.app/Contents/Eclipse/plugins/com.st.stm32cube.common.mx_6.15.0.202507011659//db//plugins/boardmanager/
2026-03-28 16:39:42,971 [WARN] ApiDb:259 - Overriding images path with different value:  => /Applications/STM32CubeIDE.app/Contents/Eclipse/plugins/com.st.stm32cube.common.mx_6.15.0.202507011659//db//plugins/mcufinder/images/
2026-03-28 16:39:42,977 [INFO] ApiDb:250 - Set database path to: /Users/karthikkurapati/.stmcufinder/plugins/mcufinder//mcu/
2026-03-28 16:39:42,979 [INFO] DbMcusAds:125 - Set database path to: /Users/karthikkurapati/.stmcufinder/plugins/mcufinder//mcu/
2026-03-28 16:39:42,982 [INFO] CrossReferenceDbSqlite:203 - Set database path to: /Users/karthikkurapati/.stmcufinder/plugins/mcufinder//mcu/cs/
2026-03-28 16:39:43,246 [INFO] RulesReader:64 - Compatibility file has been processed (317 Rules)
2026-03-28 16:39:43,323 [INFO] DbMcusXml:78 - Set database path to: /Applications/STM32CubeIDE.app/Contents/Eclipse/plugins/com.st.stm32cube.common.mx_6.15.0.202507011659//db//mcu/
2026-03-28 16:39:43,323 [INFO] ApiDb:274 - Set plugin database path to: /Applications/STM32CubeIDE.app/Contents/Eclipse/plugins/com.st.stm32cube.common.mx_6.15.0.202507011659//db//plugins/boardmanager/
2026-03-28 16:39:43,323 [INFO] ApiDb:261 - Set plugin images path to: /Applications/STM32CubeIDE.app/Contents/Eclipse/plugins/com.st.stm32cube.common.mx_6.15.0.202507011659//db//plugins/mcufinder/images/
2026-03-28 16:39:43,324 [WARN] DbFile:41 - Overriding database path with different value: /Users/karthikkurapati/.stmcufinder/plugins/mcufinder/ => /Users/karthikkurapati/.stmcufinder/plugins/mcufinder
2026-03-28 16:39:43,324 [INFO] ApiDb:250 - Set database path to: /Users/karthikkurapati/.stmcufinder/plugins/mcufinder//mcu/
2026-03-28 16:39:43,324 [WARN] DbFile:41 - Overriding database path with different value: /Users/karthikkurapati/.stmcufinder/plugins/mcufinder/ => /Users/karthikkurapati/.stmcufinder/plugins/mcufinder
2026-03-28 16:39:43,324 [INFO] DbMcusAds:125 - Set database path to: /Users/karthikkurapati/.stmcufinder/plugins/mcufinder//mcu/
2026-03-28 16:39:43,324 [WARN] DbFile:41 - Overriding database path with different value: /Users/karthikkurapati/.stmcufinder/plugins/mcufinder/ => /Users/karthikkurapati/.stmcufinder/plugins/mcufinder
2026-03-28 16:39:43,324 [WARN] DbFile:41 - Overriding database path with different value: /Users/karthikkurapati/.stmcufinder/plugins/mcufinder/ => /Users/karthikkurapati/.stmcufinder/plugins/mcufinder
2026-03-28 16:39:43,325 [INFO] CrossReferenceDbSqlite:203 - Set database path to: /Users/karthikkurapati/.stmcufinder/plugins/mcufinder//mcu/cs/
2026-03-28 16:39:43,426 [INFO] MainPanel:274 - HeapMemory: 268435456
2026-03-28 16:39:43,778 [INFO] DbMcusXml:78 - Set database path to: /Applications/STM32CubeIDE.app/Contents/Eclipse/plugins/com.st.stm32cube.common.mx_6.15.0.202507011659//db//mcu/
2026-03-28 16:39:43,778 [INFO] ApiDb:274 - Set plugin database path to: /Applications/STM32CubeIDE.app/Contents/Eclipse/plugins/com.st.stm32cube.common.mx_6.15.0.202507011659//db//plugins/boardmanager/
2026-03-28 16:39:43,779 [INFO] ApiDb:261 - Set plugin images path to: /Applications/STM32CubeIDE.app/Contents/Eclipse/plugins/com.st.stm32cube.common.mx_6.15.0.202507011659//db//plugins/mcufinder/images/
2026-03-28 16:39:43,779 [WARN] DbFile:41 - Overriding database path with different value: /Users/karthikkurapati/.stmcufinder/plugins/mcufinder/ => /Users/karthikkurapati/.stmcufinder/plugins/mcufinder
2026-03-28 16:39:43,779 [INFO] ApiDb:250 - Set database path to: /Users/karthikkurapati/.stmcufinder/plugins/mcufinder//mcu/
2026-03-28 16:39:43,780 [WARN] DbFile:41 - Overriding database path with different value: /Users/karthikkurapati/.stmcufinder/plugins/mcufinder/ => /Users/karthikkurapati/.stmcufinder/plugins/mcufinder
2026-03-28 16:39:43,780 [INFO] DbMcusAds:125 - Set database path to: /Users/karthikkurapati/.stmcufinder/plugins/mcufinder//mcu/
2026-03-28 16:39:43,780 [WARN] DbFile:41 - Overriding database path with different value: /Users/karthikkurapati/.stmcufinder/plugins/mcufinder/ => /Users/karthikkurapati/.stmcufinder/plugins/mcufinder
2026-03-28 16:39:43,780 [WARN] DbFile:41 - Overriding database path with different value: /Users/karthikkurapati/.stmcufinder/plugins/mcufinder/ => /Users/karthikkurapati/.stmcufinder/plugins/mcufinder
2026-03-28 16:39:43,780 [INFO] CrossReferenceDbSqlite:203 - Set database path to: /Users/karthikkurapati/.stmcufinder/plugins/mcufinder//mcu/cs/
2026-03-28 16:39:43,811 [INFO] ApplicationProperties:184 - Using Application install path: /Applications/STM32CubeIDE.app/Contents/Eclipse/plugins/com.st.stm32cube.common.mx_6.15.0.202507011659
2026-03-28 16:39:43,812 [INFO] PluginManage:196 - Search for loadable plugins [exclusion list=, ]
2026-03-28 16:39:43,815 [INFO] PluginManage:310 - Check plugin analytics
2026-03-28 16:39:44,128 [INFO] AnalyticsPlugin:253 - Accepted Software Licenses: 
2026-03-28 16:39:44,129 [INFO] AnalyticsPlugin:255 - Accepted CMSIS Pack Licenses: 
2026-03-28 16:39:44,129 [INFO] AnalyticsPlugin:257 - Accepted Firmware Licenses: FW.L4.1.18.0
2026-03-28 16:39:44,153 [INFO] PluginManage:359 - Loaded plugin analytics (category:tool,tabindex:-1)
2026-03-28 16:39:44,155 [INFO] PluginManage:310 - Check plugin cadmodel
2026-03-28 16:39:44,172 [INFO] CADModel:105 - Init CAD model plugin
2026-03-28 16:39:44,172 [INFO] PluginManage:359 - Loaded plugin cadmodel (category:power,tabindex:5)
2026-03-28 16:39:44,173 [INFO] PluginManage:310 - Check plugin clock
2026-03-28 16:39:44,188 [INFO] PluginManage:359 - Loaded plugin clock (category:base,tabindex:2)
2026-03-28 16:39:44,189 [INFO] PluginManage:310 - Check plugin ddr
2026-03-28 16:39:44,192 [INFO] PluginManage:359 - Loaded plugin ddr (category:tool,tabindex:6)
2026-03-28 16:39:44,192 [INFO] PluginManage:310 - Check plugin filemanager
2026-03-28 16:39:44,467 [INFO] PluginManage:359 - Loaded plugin filemanager (category:base,tabindex:10)
2026-03-28 16:39:44,468 [INFO] PluginManage:310 - Check plugin ipmanager
2026-03-28 16:39:44,479 [INFO] PluginManage:359 - Loaded plugin ipmanager (category:base,tabindex:5)
2026-03-28 16:39:44,479 [INFO] PluginManage:310 - Check plugin lpbam
2026-03-28 16:39:44,492 [INFO] PluginManage:359 - Loaded plugin lpbam (category:base,tabindex:0)
2026-03-28 16:39:44,492 [INFO] PluginManage:310 - Check plugin memorymap
2026-03-28 16:39:44,506 [INFO] PluginManage:359 - Loaded plugin memorymap (category:base,tabindex:4)
2026-03-28 16:39:44,507 [INFO] PluginManage:310 - Check plugin pinoutandconfiguration
2026-03-28 16:39:44,517 [INFO] PluginManage:359 - Loaded plugin pinoutandconfiguration (category:base,tabindex:1)
2026-03-28 16:39:44,517 [INFO] PluginManage:310 - Check plugin pinoutconfig
2026-03-28 16:39:44,663 [WARN] SupportedApi:132 - Cannot load RTOS API schema: s4s-elt-must-match.1: The content of 'definitions' must match (annotation?, (simpleType | complexType)?, (unique | key | keyref)*)). A problem was found starting at: attribute.
2026-03-28 16:39:44,906 [INFO] PluginManage:359 - Loaded plugin pinoutconfig (category:base,tabindex:0)
2026-03-28 16:39:44,906 [INFO] PluginManage:310 - Check plugin power
2026-03-28 16:39:44,919 [INFO] PluginManage:359 - Loaded plugin power (category:power,tabindex:4)
2026-03-28 16:39:44,920 [INFO] PluginManage:310 - Check plugin projectmanager
2026-03-28 16:39:44,958 [INFO] PluginManage:359 - Loaded plugin projectmanager (category:projectmanager,tabindex:4)
2026-03-28 16:39:44,958 [INFO] PluginManage:310 - Check plugin rif
2026-03-28 16:39:44,969 [INFO] PluginManage:359 - Loaded plugin rif (category:base,tabindex:3)
2026-03-28 16:39:44,969 [INFO] PluginManage:310 - Check plugin thirdparty
2026-03-28 16:39:45,189 [INFO] PluginManage:359 - Loaded plugin thirdparty (category:base,tabindex:-1)
2026-03-28 16:39:45,189 [WARN] IntegrityCheckThread:84 - waiting for thirdparty lock release [integrity check]
2026-03-28 16:39:45,190 [INFO] PluginManage:310 - Check plugin tools
2026-03-28 16:39:45,191 [INFO] IntegrityCheckThread:86 - entering critical section [integrity check]
2026-03-28 16:39:45,192 [INFO] ThirdPartyUpdaterWithRetryManager:70 - Updater plugin not ready yet. [1/15]
2026-03-28 16:39:45,194 [INFO] PluginManage:359 - Loaded plugin tools (category:base,tabindex:7)
2026-03-28 16:39:45,194 [INFO] PluginManage:310 - Check plugin tutovideos
2026-03-28 16:39:45,487 [INFO] PluginManage:359 - Loaded plugin tutovideos (category:base,tabindex:-1)
2026-03-28 16:39:45,488 [INFO] PluginManage:310 - Check plugin updater
2026-03-28 16:39:45,534 [INFO] PluginManage:359 - Loaded plugin updater (category:base,tabindex:12)
2026-03-28 16:39:45,534 [INFO] PluginManage:310 - Check plugin userauth
2026-03-28 16:39:45,540 [INFO] UserAuth:118 - Init User Auth plugin
2026-03-28 16:39:45,541 [INFO] PluginManage:359 - Loaded plugin userauth (category:base,tabindex:14)
2026-03-28 16:39:45,542 [INFO] PluginManage:283 - PluginManage : Loaded plugins [18]
2026-03-28 16:39:45,908 [INFO] PinOutPanel:1589 - setPackage(No Configuration,No Configuration)
2026-03-28 16:39:46,029 [INFO] CADModel:165 - CPN selected for project level
2026-03-28 16:39:46,029 [INFO] CADModel:114 - Register for checkConnection events
2026-03-28 16:39:46,045 [INFO] IPUIPlugin:80 - create IPUIPlugin
2026-03-28 16:39:46,046 [INFO] PluginManager:220 - loadIPPluginJar : add mdma
2026-03-28 16:39:46,053 [INFO] IPUIPlugin:80 - create IPUIPlugin
2026-03-28 16:39:46,053 [INFO] PluginManager:220 - loadIPPluginJar : add freertos
2026-03-28 16:39:46,059 [INFO] IPUIPlugin:80 - create IPUIPlugin
2026-03-28 16:39:46,059 [INFO] PluginManager:220 - loadIPPluginJar : add gic
2026-03-28 16:39:46,069 [INFO] IPUIPlugin:80 - create IPUIPlugin
2026-03-28 16:39:46,070 [INFO] PluginManager:220 - loadIPPluginJar : add adc
2026-03-28 16:39:46,072 [INFO] IPUIPlugin:80 - create IPUIPlugin
2026-03-28 16:39:46,072 [INFO] PluginManager:220 - loadIPPluginJar : add gtzc
2026-03-28 16:39:46,073 [INFO] IPUIPlugin:80 - create IPUIPlugin
2026-03-28 16:39:46,073 [INFO] PluginManager:220 - loadIPPluginJar : add quadspi
2026-03-28 16:39:46,075 [INFO] IPUIPlugin:80 - create IPUIPlugin
2026-03-28 16:39:46,075 [INFO] PluginManager:220 - loadIPPluginJar : add aes
2026-03-28 16:39:46,077 [INFO] IPUIPlugin:80 - create IPUIPlugin
2026-03-28 16:39:46,078 [INFO] PluginManager:220 - loadIPPluginJar : add pdm2pcm
2026-03-28 16:39:46,079 [INFO] IPUIPlugin:80 - create IPUIPlugin
2026-03-28 16:39:46,079 [INFO] PluginManager:220 - loadIPPluginJar : add hash
2026-03-28 16:39:46,081 [INFO] IPUIPlugin:80 - create IPUIPlugin
2026-03-28 16:39:46,082 [INFO] PluginManager:220 - loadIPPluginJar : add tim
2026-03-28 16:39:46,084 [INFO] IPUIPlugin:80 - create IPUIPlugin
2026-03-28 16:39:46,084 [INFO] PluginManager:220 - loadIPPluginJar : add tsc
2026-03-28 16:39:46,086 [INFO] IPUIPlugin:80 - create IPUIPlugin
2026-03-28 16:39:46,086 [INFO] PluginManager:220 - loadIPPluginJar : add extmemmanager
2026-03-28 16:39:46,089 [INFO] IPUIPlugin:80 - create IPUIPlugin
2026-03-28 16:39:46,089 [INFO] PluginManager:220 - loadIPPluginJar : add ts
2026-03-28 16:39:46,091 [INFO] IPUIPlugin:80 - create IPUIPlugin
2026-03-28 16:39:46,091 [INFO] PluginManager:220 - loadIPPluginJar : add radio
2026-03-28 16:39:46,093 [INFO] IPUIPlugin:80 - create IPUIPlugin
2026-03-28 16:39:46,093 [INFO] PluginManager:220 - loadIPPluginJar : add can
2026-03-28 16:39:46,095 [INFO] IPUIPlugin:80 - create IPUIPlugin
2026-03-28 16:39:46,095 [INFO] PluginManager:220 - loadIPPluginJar : add dma3
2026-03-28 16:39:46,097 [INFO] IPUIPlugin:80 - create IPUIPlugin
2026-03-28 16:39:46,097 [INFO] PluginManager:220 - loadIPPluginJar : add dfsdm
2026-03-28 16:39:46,099 [INFO] IPUIPlugin:80 - create IPUIPlugin
2026-03-28 16:39:46,099 [INFO] PluginManager:220 - loadIPPluginJar : add spi
2026-03-28 16:39:46,101 [INFO] IPUIPlugin:80 - create IPUIPlugin
2026-03-28 16:39:46,101 [INFO] PluginManager:220 - loadIPPluginJar : add gfxmmu
2026-03-28 16:39:46,103 [INFO] IPUIPlugin:80 - create IPUIPlugin
2026-03-28 16:39:46,103 [INFO] PluginManager:220 - loadIPPluginJar : add genericplugin
2026-03-28 16:39:46,106 [INFO] IPUIPlugin:80 - create IPUIPlugin
2026-03-28 16:39:46,107 [INFO] PluginManager:220 - loadIPPluginJar : add cryp
2026-03-28 16:39:46,111 [INFO] IPUIPlugin:80 - create IPUIPlugin
2026-03-28 16:39:46,111 [INFO] PluginManager:220 - loadIPPluginJar : add gpio
2026-03-28 16:39:46,115 [INFO] IPUIPlugin:80 - create IPUIPlugin
2026-03-28 16:39:46,115 [INFO] PluginManager:220 - loadIPPluginJar : add ddr_ctrl_phy
2026-03-28 16:39:46,117 [INFO] IPUIPlugin:80 - create IPUIPlugin
2026-03-28 16:39:46,118 [INFO] PluginManager:220 - loadIPPluginJar : add comp
2026-03-28 16:39:46,121 [INFO] IPUIPlugin:80 - create IPUIPlugin
2026-03-28 16:39:46,122 [INFO] PluginManager:220 - loadIPPluginJar : add tracer_emb
2026-03-28 16:39:46,124 [INFO] IPUIPlugin:80 - create IPUIPlugin
2026-03-28 16:39:46,124 [INFO] PluginManager:220 - loadIPPluginJar : add openamp
2026-03-28 16:39:46,130 [INFO] IPUIPlugin:80 - create IPUIPlugin
2026-03-28 16:39:46,130 [INFO] PluginManager:220 - loadIPPluginJar : add stm32_wpan
2026-03-28 16:39:46,135 [INFO] IPUIPlugin:80 - create IPUIPlugin
2026-03-28 16:39:46,140 [INFO] PluginManager:220 - loadIPPluginJar : add plateformsettings
2026-03-28 16:39:46,144 [INFO] IPUIPlugin:80 - create IPUIPlugin
2026-03-28 16:39:46,144 [INFO] PluginManager:220 - loadIPPluginJar : add ipddr
2026-03-28 16:39:46,147 [INFO] IPUIPlugin:80 - create IPUIPlugin
2026-03-28 16:39:46,147 [INFO] PluginManager:220 - loadIPPluginJar : add usart
2026-03-28 16:39:46,149 [INFO] IPUIPlugin:80 - create IPUIPlugin
2026-03-28 16:39:46,149 [INFO] PluginManager:220 - loadIPPluginJar : add ltdc
2026-03-28 16:39:46,152 [INFO] IPUIPlugin:80 - create IPUIPlugin
2026-03-28 16:39:46,152 [INFO] PluginManager:220 - loadIPPluginJar : add nvic
2026-03-28 16:39:46,153 [INFO] IPUIPlugin:80 - create IPUIPlugin
2026-03-28 16:39:46,154 [INFO] PluginManager:220 - loadIPPluginJar : add fatfs
2026-03-28 16:39:46,161 [INFO] IPUIPlugin:80 - create IPUIPlugin
2026-03-28 16:39:46,161 [INFO] PluginManager:220 - loadIPPluginJar : add linkedlist
2026-03-28 16:39:46,167 [INFO] IPUIPlugin:80 - create IPUIPlugin
2026-03-28 16:39:46,167 [INFO] PluginManager:220 - loadIPPluginJar : add dma
2026-03-28 16:39:46,171 [INFO] IPUIPlugin:80 - create IPUIPlugin
2026-03-28 16:39:46,171 [INFO] PluginManager:220 - loadIPPluginJar : add fmc
2026-03-28 16:39:46,173 [INFO] IPUIPlugin:80 - create IPUIPlugin
2026-03-28 16:39:46,173 [INFO] PluginManager:220 - loadIPPluginJar : add i2s
2026-03-28 16:39:46,176 [INFO] IPUIPlugin:80 - create IPUIPlugin
2026-03-28 16:39:46,177 [INFO] PluginManager:220 - loadIPPluginJar : add ucpd
2026-03-28 16:39:46,179 [INFO] IPUIPlugin:80 - create IPUIPlugin
2026-03-28 16:39:46,179 [INFO] PluginManager:220 - loadIPPluginJar : add lorawan
2026-03-28 16:39:46,182 [INFO] IPUIPlugin:80 - create IPUIPlugin
2026-03-28 16:39:46,182 [INFO] PluginManager:220 - loadIPPluginJar : add opamp
2026-03-28 16:39:46,184 [INFO] IPUIPlugin:80 - create IPUIPlugin
2026-03-28 16:39:46,184 [INFO] PluginManager:220 - loadIPPluginJar : add i3c
2026-03-28 16:39:46,187 [INFO] IPUIPlugin:80 - create IPUIPlugin
2026-03-28 16:39:46,187 [INFO] PluginManager:220 - loadIPPluginJar : add touchsensing
2026-03-28 16:39:46,190 [INFO] IPUIPlugin:80 - create IPUIPlugin
2026-03-28 16:39:46,190 [INFO] PluginManager:220 - loadIPPluginJar : add i2c
2026-03-28 16:39:46,194 [INFO] IPUIPlugin:80 - create IPUIPlugin
2026-03-28 16:39:46,194 [INFO] PluginManager:220 - loadIPPluginJar : add resmgrutility
2026-03-28 16:39:46,197 [INFO] IPUIPlugin:80 - create IPUIPlugin
2026-03-28 16:39:46,198 [INFO] PluginManager:220 - loadIPPluginJar : add sai
2026-03-28 16:39:46,201 [INFO] IPUIPlugin:80 - create IPUIPlugin
2026-03-28 16:39:46,201 [INFO] PluginManager:220 - loadIPPluginJar : add usbx
2026-03-28 16:39:46,359 [FATAL] Updater:351 - Updater called before beeing initialized
2026-03-28 16:39:46,435 [INFO] RulesReader:64 - Compatibility file has been processed (317 Rules)
2026-03-28 16:39:46,458 [INFO] RulesReader:64 - Compatibility file has been processed (317 Rules)
2026-03-28 16:39:46,474 [INFO] CADModel:165 - CPN selected for project level
2026-03-28 16:39:46,474 [INFO] CADModel:114 - Register for checkConnection events
2026-03-28 16:39:46,474 [FATAL] Updater:351 - Updater called before beeing initialized
2026-03-28 16:39:46,474 [ERROR] CADModel:125 - Updater not yet initialized, retry later 
2026-03-28 16:39:46,779 [FATAL] Updater:351 - Updater called before beeing initialized
2026-03-28 16:39:46,781 [INFO] CADModel:165 - CPN selected for project level
2026-03-28 16:39:46,781 [INFO] CADModel:114 - Register for checkConnection events
2026-03-28 16:39:46,781 [FATAL] Updater:351 - Updater called before beeing initialized
2026-03-28 16:39:46,782 [ERROR] CADModel:125 - Updater not yet initialized, retry later 
2026-03-28 16:39:46,785 [FATAL] Updater:351 - Updater called before beeing initialized
2026-03-28 16:39:46,992 [FATAL] Updater:351 - Updater called before beeing initialized
2026-03-28 16:39:46,998 [INFO] DbMcusAds:53 - JSON generation date=Thu Mar 05 08:32:52 CST 2026 (1772721172890)
2026-03-28 16:39:46,999 [FATAL] Updater:351 - Updater called before beeing initialized
2026-03-28 16:39:47,283 [WARN] DetailPanel:346 - Failed to get advertising image, set to default
2026-03-28 16:39:47,502 [FATAL] Updater:351 - Updater called before beeing initialized
2026-03-28 16:39:47,515 [FATAL] Updater:351 - Updater called before beeing initialized
2026-03-28 16:39:47,516 [FATAL] Updater:351 - Updater called before beeing initialized
2026-03-28 16:39:47,517 [WARN] DetailPanel:346 - Failed to get advertising image, set to default
2026-03-28 16:39:47,520 [FATAL] Updater:351 - Updater called before beeing initialized
2026-03-28 16:39:47,712 [ERROR] Updater:1198 - MainUpdater not yet initialized. External WinMGr cannot be set.
2026-03-28 16:39:47,724 [INFO] Updater:1134 - Updater Version found : 6.15.0
2026-03-28 16:39:47,741 [INFO] ApplicationProperties:184 - Using Application install path: /Applications/STM32CubeIDE.app/Contents/Eclipse/plugins/com.st.stm32cube.common.mx_6.15.0.202507011659
2026-03-28 16:39:48,174 [INFO] MainUpdater:2872 - connection check result : 10
2026-03-28 16:39:48,175 [INFO] MainUpdater:289 - Updater Check For Update Now.
2026-03-28 16:39:48,175 [INFO] MicroXplorer:498 - Change Database Version : DB.6.0.150
2026-03-28 16:39:48,187 [INFO] McuFinderGlobals:63 - Set McuFinder mode to 2 (CubeIDE integrated)
2026-03-28 16:39:48,191 [INFO] UserAuth:487 - Internet connection configuration mode: 1
2026-03-28 16:39:48,198 [WARN] MainUpdater:1193 - Updater busy. Cannot search thirdparties
2026-03-28 16:39:48,198 [INFO] ThirdPartyUpdaterWithRetryManager:96 - Updater plugin is busy. [1/15]
2026-03-28 16:39:48,208 [INFO] JxBrowserEngine:152 - Initiate JxBrowser Engine with user profile folder
2026-03-28 16:39:48,473 [INFO] CheckServerUpdateThread:120 - End of CheckServer Thread
2026-03-28 16:39:51,474 [WARN] PackLoader:240 - Cannot read IP mode file for STMicroelectronics.X-CUBE-AZRTOS-H7.3.5.0
2026-03-28 16:39:51,521 [WARN] PackLoader:240 - Cannot read IP mode file for STMicroelectronics.FP-SNS-MOTENVWB1.1.4.0
2026-03-28 16:39:51,554 [WARN] PackLoader:240 - Cannot read IP mode file for STMicroelectronics.FP-ATR-ASTRA1.2.0.2
2026-03-28 16:39:51,572 [WARN] PackLoader:240 - Cannot read IP mode file for STMicroelectronics.X-CUBE-SMBUS.2.1.0
2026-03-28 16:39:51,578 [WARN] PackLoader:240 - Cannot read IP mode file for STMicroelectronics.X-CUBE-ST60.1.0.0
2026-03-28 16:39:51,608 [WARN] PackLoader:240 - Cannot read IP mode file for STMicroelectronics.X-CUBE-AZRTOS-F7.1.1.0
2026-03-28 16:39:51,623 [WARN] PackLoader:240 - Cannot read IP mode file for STMicroelectronics.FP-SNS-MOTENV1.5.1.0
2026-03-28 16:39:51,637 [WARN] PackLoader:240 - Cannot read IP mode file for WES.I-CUBE-Cesium.1.4.0
2026-03-28 16:39:51,673 [WARN] PackLoader:240 - Cannot read IP mode file for Infineon.AIROC-Wi-Fi-Bluetooth-STM32.1.7.1
2026-03-28 16:39:51,754 [WARN] PackLoader:240 - Cannot read IP mode file for STMicroelectronics.X-CUBE-AZRTOS-H7.3.4.0
2026-03-28 16:39:51,782 [WARN] PackLoader:240 - Cannot read IP mode file for STMicroelectronics.X-CUBE-DISPLAY.3.0.0
2026-03-28 16:39:51,790 [WARN] PackLoader:240 - Cannot read IP mode file for STMicroelectronics.FP-SNS-MOTENVWB1.1.5.0
2026-03-28 16:39:51,800 [WARN] PackLoader:240 - Cannot read IP mode file for STMicroelectronics.X-CUBE-NFC10.1.0.0
2026-03-28 16:39:51,820 [WARN] PackLoader:240 - Cannot read IP mode file for STMicroelectronics.X-CUBE-ST60.1.1.0
2026-03-28 16:39:51,832 [WARN] PackLoader:240 - Cannot read IP mode file for emotas.I-CUBE-CANOPEN.1.3.0
2026-03-28 16:39:51,845 [WARN] PackLoader:240 - Cannot read IP mode file for STMicroelectronics.X-CUBE-GNSS1.7.1.0
2026-03-28 16:39:51,872 [WARN] PackLoader:240 - Cannot read IP mode file for STMicroelectronics.FP-SNS-STBOX1.2.1.0
2026-03-28 16:39:51,884 [WARN] PackLoader:240 - Cannot read IP mode file for STMicroelectronics.FP-SNS-SMARTAG2.1.2.0
2026-03-28 16:39:51,889 [WARN] PackLoader:240 - Cannot read IP mode file for STMicroelectronics.FP-SNS-FLIGHT1.5.1.0
2026-03-28 16:39:51,898 [INFO] LogOutputStream:77 - [STDOUT_REDIRECT] 1 : Invalid condition id : UX_CORESTACK_Condition cause : null
2026-03-28 16:39:51,899 [INFO] LogOutputStream:77 - [STDOUT_REDIRECT] 1 : Invalid condition id : UX_CORESTACK_Condition cause : null
2026-03-28 16:39:51,900 [INFO] LogOutputStream:77 - [STDOUT_REDIRECT] 1 : Invalid condition id : UX_CORESTACK_Condition cause : null
2026-03-28 16:39:51,900 [INFO] LogOutputStream:77 - [STDOUT_REDIRECT] 1 : Invalid condition id : UX_CORESTACK_Condition cause : null
2026-03-28 16:39:51,900 [INFO] LogOutputStream:77 - [STDOUT_REDIRECT] 1 : Invalid condition id : UX_CORESTACK_Condition cause : null
2026-03-28 16:39:51,906 [WARN] PackLoader:240 - Cannot read IP mode file for STMicroelectronics.X-CUBE-AZRTOS-WL.2.0.0
2026-03-28 16:39:51,911 [WARN] PackLoader:240 - Cannot read IP mode file for STMicroelectronics.FP-SNS-MOTENV1.5.0.0
2026-03-28 16:39:51,936 [WARN] PackLoader:240 - Cannot read IP mode file for STMicroelectronics.X-CUBE-AZRTOS-H7RS.1.2.0
2026-03-28 16:39:51,952 [WARN] PackLoader:240 - Cannot read IP mode file for STMicroelectronics.X-CUBE-BLE2.3.3.0
2026-03-28 16:39:51,989 [WARN] PackLoader:240 - Cannot read IP mode file for STMicroelectronics.X-CUBE-NFC9.1.0.0
2026-03-28 16:39:51,997 [WARN] PackLoader:240 - Cannot read IP mode file for wolfSSL.I-CUBE-wolfSSL.5.8.2
2026-03-28 16:39:52,002 [WARN] PackLoader:240 - Cannot read IP mode file for STMicroelectronics.X-CUBE-BLE1.7.1.0
2026-03-28 16:39:52,006 [WARN] PackLoader:240 - Cannot read IP mode file for wolfSSL.I-CUBE-wolfMQTT.1.19.2
2026-03-28 16:39:52,013 [WARN] PackLoader:240 - Cannot read IP mode file for STMicroelectronics.X-CUBE-FREERTOS.1.4.0
2026-03-28 16:39:52,022 [WARN] PackLoader:240 - Cannot read IP mode file for STMicroelectronics.X-CUBE-EEPRMA1.5.2.0
2026-03-28 16:39:52,033 [WARN] PackLoader:240 - Cannot read IP mode file for STMicroelectronics.X-CUBE-ST67W61.1.1.0
2026-03-28 16:39:52,108 [WARN] PackLoader:240 - Cannot read IP mode file for STMicroelectronics.X-CUBE-MEMS1.12.0.0
2026-03-28 16:39:52,507 [WARN] PackLoader:240 - Cannot read IP mode file for STMicroelectronics.X-CUBE-AZRTOS-G0.1.1.0
2026-03-28 16:39:52,556 [WARN] PackLoader:240 - Cannot read IP mode file for STMicroelectronics.X-CUBE-SAFEA1.1.2.2
2026-03-28 16:39:52,567 [WARN] PackLoader:240 - Cannot read IP mode file for STMicroelectronics.X-CUBE-NFC4.3.0.0
2026-03-28 16:39:52,617 [WARN] PackLoader:240 - Cannot read IP mode file for EmbeddedOffice.I-CUBE-FS-RTOS.1.0.1
2026-03-28 16:39:52,646 [WARN] PackLoader:240 - Cannot read IP mode file for STMicroelectronics.X-CUBE-WB05N.2.0.0
2026-03-28 16:39:52,676 [WARN] PackLoader:240 - Cannot read IP mode file for wolfSSL.I-CUBE-wolfTPM.3.8.0
2026-03-28 16:39:52,685 [WARN] PackLoader:240 - Cannot read IP mode file for STMicroelectronics.X-CUBE-TCPP.4.2.0
2026-03-28 16:39:52,694 [WARN] PackLoader:240 - Cannot read IP mode file for RealThread.X-CUBE-RT-Thread_Nano.4.1.1
2026-03-28 16:39:52,706 [WARN] PackLoader:240 - Cannot read IP mode file for STMicroelectronics.FP-ATR-SIGFOX1.3.2.0
2026-03-28 16:39:52,716 [WARN] PackLoader:240 - Cannot read IP mode file for STMicroelectronics.X-CUBE-FREERTOS.1.5.0
2026-03-28 16:39:52,728 [WARN] PackLoader:240 - Cannot read IP mode file for ITTIA_DB.I-CUBE-ITTIADB.8.9.0
2026-03-28 16:39:52,751 [WARN] PackLoader:240 - Cannot read IP mode file for STMicroelectronics.X-CUBE-NFC6.3.2.0
2026-03-28 16:39:52,827 [WARN] PackLoader:240 - Cannot read IP mode file for STMicroelectronics.X-CUBE-ST67W61.1.0.0
2026-03-28 16:39:52,845 [WARN] PackLoader:240 - Cannot read IP mode file for STMicroelectronics.X-CUBE-AI.10.2.0
2026-03-28 16:39:52,973 [WARN] PackLoader:240 - Cannot read IP mode file for SEGGER.I-CUBE-embOS.1.3.1
2026-03-28 16:39:53,063 [WARN] PackLoader:240 - Cannot read IP mode file for STMicroelectronics.X-CUBE-ALGOBUILD.1.4.0
2026-03-28 16:39:53,142 [WARN] PackLoader:240 - Cannot read IP mode file for STMicroelectronics.X-CUBE-MEMS1.11.3.0
2026-03-28 16:39:53,217 [INFO] WebApp:169 - Instantiating new browser for Auth
2026-03-28 16:39:53,254 [WARN] PackLoader:240 - Cannot read IP mode file for STMicroelectronics.X-CUBE-PM33A1.1.0.0
2026-03-28 16:39:53,308 [WARN] PackLoader:240 - Cannot read IP mode file for STMicroelectronics.X-CUBE-AZRTOS-F4.1.1.0
2026-03-28 16:39:53,327 [WARN] PackLoader:240 - Cannot read IP mode file for Avnet-IotConnect.X-CUBE-IoTC-DA16k-PMOD.1.0.0
2026-03-28 16:39:53,336 [WARN] PackLoader:240 - Cannot read IP mode file for STMicroelectronics.X-CUBE-ISPU.2.1.0
2026-03-28 16:39:53,357 [WARN] PackLoader:240 - Cannot read IP mode file for STMicroelectronics.X-CUBE-IPS.3.2.0
2026-03-28 16:39:53,382 [WARN] PackLoader:240 - Cannot read IP mode file for STMicroelectronics.X-CUBE-NFC12.1.0.0
2026-03-28 16:39:53,410 [WARN] PackLoader:240 - Cannot read IP mode file for STMicroelectronics.X-CUBE-AZRTOS-L5.2.0.0
2026-03-28 16:39:53,425 [WARN] PackLoader:240 - Cannot read IP mode file for STMicroelectronics.X-CUBE-NFC6.3.1.0
2026-03-28 16:39:53,434 [WARN] PackLoader:240 - Cannot read IP mode file for STMicroelectronics.X-CUBE-FREERTOS.1.3.1
2026-03-28 16:39:53,439 [WARN] PackLoader:240 - Cannot read IP mode file for STMicroelectronics.X-CUBE-TOUCHGFX.4.26.0
2026-03-28 16:39:53,441 [WARN] PackLoader:240 - Cannot read IP mode file for STMicroelectronics.X-CUBE-TOUCHGFX.4.26.1
2026-03-28 16:39:53,445 [WARN] PackLoader:240 - Cannot read IP mode file for STMicroelectronics.FP-SNS-STAIOTCFT.1.0.0
2026-03-28 16:39:53,452 [WARN] PackLoader:240 - Cannot read IP mode file for STMicroelectronics.X-CUBE-DPower.1.3.0
2026-03-28 16:39:53,479 [WARN] ConditionMgr:438 - getConditionDescription Invalid condition id : LAN8742 Phy interface Condition cause : null
2026-03-28 16:39:53,480 [WARN] PackLoader:240 - Cannot read IP mode file for STMicroelectronics.X-CUBE-AZRTOS-L4.2.0.0
2026-03-28 16:39:53,483 [WARN] ConditionMgr:1044 - genDependencies : Invalid condition id : LAN8742 Phy interface Condition cause : null
2026-03-28 16:39:53,483 [WARN] ConditionMgr:1044 - genDependencies : Invalid condition id : LAN8742 Phy interface Condition cause : null
2026-03-28 16:39:53,485 [WARN] ConditionMgr:1044 - genDependencies : Invalid condition id : LAN8742 Phy interface Condition cause : null
2026-03-28 16:39:53,495 [WARN] PackLoader:240 - Cannot read IP mode file for STMicroelectronics.X-CUBE-SFXS2LP1.4.0.0
2026-03-28 16:39:53,505 [WARN] PackLoader:240 - Cannot read IP mode file for STMicroelectronics.X-CUBE-ST67W61.1.2.0
2026-03-28 16:39:53,523 [WARN] PackLoader:240 - Cannot read IP mode file for STMicroelectronics.X-CUBE-BLEMGR.4.1.0
2026-03-28 16:39:53,545 [WARN] ConditionMgr:438 - getConditionDescription Invalid condition id : UX DEVICE CLASS RTOS Condition cause : null
2026-03-28 16:39:53,545 [WARN] ConditionMgr:438 - getConditionDescription Invalid condition id : UX DEVICE CLASS RTOS Condition cause : null
2026-03-28 16:39:53,549 [WARN] PackLoader:240 - Cannot read IP mode file for STMicroelectronics.X-CUBE-AZRTOS-WB.2.0.0
2026-03-28 16:39:53,550 [WARN] ConditionMgr:1044 - genDependencies : Invalid condition id : UX DEVICE CLASS RTOS Condition cause : null
2026-03-28 16:39:53,550 [WARN] ConditionMgr:1044 - genDependencies : Invalid condition id : UX DEVICE CLASS RTOS Condition cause : null
2026-03-28 16:39:53,551 [WARN] ConditionMgr:1044 - genDependencies : Invalid condition id : UX DEVICE CLASS RTOS Condition cause : null
2026-03-28 16:39:53,552 [WARN] ConditionMgr:1044 - genDependencies : Invalid condition id : UX DEVICE CLASS RTOS Condition cause : null
2026-03-28 16:39:53,552 [WARN] ConditionMgr:1044 - genDependencies : Invalid condition id : UX DEVICE CLASS RTOS Condition cause : null
2026-03-28 16:39:53,560 [WARN] PackLoader:240 - Cannot read IP mode file for STMicroelectronics.X-CUBE-GNSS1.7.0.1
2026-03-28 16:39:53,565 [WARN] PackLoader:240 - Cannot read IP mode file for STMicroelectronics.X-CUBE-TOUCHGFX.4.25.0
2026-03-28 16:39:53,570 [WARN] ConditionMgr:438 - getConditionDescription Invalid condition id : Cortex-A Device cause : null
2026-03-28 16:39:53,607 [WARN] ConditionMgr:1044 - genDependencies : Invalid condition id : Cortex-A Device cause : null
2026-03-28 16:39:53,609 [WARN] ConditionMgr:1044 - genDependencies : Invalid condition id : Cortex-A Device cause : null
2026-03-28 16:39:53,609 [WARN] ConditionMgr:1044 - genDependencies : Invalid condition id : Cortex-A Device cause : null
2026-03-28 16:39:53,619 [WARN] PackLoader:240 - Cannot read IP mode file for STMicroelectronics.X-CUBE-STSE01.2.0.0
2026-03-28 16:39:53,634 [WARN] PackLoader:240 - Cannot read IP mode file for STMicroelectronics.X-CUBE-SUBG2.5.0.0
2026-03-28 16:39:53,665 [WARN] PackLoader:240 - Cannot read IP mode file for STMicroelectronics.X-CUBE-AZRTOS-H7RS.1.1.0
2026-03-28 16:39:53,681 [WARN] PackLoader:240 - Cannot read IP mode file for Cesanta.I-CUBE-Mongoose.7.13.0
2026-03-28 16:39:53,712 [WARN] PackLoader:240 - Cannot read IP mode file for STMicroelectronics.X-CUBE-AZRTOS-G4.2.0.0
2026-03-28 16:39:53,722 [WARN] PackLoader:240 - Cannot read IP mode file for wolfSSL.I-CUBE-wolfSSH.1.4.20
2026-03-28 16:39:53,729 [WARN] PackLoader:240 - Cannot read IP mode file for STMicroelectronics.X-CUBE-NFC7.2.0.0
2026-03-28 16:39:53,752 [WARN] PackLoader:240 - Cannot read IP mode file for STMicroelectronics.X-CUBE-IPS.3.1.0
2026-03-28 16:39:53,766 [WARN] PackLoader:240 - Cannot read IP mode file for STMicroelectronics.X-CUBE-ALS.1.0.2
2026-03-28 16:39:53,788 [WARN] PackLoader:240 - Cannot read IP mode file for STMicroelectronics.X-CUBE-STSE01.1.0.0
2026-03-28 16:39:53,810 [WARN] PackLoader:240 - Cannot read IP mode file for STMicroelectronics.X-CUBE-TOF1.3.4.3
2026-03-28 16:39:53,831 [INFO] ThirdParty:978 - Integrity check success = true
2026-03-28 16:39:53,832 [INFO] IntegrityCheckThread:100 - exiting critical section [integrity check]
2026-03-28 16:39:53,832 [INFO] IntegrityCheckThread:103 - End integrity checks thread
2026-03-28 16:39:54,672 [INFO] WebApp:463 - Apply proxy settings
2026-03-28 16:39:54,690 [INFO] WebApp:508 - Chromium authenticates against Manually configured proxy
2026-03-28 16:39:54,710 [INFO] WebApp:516 - Username used for proxy authentication: 
2026-03-28 16:39:54,754 [INFO] WebApp:900 - Register for checkConnection events
2026-03-28 16:39:54,754 [INFO] WebApp:463 - Apply proxy settings
2026-03-28 16:39:54,758 [INFO] WebApp:508 - Chromium authenticates against Manually configured proxy
2026-03-28 16:39:54,759 [INFO] WebApp:516 - Username used for proxy authentication: 
2026-03-28 16:39:54,944 [INFO] WebApp:225 - Starting web application
2026-03-28 16:39:54,944 [INFO] WebApp:593 - Web application path used /Applications/STM32CubeIDE.app/Contents/Eclipse/plugins/com.st.stm32cube.common.mx_6.15.0.202507011659/db/plugins/mcufinder/reactClient1/index.html
2026-03-28 16:39:55,402 [INFO] WebApp:191 - Connection restablished
2026-03-28 16:39:55,903 [INFO] UserAuth:487 - Internet connection configuration mode: 1
2026-03-28 16:39:58,081 [INFO] McuFinderGlobals:63 - Set McuFinder mode to 2 (CubeIDE integrated)
2026-03-28 16:39:58,099 [INFO] MainUpdater:2872 - connection check result : 10
2026-03-28 16:39:58,101 [INFO] MainUpdater:2872 - connection check result : 10
2026-03-28 16:39:58,811 [INFO] MicroXplorer:468 - Change Database Path : 
2026-03-28 16:39:58,812 [INFO] MicroXplorer:498 - Change Database Version : DB.6.0.150
2026-03-28 16:39:58,821 [WARN] ThirdParty:871 - waiting for thirdparty lock release [close project]
2026-03-28 16:39:58,821 [INFO] ThirdParty:873 - entering critical section [close project]
2026-03-28 16:39:58,828 [INFO] ThirdParty:883 - exiting critical section [close project]
2026-03-28 16:39:58,836 [INFO] PinOutPanel:1589 - setPackage(No Configuration,No Configuration)
2026-03-28 16:39:58,842 [INFO] UtilMem:75 - Begin LoadConfig() Used Memory: 183619408 Bytes (356515840)
2026-03-28 16:39:58,844 [INFO] MicroXplorer:468 - Change Database Path : 
2026-03-28 16:39:58,844 [INFO] MicroXplorer:498 - Change Database Version : DB.6.0.150
2026-03-28 16:39:58,845 [INFO] OpenFileManager:355 - Change cursor
2026-03-28 16:39:59,027 [INFO] Mcu:2029 - Initializing MCU STM32L431C(B-C)Tx STM32L431CBTx STM32L431CBT3
2026-03-28 16:40:01,033 [INFO] Context:786 - Trying to add GPIOservice into a context  which must be forbidden
2026-03-28 16:40:01,823 [INFO] ImportTextPane:234 - (OptionalMessage_ERROR) Pin15 (VP_RIF_VS_RIF1) cannot be retrieved for this MCU
2026-03-28 16:40:02,040 [INFO] RtosManager:558 - Registered RTOS mode: class=CMSIS, group=RTOS, mode=CMSIS_V1, owner=FREERTOS
2026-03-28 16:40:02,041 [INFO] RtosManager:558 - Registered RTOS mode: class=CMSIS, group=RTOS2, mode=CMSIS_V2, owner=FREERTOS
2026-03-28 16:40:02,042 [INFO] RtosManager:558 - Registered RTOS mode: class=RTOS, group=Core, mode=CMSIS_V1, owner=FREERTOS
2026-03-28 16:40:02,043 [INFO] RtosManager:558 - Registered RTOS mode: class=RTOS, group=Core, mode=CMSIS_V2, owner=FREERTOS
2026-03-28 16:40:02,043 [WARN] ModelIntegratedComponent:184 - Missing modes for component STMicroelectronics:FreeRTOS:0.0.1:STMicroelectronics:RTOS:FreeRTOS:Core:::10.2.0:
2026-03-28 16:40:02,064 [WARN] ModelIntegratedComponent:63 - No mode defined for component null
2026-03-28 16:40:02,064 [WARN] ModelIntegratedComponent:63 - No mode defined for component null
2026-03-28 16:40:02,064 [WARN] ModelIntegratedComponent:63 - No mode defined for component null
2026-03-28 16:40:02,064 [WARN] ModelIntegratedComponent:63 - No mode defined for component null
2026-03-28 16:40:02,064 [WARN] ModelIntegratedComponent:63 - No mode defined for component null
2026-03-28 16:40:02,064 [WARN] ModelIntegratedComponent:63 - No mode defined for component null
2026-03-28 16:40:02,065 [WARN] ModelIntegratedComponent:63 - No mode defined for component null
2026-03-28 16:40:02,065 [WARN] ModelIntegratedComponent:63 - No mode defined for component null
2026-03-28 16:40:02,065 [WARN] ModelIntegratedComponent:63 - No mode defined for component null
2026-03-28 16:40:02,065 [WARN] ModelIntegratedComponent:63 - No mode defined for component null
2026-03-28 16:40:02,065 [WARN] ModelIntegratedComponent:63 - No mode defined for component null
2026-03-28 16:40:02,065 [WARN] ModelIntegratedComponent:63 - No mode defined for component null
2026-03-28 16:40:02,065 [WARN] ModelIntegratedComponent:63 - No mode defined for component null
2026-03-28 16:40:02,065 [WARN] ModelIntegratedComponent:63 - No mode defined for component null
2026-03-28 16:40:02,065 [WARN] ModelIntegratedComponent:63 - No mode defined for component null
2026-03-28 16:40:02,065 [WARN] ModelIntegratedComponent:63 - No mode defined for component null
2026-03-28 16:40:02,065 [WARN] ModelIntegratedComponent:63 - No mode defined for component null
2026-03-28 16:40:02,065 [WARN] ModelIntegratedComponent:63 - No mode defined for component null
2026-03-28 16:40:02,065 [WARN] ModelIntegratedComponent:63 - No mode defined for component null
2026-03-28 16:40:02,065 [WARN] ModelIntegratedComponent:63 - No mode defined for component null
2026-03-28 16:40:02,065 [WARN] ModelIntegratedComponent:63 - No mode defined for component null
2026-03-28 16:40:02,065 [WARN] ModelIntegratedComponent:63 - No mode defined for component null
2026-03-28 16:40:02,065 [WARN] ModelIntegratedComponent:63 - No mode defined for component null
2026-03-28 16:40:02,065 [WARN] ModelIntegratedComponent:63 - No mode defined for component null
2026-03-28 16:40:02,065 [WARN] ModelIntegratedComponent:63 - No mode defined for component null
2026-03-28 16:40:02,065 [WARN] ModelIntegratedComponent:63 - No mode defined for component null
2026-03-28 16:40:02,065 [WARN] ModelIntegratedComponent:63 - No mode defined for component null
2026-03-28 16:40:02,065 [WARN] ModelIntegratedComponent:63 - No mode defined for component null
2026-03-28 16:40:02,065 [WARN] ModelIntegratedComponent:63 - No mode defined for component null
2026-03-28 16:40:02,065 [WARN] ModelIntegratedComponent:63 - No mode defined for component null
2026-03-28 16:40:02,065 [WARN] ModelIntegratedComponent:63 - No mode defined for component null
2026-03-28 16:40:02,065 [WARN] ModelIntegratedComponent:63 - No mode defined for component null
2026-03-28 16:40:02,065 [WARN] ModelIntegratedComponent:63 - No mode defined for component null
2026-03-28 16:40:02,065 [WARN] ModelIntegratedComponent:63 - No mode defined for component null
2026-03-28 16:40:02,065 [WARN] ModelIntegratedComponent:63 - No mode defined for component null
2026-03-28 16:40:02,066 [WARN] ModelPack:524 - Component already loaded: STMicroelectronics:HAL Drivers:0.0.0:STMicroelectronics:Device:STMicro_Driver:XSPI:HAL::0.0.1:HAL_XSPI
2026-03-28 16:40:02,386 [INFO] ThirdPartyModel:298 - Start build external matchings
2026-03-28 16:40:02,879 [INFO] ThirdPartyModel:316 - End build external matchings
2026-03-28 16:40:04,101 [INFO] ApiDb:581 - Connected to CubeFinder SQLite database (/Users/karthikkurapati/.stmcufinder/plugins/mcufinder/mcu/cube-finder-db.db)
2026-03-28 16:40:04,191 [INFO] ApiDb:668 - CubeFinder database Data Model version=2.1
2026-03-28 16:40:04,193 [INFO] ApiDb:669 - CubeFinder database Configuration version=3.0.42
2026-03-28 16:40:04,195 [INFO] ApiDb:670 - CubeFinder database generation date=2026-03-11 (1773229989)
2026-03-28 16:40:04,196 [INFO] ApiDb:671 - CubeFinder database FW Pack versions=[FP-ATR-ASTRA1_V2.0.0, FP-SNS-FLIGHT1_V5.1.0, FP-SNS-MOTENV1_V5.1.0, FP-SNS-MOTENVWB1_V1.5.0, FP-SNS-SMARTAG2_V1.2.0, FP-SNS-STBOX1_V2.1.0, STM32Cube_FW_C0_V1.4.0, STM32Cube_FW_F4_V1.28.3, STM32Cube_FW_F7_V1.17.4, STM32Cube_FW_G0_V1.6.3, STM32Cube_FW_G4_V1.6.2, STM32Cube_FW_H5_V1.6.0, STM32Cube_FW_H7RS_V1.3.0, STM32Cube_FW_H7_V1.13.0, STM32Cube_FW_L0_V1.12.2, STM32Cube_FW_L4_V1.18.2, STM32Cube_FW_L5_V1.6.0, STM32Cube_FW_N6_V1.3.0, STM32Cube_FW_U0_V1.3.0, STM32Cube_FW_U3_V1.3.0, STM32Cube_FW_U5_V1.8.0, STM32Cube_FW_WB0_V1.4.0, STM32Cube_FW_WBA_V1.9.0, STM32Cube_FW_WB_V1.24.0, STM32Cube_FW_WL3_V1.4.0, STM32Cube_FW_WL_V1.5.0, X-CUBE-ALGOBUILD_V1.4.0, X-CUBE-ALS_V1.0.2, X-CUBE-AZRTOS-F4_V1.1.0, X-CUBE-AZRTOS-F7_V1.1.0, X-CUBE-AZRTOS-G0_V1.1.0, X-CUBE-AZRTOS-G4_V2.0.0, X-CUBE-AZRTOS-H7RS_V1.1.0, X-CUBE-AZRTOS-H7_V3.4.0, X-CUBE-AZRTOS-L4_V2.0.0, X-CUBE-AZRTOS-L5_V2.0.0, X-CUBE-AZRTOS-WB_V2.0.0, X-CUBE-AZRTOS-WL_V2.0.0, X-CUBE-BLE1_V7.1.0, X-CUBE-BLE2_V3.3.0, X-CUBE-BLEMGR_V4.1.0, X-CUBE-EEPRMA1_V5.2.0, X-CUBE-FREERTOS_V1.5.0, X-CUBE-GNSS1_V6.0.0, X-CUBE-MEMS1_V12.0.0, X-CUBE-NFC4_V3.0.0, X-CUBE-NFC7_V2.0.0, X-CUBE-SFXS2LP1_V4.0.0, X-CUBE-ST67W61_V1.2.0, X-CUBE-SUBG2_V5.0.0, X-CUBE-TOF1_V3.4.3]
2026-03-28 16:40:04,311 [INFO] DbBoardsSqlite:226 - include board P-NUCLEO-WB55-NUCLEO as a kit item of type 'Nucleo-64'
2026-03-28 16:40:04,311 [INFO] DbBoardsSqlite:226 - include board P-NUCLEO-WB55-USBDONGLE as a kit item of type 'Nucleo USB Dongle'
2026-03-28 16:40:04,312 [INFO] DbBoardsSqlite:226 - include board STEVAL-IDP005V1 as a kit item of type 'Evaluation Board'
2026-03-28 16:40:04,312 [INFO] DbBoardsSqlite:226 - include board STEVAL-IDP005V2 as a kit item of type 'Evaluation Board'
2026-03-28 16:40:04,490 [INFO] ApiDb:240 - Found 880 in-development CPN: [B-G473E-ZEST1S, B-WB1M-WPAN1, B-WBA5M-WPAN, B-WL5M-SUBG1, NUCLEO-C031C6, NUCLEO-C051C8, NUCLEO-C071RB, NUCLEO-C092RC, NUCLEO-H503RB, NUCLEO-H533RE, NUCLEO-H563ZI, NUCLEO-H7S3L8, NUCLEO-N657X0-Q, NUCLEO-U031R8, NUCLEO-U083RC, NUCLEO-U385RG-Q, NUCLEO-U545RE-Q, NUCLEO-U5A5ZJ-Q, NUCLEO-WB05KZ, NUCLEO-WB07CC, NUCLEO-WB09KE, NUCLEO-WBA52CG, NUCLEO-WBA55CG, NUCLEO-WL33CC1, NUCLEO-WL33CC2, STEVAL-PROTEUS1, STEVAL-SMARTAG2, STEVAL-STWINBX1, STM320518-EVAL, STM32C0116-DK, STM32C011D6Y3TR, STM32C011D6Y6TR, STM32C011F4P3, STM32C011F4P6, STM32C011F4U3, STM32C011F4U6TR, STM32C011F6P3, STM32C011F6P6, STM32C011F6U3, STM32C011F6U6TR, STM32C011J4M3, STM32C011J4M6, STM32C011J6M3, STM32C011J6M6, STM32C0316-DK, STM32C031C4T3, STM32C031C4T6, STM32C031C4U3, STM32C031C4U6, STM32C031C6T3, STM32C031C6T6, STM32C031C6U3, STM32C031C6U6, STM32C031F4P3, STM32C031F4P6, STM32C031F6P3, STM32C031F6P6, STM32C031G4U3, STM32C031G4U6, STM32C031G6U3, STM32C031G6U6, STM32C031K4T3, STM32C031K4T6, STM32C031K4U3, STM32C031K4U6, STM32C031K6T3, STM32C031K6T6, STM32C031K6U3, STM32C031K6U6, STM32C051C6T6, STM32C051C6U6, STM32C051C8T6, STM32C051C8U6, STM32C051D8Y6TR, STM32C051F6P6, STM32C051F8P6, STM32C051G6U6, STM32C051G8U6, STM32C051K6T6, STM32C051K6U6, STM32C051K8T6, STM32C071C8T6, STM32C071C8T6N, STM32C071C8U6, STM32C071C8U6N, STM32C071CBT6, STM32C071CBT6N, STM32C071CBU6, STM32C071CBU6N, STM32C071F8P6, STM32C071F8P6N, STM32C071FBP6, STM32C071FBP6N, STM32C071FBY6TR, STM32C071G8U6, STM32C071G8U6N, STM32C071GBU6, STM32C071GBU6N, STM32C071K8T6, STM32C071K8T6N, STM32C071K8U6, STM32C071K8U6N, STM32C071KBT6, STM32C071KBT6N, STM32C071KBU6, STM32C071KBU6N, STM32C071R8T6, STM32C071R8T6N, STM32C071RBI6N, STM32C071RBT6, STM32C071RBT6N, STM32C091CBT6, STM32C091CBU6, STM32C091CCT6, STM32C091CCU6, STM32C091ECY6TR, STM32C091FBP6, STM32C091FCP6, STM32C091GBU6, STM32C091GCU6, STM32C091KBT6, STM32C091KBU6, STM32C091KCT6, STM32C091KCU6, STM32C091RBT6, STM32C091RCI6, STM32C091RCT6, STM32C092CBT6, STM32C092CBU6, STM32C092CCT6, STM32C092CCU6, STM32C092ECY6TR, STM32C092FBP6, STM32C092FCP6, STM32C092GBU6, STM32C092GCU6, STM32C092KBT6, STM32C092KBU6, STM32C092KCT6, STM32C092KCU6, STM32C092RBT6, STM32C092RCI6, STM32C092RCT6, STM32G071K8TXN, STM32G071K8UXN, STM32G081GBU6N, STM32G081KBT6N, STM32G081KBUXN, STM32G0B1CCT6N, STM32G0B1KCT6, STM32G0B1NEY6TR, STM32G0B1RCT6N, STM32G0C1CCT6, STM32G0C1CCT6N, STM32G0C1CCU6N, STM32G0C1CET6N, STM32G0C1CEU6N, STM32G0C1KCT6, STM32G0C1NEY6TR, STM32G0C1RCI6N, STM32G0C1RCT6N, STM32G0C1REI6N, STM32G0C1RET6N, STM32G0C1VCI6, STM32G0C1VEI6, STM32G411C6T3, STM32G411C6T6, STM32G411C6U3, STM32G411C6U6, STM32G411C8T3, STM32G411C8T6, STM32G411C8U3, STM32G411C8U6, STM32G411CBT3, STM32G411CBT6, STM32G411CBU3, STM32G411CBU6, STM32G411K6T3, STM32G411K6T6, STM32G411K6U3, STM32G411K6U6, STM32G411K8T3, STM32G411K8T6, STM32G411K8U3, STM32G411K8U6, STM32G411KBT3, STM32G411KBT6, STM32G411KBU3, STM32G411KBU6, STM32G411M6T3, STM32G411M6T6, STM32G411M8T3, STM32G411M8T6, STM32G411MBT3, STM32G411MBT6, STM32G411R6T3, STM32G411R6T6, STM32G411R8T3, STM32G411R8T6, STM32G411RBT3, STM32G411RBT6, STM32G414CBT3, STM32G414CBT6, STM32G414CBU3, STM32G414CBU6, STM32G414CCT3, STM32G414CCT6, STM32G414CCU3, STM32G414CCU6, STM32G414MBT3, STM32G414MBT6, STM32G414MCT3, STM32G414MCT6, STM32G414RBT3, STM32G414RBT6, STM32G414RCT3, STM32G414RCT6, STM32G414VBT3, STM32G414VBT6, STM32G414VCT3, STM32G414VCT6, STM32G431CBT3Z, STM32G431RBT3Z, STM32G471CCT6, STM32G471CCU6, STM32G471CET3, STM32G471CET6, STM32G471CEU3, STM32G471CEU6, STM32G471MCT6, STM32G471MET3, STM32G471MET6, STM32G471MEY6TR, STM32G471QCT6, STM32G471QET3, STM32G471RCT6, STM32G471RET3, STM32G471RET6, STM32G471VCH6, STM32G471VCI6, STM32G471VCT6, STM32G471VEH3, STM32G471VEH6, STM32G471VEI3, STM32G471VEI6, STM32G471VET3, STM32G471VET6, STM32G473QET3Z, STM32G473RET3Z, STM32G474CCT6, STM32G491RET3Z, STM32H503CBT6, STM32H503CBU6, STM32H503EBY6TR, STM32H503KBU6, STM32H503RBT6, STM32H523CCT6, STM32H523CCU6, STM32H523CET6, STM32H523CEU6, STM32H523HEY6TR, STM32H523RCT6, STM32H523RET6, STM32H523VCI6, STM32H523VCT6, STM32H523VEI6, STM32H523VET6, STM32H523ZCJ6, STM32H523ZCT6, STM32H523ZEJ6, STM32H523ZET6, STM32H533CET6, STM32H533CEU6, STM32H533HEY6TR, STM32H533RET6, STM32H533VEI6, STM32H533VET6, STM32H533ZEJ6, STM32H533ZET6, STM32H562AGI6, STM32H562AII6, STM32H562IGK6, STM32H562IGT6, STM32H562IIK6, STM32H562IIT6, STM32H562RGT6, STM32H562RGV6, STM32H562RIT6, STM32H562RIV6, STM32H562VGT6, STM32H562VIT6, STM32H562ZGT6, STM32H562ZIT6, STM32H563AGI6, STM32H563AII3Q, STM32H563AII6, STM32H563IGK6, STM32H563IGT6, STM32H563IIK3Q, STM32H563IIK6, STM32H563IIT3Q, STM32H563IIT6, STM32H563MIY3QTR, STM32H563RGT6, STM32H563RGV6, STM32H563RIT6, STM32H563RIV6, STM32H563VGT6, STM32H563VIT3Q, STM32H563VIT6, STM32H563ZGT6, STM32H563ZIT3Q, STM32H563ZIT6, STM32H573AII3Q, STM32H573AII6, STM32H573I-DK, STM32H573IIK3Q, STM32H573IIK6, STM32H573IIT3Q, STM32H573IIT6, STM32H573MIY3QTR, STM32H573RIT6, STM32H573RIV6, STM32H573VIT3Q, STM32H573VIT6, STM32H573ZIT3Q, STM32H573ZIT6, STM32H7R3A8I6, STM32H7R3I8K6, STM32H7R3I8T6, STM32H7R3L8H6, STM32H7R3L8H6H, STM32H7R3R8V6, STM32H7R3V8H6, STM32H7R3V8T6, STM32H7R3V8Y6TR, STM32H7R3Z8J6, STM32H7R3Z8T6, STM32H7R7A8I6, STM32H7R7I8K6, STM32H7R7I8T6, STM32H7R7L8H6, STM32H7R7L8H6H, STM32H7R7Z8J6, STM32H7S3A8I6, STM32H7S3I8K6, STM32H7S3I8T6, STM32H7S3L8H6, STM32H7S3L8H6H, STM32H7S3R8V6, STM32H7S3V8H6, STM32H7S3V8T6, STM32H7S3V8Y6TR, STM32H7S3Z8J6, STM32H7S3Z8T6, STM32H7S78-DK, STM32H7S7A8I6, STM32H7S7I8K6, STM32H7S7I8T6, STM32H7S7L8H6, STM32H7S7L8H6H, STM32H7S7Z8J6, STM32L4R5QGI6STR, STM32MP131AAE3, STM32MP131AAF3, STM32MP131AAG3, STM32MP131CAE3, STM32MP131CAF3, STM32MP131CAG3, STM32MP131DAE7, STM32MP131DAF7, STM32MP131DAG7, STM32MP131FAE7, STM32MP131FAF7, STM32MP131FAG7, STM32MP133AAE3, STM32MP133AAF3, STM32MP133AAG3, STM32MP133CAE3, STM32MP133CAF3, STM32MP133CAG3, STM32MP133DAE7, STM32MP133DAF7, STM32MP133DAG7, STM32MP133FAE7, STM32MP133FAF7, STM32MP133FAG7, STM32MP135AAE3, STM32MP135AAF3, STM32MP135AAG3, STM32MP135CAE3, STM32MP135CAF3, STM32MP135CAG3, STM32MP135DAE7, STM32MP135DAF7, STM32MP135DAG7, STM32MP135F-DK, STM32MP135FAE7, STM32MP135FAF7, STM32MP135FAF7T, STM32MP135FAF7U, STM32MP135FAG7, STM32MP211AAL3, STM32MP211AAM3, STM32MP211AAN3, STM32MP211AAO3, STM32MP211CAL3, STM32MP211CAM3, STM32MP211CAN3, STM32MP211CAO3, STM32MP211DAL3, STM32MP211DAM3, STM32MP211DAN3, STM32MP211DAO3, STM32MP211FAL3, STM32MP211FAM3, STM32MP211FAN3, STM32MP211FAO3, STM32MP213AAL3, STM32MP213AAM3, STM32MP213AAN3, STM32MP213AAO3, STM32MP213CAL3, STM32MP213CAM3, STM32MP213CAN3, STM32MP213CAO3, STM32MP213DAL3, STM32MP213DAM3, STM32MP213DAN3, STM32MP213DAO3, STM32MP213FAL3, STM32MP213FAM3, STM32MP213FAN3, STM32MP213FAO3, STM32MP215AAL3, STM32MP215AAM3, STM32MP215AAN3, STM32MP215AAO3, STM32MP215CAL3, STM32MP215CAM3, STM32MP215CAN3, STM32MP215CAO3, STM32MP215DAL3, STM32MP215DAM3, STM32MP215DAN3, STM32MP215DAO3, STM32MP215F-DK, STM32MP215FAL3, STM32MP215FAM3, STM32MP215FAN3, STM32MP215FAO3, STM32MP231AAJ3, STM32MP231AAK3, STM32MP231AAL3, STM32MP231CAJ3, STM32MP231CAK3, STM32MP231CAL3, STM32MP231DAJ3, STM32MP231DAK3, STM32MP231DAL3, STM32MP231FAJ3, STM32MP231FAK3, STM32MP231FAL3, STM32MP233AAJ3, STM32MP233AAK3, STM32MP233AAL3, STM32MP233CAJ3, STM32MP233CAK3, STM32MP233CAL3, STM32MP233DAJ3, STM32MP233DAK3, STM32MP233DAL3, STM32MP233FAJ3, STM32MP233FAK3, STM32MP233FAL3, STM32MP235AAJ3, STM32MP235AAK3, STM32MP235AAL3, STM32MP235CAJ3, STM32MP235CAK3, STM32MP235CAL3, STM32MP235DAJ3, STM32MP235DAK3, STM32MP235DAL3, STM32MP235FAJ3, STM32MP235FAK3, STM32MP235FAL3, STM32MP251AAI3, STM32MP251AAK3, STM32MP251AAL3, STM32MP251CAI3, STM32MP251CAK3, STM32MP251CAL3, STM32MP251DAI3, STM32MP251DAK3, STM32MP251DAL3, STM32MP251FAI3, STM32MP251FAK3, STM32MP251FAL3, STM32MP253AAI3, STM32MP253AAK3, STM32MP253AAL3, STM32MP253CAI3, STM32MP253CAK3, STM32MP253CAL3, STM32MP253DAI3, STM32MP253DAK3, STM32MP253DAL3, STM32MP253FAI3, STM32MP253FAK3, STM32MP253FAL3, STM32MP255AAI3, STM32MP255AAK3, STM32MP255AAL3, STM32MP255CAI3, STM32MP255CAK3, STM32MP255CAL3, STM32MP255DAI3, STM32MP255DAK3, STM32MP255DAL3, STM32MP255FAI3, STM32MP255FAK3, STM32MP255FAL3, STM32MP257AAI3, STM32MP257AAK3, STM32MP257AAL3, STM32MP257CAI3, STM32MP257CAK3, STM32MP257CAL3, STM32MP257DAI3, STM32MP257DAK3, STM32MP257DAL3, STM32MP257F-DK, STM32MP257F-EV1, STM32MP257FAI3, STM32MP257FAK3, STM32MP257FAL3, STM32N645A0H3Q, STM32N645B0H3Q, STM32N645I0H3Q, STM32N645L0H3Q, STM32N645X0H3Q, STM32N645Z0H3Q, STM32N647A0H3Q, STM32N647B0H3Q, STM32N647I0H3Q, STM32N647L0H3Q, STM32N647X0H3Q, STM32N647Z0H3Q, STM32N655A0H3Q, STM32N655B0H3Q, STM32N655I0H3Q, STM32N655L0H3Q, STM32N655X0H3Q, STM32N655Z0H3Q, STM32N6570-DK, STM32N657A0H3Q, STM32N657B0H3Q, STM32N657I0H3Q, STM32N657L0H3Q, STM32N657X0H3Q, STM32N657Z0H3Q, STM32U031C6T6, STM32U031C6U6, STM32U031C8T6, STM32U031C8U6, STM32U031F4P6, STM32U031F6P6, STM32U031F8P6, STM32U031G6Y6TR, STM32U031G8Y6TR, STM32U031K4U6, STM32U031K6U6, STM32U031K8U6, STM32U031R6I6, STM32U031R6T6, STM32U031R8I6, STM32U031R8T6, STM32U073C8T6, STM32U073C8U6, STM32U073CBT6, STM32U073CBU6, STM32U073CCT6, STM32U073CCU6, STM32U073H8Y6TR, STM32U073HBY6TR, STM32U073HCY6TR, STM32U073K8U6, STM32U073KBU6, STM32U073KCU6, STM32U073M8I6, STM32U073M8T6, STM32U073MBI6, STM32U073MBT6, STM32U073MCI6, STM32U073MCT6, STM32U073R8I6, STM32U073R8T6, STM32U073RBI6, STM32U073RBT6, STM32U073RCI6, STM32U073RCT6, STM32U083C-DK, STM32U083CCT6, STM32U083CCU6, STM32U083HCY6TR, STM32U083KCU6, STM32U083MCI6, STM32U083MCT6, STM32U083RCI6, STM32U083RCT6, STM32U375CET6, STM32U375CET6Q, STM32U375CEU6, STM32U375CEU6Q, STM32U375CEY6QTR, STM32U375CGT6, STM32U375CGT6Q, STM32U375CGU6, STM32U375CGU6Q, STM32U375CGY6QTR, STM32U375KEU6, STM32U375KGU6, STM32U375REI6, STM32U375REI6Q, STM32U375RET6, STM32U375RET6Q, STM32U375REY6GTR, STM32U375REY6QTR, STM32U375RGI6, STM32U375RGI6Q, STM32U375RGT6, STM32U375RGT6Q, STM32U375RGY6GTR, STM32U375RGY6QTR, STM32U375VEI6, STM32U375VEI6Q, STM32U375VET6, STM32U375VET6Q, STM32U375VGI6, STM32U375VGI6Q, STM32U375VGT6, STM32U375VGT6Q, STM32U385CGT6, STM32U385CGT6Q, STM32U385CGU6, STM32U385CGU6Q, STM32U385CGY6QTR, STM32U385KGU6, STM32U385RGI6, STM32U385RGI6Q, STM32U385RGT6, STM32U385RGT6Q, STM32U385RGY6GTR, STM32U385RGY6QTR, STM32U385VGI6, STM32U385VGI6Q, STM32U385VGT6, STM32U385VGT6Q, STM32U535CBT6, STM32U535CBT6Q, STM32U535CBU6, STM32U535CBU6Q, STM32U535CCT6, STM32U535CCT6Q, STM32U535CCU6, STM32U535CCU6Q, STM32U535CET6, STM32U535CET6Q, STM32U535CEU6, STM32U535CEU6Q, STM32U535JEY6QTR, STM32U535NCY6QTR, STM32U535NEY6QTR, STM32U535RBI6, STM32U535RBI6Q, STM32U535RBT6, STM32U535RBT6Q, STM32U535RCI6, STM32U535RCI6Q, STM32U535RCT6, STM32U535RCT6Q, STM32U535REI6, STM32U535REI6Q, STM32U535RET6, STM32U535RET6Q, STM32U535VCI6, STM32U535VCI6Q, STM32U535VCT6, STM32U535VCT6Q, STM32U535VEI6, STM32U535VEI6Q, STM32U535VET6, STM32U535VET6Q, STM32U545CET6, STM32U545CET6Q, STM32U545CEU6, STM32U545CEU6Q, STM32U545JEY6QTR, STM32U545NEY6QTR, STM32U545REI6, STM32U545REI6Q, STM32U545RET6, STM32U545RET6Q, STM32U545VEI6, STM32U545VEI6Q, STM32U545VET6, STM32U545VET6Q, STM32U595AIH6, STM32U595AIH6Q, STM32U595AJH6, STM32U595AJH6Q, STM32U595QII6, STM32U595QII6Q, STM32U595QJI6, STM32U595QJI6Q, STM32U595RIT6, STM32U595RIT6Q, STM32U595RJT6, STM32U595RJT6Q, STM32U595VIT6, STM32U595VIT6Q, STM32U595VJT6, STM32U595VJT6Q, STM32U595ZIT6, STM32U595ZIT6Q, STM32U595ZIY6QTR, STM32U595ZJT6, STM32U595ZJT6Q, STM32U595ZJY6QTR, STM32U599BJY6QTR, STM32U599NIH6Q, STM32U599NJH6Q, STM32U599VIT6Q, STM32U599VJT6, STM32U599VJT6Q, STM32U599ZIT6Q, STM32U599ZIY6QTR, STM32U599ZJT6Q, STM32U599ZJY6QTR, STM32U5A5AJH6, STM32U5A5AJH6Q, STM32U5A5QII3Q , STM32U5A5QJI6, STM32U5A5QJI6Q, STM32U5A5RJT6, STM32U5A5RJT6Q, STM32U5A5VJT6, STM32U5A5VJT6Q, STM32U5A5ZJT6, STM32U5A5ZJT6Q, STM32U5A5ZJY6QTR, STM32U5A9BJY6QTR, STM32U5A9J-DK, STM32U5A9NJH6Q, STM32U5A9VJT6Q, STM32U5A9ZJT6Q, STM32U5A9ZJY6QTR, STM32U5F7VIT6, STM32U5F7VIT6Q, STM32U5F7VJT6, STM32U5F7VJT6Q, STM32U5F9BJY6QTR, STM32U5F9NJH6Q, STM32U5F9VIT6Q, STM32U5F9VJT6Q, STM32U5F9ZIJ6QTR, STM32U5F9ZIT6Q, STM32U5F9ZJJ6QTR, STM32U5F9ZJT6Q, STM32U5G7VJT6, STM32U5G7VJT6Q, STM32U5G9BJY6QTR, STM32U5G9J-DK1, STM32U5G9J-DK2, STM32U5G9NJH6Q, STM32U5G9VJT6Q, STM32U5G9ZJJ6QTR, STM32U5G9ZJT6Q, STM32WB05KZV6TR, STM32WB05KZV7TR, STM32WB05TZF6TR, STM32WB05TZF7TR, STM32WB06CCF6TR, STM32WB06CCF7TR, STM32WB06CCV6TR, STM32WB06CCV7TR, STM32WB06KCV6TR, STM32WB06KCV7TR, STM32WB07CCF6TR, STM32WB07CCF7TR, STM32WB07CCV6TR, STM32WB07CCV7TR, STM32WB07KCV6TR, STM32WB07KCV7TR, STM32WB09KEV6TR, STM32WB09KEV7TR, STM32WB09TEF6TR, STM32WB09TEF7TR, STM32WB1MMCH6, STM32WBA50KGU6, STM32WBA50KGU6TR, STM32WBA52CEU6, STM32WBA52CEU6TR, STM32WBA52CEU7, STM32WBA52CEU7TR, STM32WBA52CGU6, STM32WBA52CGU6TR, STM32WBA52CGU6U, STM32WBA52CGU7, STM32WBA52CGU7TR, STM32WBA52KEU6, STM32WBA52KEU6TR, STM32WBA52KGU6, STM32WBA52KGU6TR, STM32WBA54CEU6, STM32WBA54CEU6TR, STM32WBA54CEU7, STM32WBA54CEU7TR, STM32WBA54CGU6, STM32WBA54CGU6TR, STM32WBA54CGU7, STM32WBA54CGU7TR, STM32WBA54KEU6, STM32WBA54KEU6TR, STM32WBA54KEU7, STM32WBA54KEU7TR, STM32WBA54KGU6, STM32WBA54KGU6TR, STM32WBA54KGU7, STM32WBA54KGU7TR, STM32WBA55CEU6, STM32WBA55CEU6TR, STM32WBA55CEU7, STM32WBA55CEU7TR, STM32WBA55CGU6, STM32WBA55CGU6TR, STM32WBA55CGU6U, STM32WBA55CGU7, STM32WBA55CGU7TR, STM32WBA55G-DK1, STM32WBA55HEF6, STM32WBA55HEF7, STM32WBA55HGF6, STM32WBA55HGF7, STM32WBA55UEI6, STM32WBA55UEI6TR, STM32WBA55UEI7, STM32WBA55UEI7TR, STM32WBA55UGI6, STM32WBA55UGI6TR, STM32WBA55UGI7, STM32WBA55UGI7TR, STM32WBA5MMGH6TR, STM32WBA62MGF6, STM32WBA62MIF6, STM32WBA65MGF7, STM32WBA65MIF6, STM32WBA65MIF7, STM32WL30K8V6, STM32WL30KBV6, STM32WL31C8V6, STM32WL31CBV6, STM32WL31K8V6, STM32WL31KBV6, STM32WL33C8V6, STM32WL33C8V6X, STM32WL33CBV6, STM32WL33CBV6X, STM32WL33CCV6, STM32WL33CCV6A, STM32WL33CCV6X, STM32WL33K8V7, STM32WL33K8V7X, STM32WL33KBV7 , STM32WL33KBV7X, STM32WL33KCV7, STM32WL33KCV7X, STM32WL5MOCH6, STM32WL5MOCH6TR]
2026-03-28 16:40:04,499 [INFO] ApiDb:668 - CubeFinder database Data Model version=2.1
2026-03-28 16:40:04,501 [INFO] ApiDb:669 - CubeFinder database Configuration version=3.0.42
2026-03-28 16:40:04,503 [INFO] ApiDb:670 - CubeFinder database generation date=2026-03-11 (1773229989)
2026-03-28 16:40:04,503 [INFO] ApiDb:671 - CubeFinder database FW Pack versions=[FP-ATR-ASTRA1_V2.0.0, FP-SNS-FLIGHT1_V5.1.0, FP-SNS-MOTENV1_V5.1.0, FP-SNS-MOTENVWB1_V1.5.0, FP-SNS-SMARTAG2_V1.2.0, FP-SNS-STBOX1_V2.1.0, STM32Cube_FW_C0_V1.4.0, STM32Cube_FW_F4_V1.28.3, STM32Cube_FW_F7_V1.17.4, STM32Cube_FW_G0_V1.6.3, STM32Cube_FW_G4_V1.6.2, STM32Cube_FW_H5_V1.6.0, STM32Cube_FW_H7RS_V1.3.0, STM32Cube_FW_H7_V1.13.0, STM32Cube_FW_L0_V1.12.2, STM32Cube_FW_L4_V1.18.2, STM32Cube_FW_L5_V1.6.0, STM32Cube_FW_N6_V1.3.0, STM32Cube_FW_U0_V1.3.0, STM32Cube_FW_U3_V1.3.0, STM32Cube_FW_U5_V1.8.0, STM32Cube_FW_WB0_V1.4.0, STM32Cube_FW_WBA_V1.9.0, STM32Cube_FW_WB_V1.24.0, STM32Cube_FW_WL3_V1.4.0, STM32Cube_FW_WL_V1.5.0, X-CUBE-ALGOBUILD_V1.4.0, X-CUBE-ALS_V1.0.2, X-CUBE-AZRTOS-F4_V1.1.0, X-CUBE-AZRTOS-F7_V1.1.0, X-CUBE-AZRTOS-G0_V1.1.0, X-CUBE-AZRTOS-G4_V2.0.0, X-CUBE-AZRTOS-H7RS_V1.1.0, X-CUBE-AZRTOS-H7_V3.4.0, X-CUBE-AZRTOS-L4_V2.0.0, X-CUBE-AZRTOS-L5_V2.0.0, X-CUBE-AZRTOS-WB_V2.0.0, X-CUBE-AZRTOS-WL_V2.0.0, X-CUBE-BLE1_V7.1.0, X-CUBE-BLE2_V3.3.0, X-CUBE-BLEMGR_V4.1.0, X-CUBE-EEPRMA1_V5.2.0, X-CUBE-FREERTOS_V1.5.0, X-CUBE-GNSS1_V6.0.0, X-CUBE-MEMS1_V12.0.0, X-CUBE-NFC4_V3.0.0, X-CUBE-NFC7_V2.0.0, X-CUBE-SFXS2LP1_V4.0.0, X-CUBE-ST67W61_V1.2.0, X-CUBE-SUBG2_V5.0.0, X-CUBE-TOF1_V3.4.3]
2026-03-28 16:40:06,101 [INFO] ApiDb:240 - Found 880 in-development CPN: [B-G473E-ZEST1S, B-WB1M-WPAN1, B-WBA5M-WPAN, B-WL5M-SUBG1, NUCLEO-C031C6, NUCLEO-C051C8, NUCLEO-C071RB, NUCLEO-C092RC, NUCLEO-H503RB, NUCLEO-H533RE, NUCLEO-H563ZI, NUCLEO-H7S3L8, NUCLEO-N657X0-Q, NUCLEO-U031R8, NUCLEO-U083RC, NUCLEO-U385RG-Q, NUCLEO-U545RE-Q, NUCLEO-U5A5ZJ-Q, NUCLEO-WB05KZ, NUCLEO-WB07CC, NUCLEO-WB09KE, NUCLEO-WBA52CG, NUCLEO-WBA55CG, NUCLEO-WL33CC1, NUCLEO-WL33CC2, STEVAL-PROTEUS1, STEVAL-SMARTAG2, STEVAL-STWINBX1, STM320518-EVAL, STM32C0116-DK, STM32C011D6Y3TR, STM32C011D6Y6TR, STM32C011F4P3, STM32C011F4P6, STM32C011F4U3, STM32C011F4U6TR, STM32C011F6P3, STM32C011F6P6, STM32C011F6U3, STM32C011F6U6TR, STM32C011J4M3, STM32C011J4M6, STM32C011J6M3, STM32C011J6M6, STM32C0316-DK, STM32C031C4T3, STM32C031C4T6, STM32C031C4U3, STM32C031C4U6, STM32C031C6T3, STM32C031C6T6, STM32C031C6U3, STM32C031C6U6, STM32C031F4P3, STM32C031F4P6, STM32C031F6P3, STM32C031F6P6, STM32C031G4U3, STM32C031G4U6, STM32C031G6U3, STM32C031G6U6, STM32C031K4T3, STM32C031K4T6, STM32C031K4U3, STM32C031K4U6, STM32C031K6T3, STM32C031K6T6, STM32C031K6U3, STM32C031K6U6, STM32C051C6T6, STM32C051C6U6, STM32C051C8T6, STM32C051C8U6, STM32C051D8Y6TR, STM32C051F6P6, STM32C051F8P6, STM32C051G6U6, STM32C051G8U6, STM32C051K6T6, STM32C051K6U6, STM32C051K8T6, STM32C071C8T6, STM32C071C8T6N, STM32C071C8U6, STM32C071C8U6N, STM32C071CBT6, STM32C071CBT6N, STM32C071CBU6, STM32C071CBU6N, STM32C071F8P6, STM32C071F8P6N, STM32C071FBP6, STM32C071FBP6N, STM32C071FBY6TR, STM32C071G8U6, STM32C071G8U6N, STM32C071GBU6, STM32C071GBU6N, STM32C071K8T6, STM32C071K8T6N, STM32C071K8U6, STM32C071K8U6N, STM32C071KBT6, STM32C071KBT6N, STM32C071KBU6, STM32C071KBU6N, STM32C071R8T6, STM32C071R8T6N, STM32C071RBI6N, STM32C071RBT6, STM32C071RBT6N, STM32C091CBT6, STM32C091CBU6, STM32C091CCT6, STM32C091CCU6, STM32C091ECY6TR, STM32C091FBP6, STM32C091FCP6, STM32C091GBU6, STM32C091GCU6, STM32C091KBT6, STM32C091KBU6, STM32C091KCT6, STM32C091KCU6, STM32C091RBT6, STM32C091RCI6, STM32C091RCT6, STM32C092CBT6, STM32C092CBU6, STM32C092CCT6, STM32C092CCU6, STM32C092ECY6TR, STM32C092FBP6, STM32C092FCP6, STM32C092GBU6, STM32C092GCU6, STM32C092KBT6, STM32C092KBU6, STM32C092KCT6, STM32C092KCU6, STM32C092RBT6, STM32C092RCI6, STM32C092RCT6, STM32G071K8TXN, STM32G071K8UXN, STM32G081GBU6N, STM32G081KBT6N, STM32G081KBUXN, STM32G0B1CCT6N, STM32G0B1KCT6, STM32G0B1NEY6TR, STM32G0B1RCT6N, STM32G0C1CCT6, STM32G0C1CCT6N, STM32G0C1CCU6N, STM32G0C1CET6N, STM32G0C1CEU6N, STM32G0C1KCT6, STM32G0C1NEY6TR, STM32G0C1RCI6N, STM32G0C1RCT6N, STM32G0C1REI6N, STM32G0C1RET6N, STM32G0C1VCI6, STM32G0C1VEI6, STM32G411C6T3, STM32G411C6T6, STM32G411C6U3, STM32G411C6U6, STM32G411C8T3, STM32G411C8T6, STM32G411C8U3, STM32G411C8U6, STM32G411CBT3, STM32G411CBT6, STM32G411CBU3, STM32G411CBU6, STM32G411K6T3, STM32G411K6T6, STM32G411K6U3, STM32G411K6U6, STM32G411K8T3, STM32G411K8T6, STM32G411K8U3, STM32G411K8U6, STM32G411KBT3, STM32G411KBT6, STM32G411KBU3, STM32G411KBU6, STM32G411M6T3, STM32G411M6T6, STM32G411M8T3, STM32G411M8T6, STM32G411MBT3, STM32G411MBT6, STM32G411R6T3, STM32G411R6T6, STM32G411R8T3, STM32G411R8T6, STM32G411RBT3, STM32G411RBT6, STM32G414CBT3, STM32G414CBT6, STM32G414CBU3, STM32G414CBU6, STM32G414CCT3, STM32G414CCT6, STM32G414CCU3, STM32G414CCU6, STM32G414MBT3, STM32G414MBT6, STM32G414MCT3, STM32G414MCT6, STM32G414RBT3, STM32G414RBT6, STM32G414RCT3, STM32G414RCT6, STM32G414VBT3, STM32G414VBT6, STM32G414VCT3, STM32G414VCT6, STM32G431CBT3Z, STM32G431RBT3Z, STM32G471CCT6, STM32G471CCU6, STM32G471CET3, STM32G471CET6, STM32G471CEU3, STM32G471CEU6, STM32G471MCT6, STM32G471MET3, STM32G471MET6, STM32G471MEY6TR, STM32G471QCT6, STM32G471QET3, STM32G471RCT6, STM32G471RET3, STM32G471RET6, STM32G471VCH6, STM32G471VCI6, STM32G471VCT6, STM32G471VEH3, STM32G471VEH6, STM32G471VEI3, STM32G471VEI6, STM32G471VET3, STM32G471VET6, STM32G473QET3Z, STM32G473RET3Z, STM32G474CCT6, STM32G491RET3Z, STM32H503CBT6, STM32H503CBU6, STM32H503EBY6TR, STM32H503KBU6, STM32H503RBT6, STM32H523CCT6, STM32H523CCU6, STM32H523CET6, STM32H523CEU6, STM32H523HEY6TR, STM32H523RCT6, STM32H523RET6, STM32H523VCI6, STM32H523VCT6, STM32H523VEI6, STM32H523VET6, STM32H523ZCJ6, STM32H523ZCT6, STM32H523ZEJ6, STM32H523ZET6, STM32H533CET6, STM32H533CEU6, STM32H533HEY6TR, STM32H533RET6, STM32H533VEI6, STM32H533VET6, STM32H533ZEJ6, STM32H533ZET6, STM32H562AGI6, STM32H562AII6, STM32H562IGK6, STM32H562IGT6, STM32H562IIK6, STM32H562IIT6, STM32H562RGT6, STM32H562RGV6, STM32H562RIT6, STM32H562RIV6, STM32H562VGT6, STM32H562VIT6, STM32H562ZGT6, STM32H562ZIT6, STM32H563AGI6, STM32H563AII3Q, STM32H563AII6, STM32H563IGK6, STM32H563IGT6, STM32H563IIK3Q, STM32H563IIK6, STM32H563IIT3Q, STM32H563IIT6, STM32H563MIY3QTR, STM32H563RGT6, STM32H563RGV6, STM32H563RIT6, STM32H563RIV6, STM32H563VGT6, STM32H563VIT3Q, STM32H563VIT6, STM32H563ZGT6, STM32H563ZIT3Q, STM32H563ZIT6, STM32H573AII3Q, STM32H573AII6, STM32H573I-DK, STM32H573IIK3Q, STM32H573IIK6, STM32H573IIT3Q, STM32H573IIT6, STM32H573MIY3QTR, STM32H573RIT6, STM32H573RIV6, STM32H573VIT3Q, STM32H573VIT6, STM32H573ZIT3Q, STM32H573ZIT6, STM32H7R3A8I6, STM32H7R3I8K6, STM32H7R3I8T6, STM32H7R3L8H6, STM32H7R3L8H6H, STM32H7R3R8V6, STM32H7R3V8H6, STM32H7R3V8T6, STM32H7R3V8Y6TR, STM32H7R3Z8J6, STM32H7R3Z8T6, STM32H7R7A8I6, STM32H7R7I8K6, STM32H7R7I8T6, STM32H7R7L8H6, STM32H7R7L8H6H, STM32H7R7Z8J6, STM32H7S3A8I6, STM32H7S3I8K6, STM32H7S3I8T6, STM32H7S3L8H6, STM32H7S3L8H6H, STM32H7S3R8V6, STM32H7S3V8H6, STM32H7S3V8T6, STM32H7S3V8Y6TR, STM32H7S3Z8J6, STM32H7S3Z8T6, STM32H7S78-DK, STM32H7S7A8I6, STM32H7S7I8K6, STM32H7S7I8T6, STM32H7S7L8H6, STM32H7S7L8H6H, STM32H7S7Z8J6, STM32L4R5QGI6STR, STM32MP131AAE3, STM32MP131AAF3, STM32MP131AAG3, STM32MP131CAE3, STM32MP131CAF3, STM32MP131CAG3, STM32MP131DAE7, STM32MP131DAF7, STM32MP131DAG7, STM32MP131FAE7, STM32MP131FAF7, STM32MP131FAG7, STM32MP133AAE3, STM32MP133AAF3, STM32MP133AAG3, STM32MP133CAE3, STM32MP133CAF3, STM32MP133CAG3, STM32MP133DAE7, STM32MP133DAF7, STM32MP133DAG7, STM32MP133FAE7, STM32MP133FAF7, STM32MP133FAG7, STM32MP135AAE3, STM32MP135AAF3, STM32MP135AAG3, STM32MP135CAE3, STM32MP135CAF3, STM32MP135CAG3, STM32MP135DAE7, STM32MP135DAF7, STM32MP135DAG7, STM32MP135F-DK, STM32MP135FAE7, STM32MP135FAF7, STM32MP135FAF7T, STM32MP135FAF7U, STM32MP135FAG7, STM32MP211AAL3, STM32MP211AAM3, STM32MP211AAN3, STM32MP211AAO3, STM32MP211CAL3, STM32MP211CAM3, STM32MP211CAN3, STM32MP211CAO3, STM32MP211DAL3, STM32MP211DAM3, STM32MP211DAN3, STM32MP211DAO3, STM32MP211FAL3, STM32MP211FAM3, STM32MP211FAN3, STM32MP211FAO3, STM32MP213AAL3, STM32MP213AAM3, STM32MP213AAN3, STM32MP213AAO3, STM32MP213CAL3, STM32MP213CAM3, STM32MP213CAN3, STM32MP213CAO3, STM32MP213DAL3, STM32MP213DAM3, STM32MP213DAN3, STM32MP213DAO3, STM32MP213FAL3, STM32MP213FAM3, STM32MP213FAN3, STM32MP213FAO3, STM32MP215AAL3, STM32MP215AAM3, STM32MP215AAN3, STM32MP215AAO3, STM32MP215CAL3, STM32MP215CAM3, STM32MP215CAN3, STM32MP215CAO3, STM32MP215DAL3, STM32MP215DAM3, STM32MP215DAN3, STM32MP215DAO3, STM32MP215F-DK, STM32MP215FAL3, STM32MP215FAM3, STM32MP215FAN3, STM32MP215FAO3, STM32MP231AAJ3, STM32MP231AAK3, STM32MP231AAL3, STM32MP231CAJ3, STM32MP231CAK3, STM32MP231CAL3, STM32MP231DAJ3, STM32MP231DAK3, STM32MP231DAL3, STM32MP231FAJ3, STM32MP231FAK3, STM32MP231FAL3, STM32MP233AAJ3, STM32MP233AAK3, STM32MP233AAL3, STM32MP233CAJ3, STM32MP233CAK3, STM32MP233CAL3, STM32MP233DAJ3, STM32MP233DAK3, STM32MP233DAL3, STM32MP233FAJ3, STM32MP233FAK3, STM32MP233FAL3, STM32MP235AAJ3, STM32MP235AAK3, STM32MP235AAL3, STM32MP235CAJ3, STM32MP235CAK3, STM32MP235CAL3, STM32MP235DAJ3, STM32MP235DAK3, STM32MP235DAL3, STM32MP235FAJ3, STM32MP235FAK3, STM32MP235FAL3, STM32MP251AAI3, STM32MP251AAK3, STM32MP251AAL3, STM32MP251CAI3, STM32MP251CAK3, STM32MP251CAL3, STM32MP251DAI3, STM32MP251DAK3, STM32MP251DAL3, STM32MP251FAI3, STM32MP251FAK3, STM32MP251FAL3, STM32MP253AAI3, STM32MP253AAK3, STM32MP253AAL3, STM32MP253CAI3, STM32MP253CAK3, STM32MP253CAL3, STM32MP253DAI3, STM32MP253DAK3, STM32MP253DAL3, STM32MP253FAI3, STM32MP253FAK3, STM32MP253FAL3, STM32MP255AAI3, STM32MP255AAK3, STM32MP255AAL3, STM32MP255CAI3, STM32MP255CAK3, STM32MP255CAL3, STM32MP255DAI3, STM32MP255DAK3, STM32MP255DAL3, STM32MP255FAI3, STM32MP255FAK3, STM32MP255FAL3, STM32MP257AAI3, STM32MP257AAK3, STM32MP257AAL3, STM32MP257CAI3, STM32MP257CAK3, STM32MP257CAL3, STM32MP257DAI3, STM32MP257DAK3, STM32MP257DAL3, STM32MP257F-DK, STM32MP257F-EV1, STM32MP257FAI3, STM32MP257FAK3, STM32MP257FAL3, STM32N645A0H3Q, STM32N645B0H3Q, STM32N645I0H3Q, STM32N645L0H3Q, STM32N645X0H3Q, STM32N645Z0H3Q, STM32N647A0H3Q, STM32N647B0H3Q, STM32N647I0H3Q, STM32N647L0H3Q, STM32N647X0H3Q, STM32N647Z0H3Q, STM32N655A0H3Q, STM32N655B0H3Q, STM32N655I0H3Q, STM32N655L0H3Q, STM32N655X0H3Q, STM32N655Z0H3Q, STM32N6570-DK, STM32N657A0H3Q, STM32N657B0H3Q, STM32N657I0H3Q, STM32N657L0H3Q, STM32N657X0H3Q, STM32N657Z0H3Q, STM32U031C6T6, STM32U031C6U6, STM32U031C8T6, STM32U031C8U6, STM32U031F4P6, STM32U031F6P6, STM32U031F8P6, STM32U031G6Y6TR, STM32U031G8Y6TR, STM32U031K4U6, STM32U031K6U6, STM32U031K8U6, STM32U031R6I6, STM32U031R6T6, STM32U031R8I6, STM32U031R8T6, STM32U073C8T6, STM32U073C8U6, STM32U073CBT6, STM32U073CBU6, STM32U073CCT6, STM32U073CCU6, STM32U073H8Y6TR, STM32U073HBY6TR, STM32U073HCY6TR, STM32U073K8U6, STM32U073KBU6, STM32U073KCU6, STM32U073M8I6, STM32U073M8T6, STM32U073MBI6, STM32U073MBT6, STM32U073MCI6, STM32U073MCT6, STM32U073R8I6, STM32U073R8T6, STM32U073RBI6, STM32U073RBT6, STM32U073RCI6, STM32U073RCT6, STM32U083C-DK, STM32U083CCT6, STM32U083CCU6, STM32U083HCY6TR, STM32U083KCU6, STM32U083MCI6, STM32U083MCT6, STM32U083RCI6, STM32U083RCT6, STM32U375CET6, STM32U375CET6Q, STM32U375CEU6, STM32U375CEU6Q, STM32U375CEY6QTR, STM32U375CGT6, STM32U375CGT6Q, STM32U375CGU6, STM32U375CGU6Q, STM32U375CGY6QTR, STM32U375KEU6, STM32U375KGU6, STM32U375REI6, STM32U375REI6Q, STM32U375RET6, STM32U375RET6Q, STM32U375REY6GTR, STM32U375REY6QTR, STM32U375RGI6, STM32U375RGI6Q, STM32U375RGT6, STM32U375RGT6Q, STM32U375RGY6GTR, STM32U375RGY6QTR, STM32U375VEI6, STM32U375VEI6Q, STM32U375VET6, STM32U375VET6Q, STM32U375VGI6, STM32U375VGI6Q, STM32U375VGT6, STM32U375VGT6Q, STM32U385CGT6, STM32U385CGT6Q, STM32U385CGU6, STM32U385CGU6Q, STM32U385CGY6QTR, STM32U385KGU6, STM32U385RGI6, STM32U385RGI6Q, STM32U385RGT6, STM32U385RGT6Q, STM32U385RGY6GTR, STM32U385RGY6QTR, STM32U385VGI6, STM32U385VGI6Q, STM32U385VGT6, STM32U385VGT6Q, STM32U535CBT6, STM32U535CBT6Q, STM32U535CBU6, STM32U535CBU6Q, STM32U535CCT6, STM32U535CCT6Q, STM32U535CCU6, STM32U535CCU6Q, STM32U535CET6, STM32U535CET6Q, STM32U535CEU6, STM32U535CEU6Q, STM32U535JEY6QTR, STM32U535NCY6QTR, STM32U535NEY6QTR, STM32U535RBI6, STM32U535RBI6Q, STM32U535RBT6, STM32U535RBT6Q, STM32U535RCI6, STM32U535RCI6Q, STM32U535RCT6, STM32U535RCT6Q, STM32U535REI6, STM32U535REI6Q, STM32U535RET6, STM32U535RET6Q, STM32U535VCI6, STM32U535VCI6Q, STM32U535VCT6, STM32U535VCT6Q, STM32U535VEI6, STM32U535VEI6Q, STM32U535VET6, STM32U535VET6Q, STM32U545CET6, STM32U545CET6Q, STM32U545CEU6, STM32U545CEU6Q, STM32U545JEY6QTR, STM32U545NEY6QTR, STM32U545REI6, STM32U545REI6Q, STM32U545RET6, STM32U545RET6Q, STM32U545VEI6, STM32U545VEI6Q, STM32U545VET6, STM32U545VET6Q, STM32U595AIH6, STM32U595AIH6Q, STM32U595AJH6, STM32U595AJH6Q, STM32U595QII6, STM32U595QII6Q, STM32U595QJI6, STM32U595QJI6Q, STM32U595RIT6, STM32U595RIT6Q, STM32U595RJT6, STM32U595RJT6Q, STM32U595VIT6, STM32U595VIT6Q, STM32U595VJT6, STM32U595VJT6Q, STM32U595ZIT6, STM32U595ZIT6Q, STM32U595ZIY6QTR, STM32U595ZJT6, STM32U595ZJT6Q, STM32U595ZJY6QTR, STM32U599BJY6QTR, STM32U599NIH6Q, STM32U599NJH6Q, STM32U599VIT6Q, STM32U599VJT6, STM32U599VJT6Q, STM32U599ZIT6Q, STM32U599ZIY6QTR, STM32U599ZJT6Q, STM32U599ZJY6QTR, STM32U5A5AJH6, STM32U5A5AJH6Q, STM32U5A5QII3Q , STM32U5A5QJI6, STM32U5A5QJI6Q, STM32U5A5RJT6, STM32U5A5RJT6Q, STM32U5A5VJT6, STM32U5A5VJT6Q, STM32U5A5ZJT6, STM32U5A5ZJT6Q, STM32U5A5ZJY6QTR, STM32U5A9BJY6QTR, STM32U5A9J-DK, STM32U5A9NJH6Q, STM32U5A9VJT6Q, STM32U5A9ZJT6Q, STM32U5A9ZJY6QTR, STM32U5F7VIT6, STM32U5F7VIT6Q, STM32U5F7VJT6, STM32U5F7VJT6Q, STM32U5F9BJY6QTR, STM32U5F9NJH6Q, STM32U5F9VIT6Q, STM32U5F9VJT6Q, STM32U5F9ZIJ6QTR, STM32U5F9ZIT6Q, STM32U5F9ZJJ6QTR, STM32U5F9ZJT6Q, STM32U5G7VJT6, STM32U5G7VJT6Q, STM32U5G9BJY6QTR, STM32U5G9J-DK1, STM32U5G9J-DK2, STM32U5G9NJH6Q, STM32U5G9VJT6Q, STM32U5G9ZJJ6QTR, STM32U5G9ZJT6Q, STM32WB05KZV6TR, STM32WB05KZV7TR, STM32WB05TZF6TR, STM32WB05TZF7TR, STM32WB06CCF6TR, STM32WB06CCF7TR, STM32WB06CCV6TR, STM32WB06CCV7TR, STM32WB06KCV6TR, STM32WB06KCV7TR, STM32WB07CCF6TR, STM32WB07CCF7TR, STM32WB07CCV6TR, STM32WB07CCV7TR, STM32WB07KCV6TR, STM32WB07KCV7TR, STM32WB09KEV6TR, STM32WB09KEV7TR, STM32WB09TEF6TR, STM32WB09TEF7TR, STM32WB1MMCH6, STM32WBA50KGU6, STM32WBA50KGU6TR, STM32WBA52CEU6, STM32WBA52CEU6TR, STM32WBA52CEU7, STM32WBA52CEU7TR, STM32WBA52CGU6, STM32WBA52CGU6TR, STM32WBA52CGU6U, STM32WBA52CGU7, STM32WBA52CGU7TR, STM32WBA52KEU6, STM32WBA52KEU6TR, STM32WBA52KGU6, STM32WBA52KGU6TR, STM32WBA54CEU6, STM32WBA54CEU6TR, STM32WBA54CEU7, STM32WBA54CEU7TR, STM32WBA54CGU6, STM32WBA54CGU6TR, STM32WBA54CGU7, STM32WBA54CGU7TR, STM32WBA54KEU6, STM32WBA54KEU6TR, STM32WBA54KEU7, STM32WBA54KEU7TR, STM32WBA54KGU6, STM32WBA54KGU6TR, STM32WBA54KGU7, STM32WBA54KGU7TR, STM32WBA55CEU6, STM32WBA55CEU6TR, STM32WBA55CEU7, STM32WBA55CEU7TR, STM32WBA55CGU6, STM32WBA55CGU6TR, STM32WBA55CGU6U, STM32WBA55CGU7, STM32WBA55CGU7TR, STM32WBA55G-DK1, STM32WBA55HEF6, STM32WBA55HEF7, STM32WBA55HGF6, STM32WBA55HGF7, STM32WBA55UEI6, STM32WBA55UEI6TR, STM32WBA55UEI7, STM32WBA55UEI7TR, STM32WBA55UGI6, STM32WBA55UGI6TR, STM32WBA55UGI7, STM32WBA55UGI7TR, STM32WBA5MMGH6TR, STM32WBA62MGF6, STM32WBA62MIF6, STM32WBA65MGF7, STM32WBA65MIF6, STM32WBA65MIF7, STM32WL30K8V6, STM32WL30KBV6, STM32WL31C8V6, STM32WL31CBV6, STM32WL31K8V6, STM32WL31KBV6, STM32WL33C8V6, STM32WL33C8V6X, STM32WL33CBV6, STM32WL33CBV6X, STM32WL33CCV6, STM32WL33CCV6A, STM32WL33CCV6X, STM32WL33K8V7, STM32WL33K8V7X, STM32WL33KBV7 , STM32WL33KBV7X, STM32WL33KCV7, STM32WL33KCV7X, STM32WL5MOCH6, STM32WL5MOCH6TR]
2026-03-28 16:40:06,112 [INFO] DbMcus:218 - Found 5055 MCUs, 4968 are supported
2026-03-28 16:40:06,114 [INFO] ApiDb:423 - Load user favorites file /Users/karthikkurapati/.stm32cubeide/favorites.mcus.txt: 0 item(s)
2026-03-28 16:40:06,116 [INFO] ApiDb:427 - User favorites MCUs=[]
2026-03-28 16:40:06,116 [INFO] DbMcus:224 - Set 0 / 0 favorites MCUs
2026-03-28 16:40:06,667 [INFO] BoardInfo:889 - No configuration file found for board NUCLEO-H5E5ZJ
2026-03-28 16:40:06,669 [INFO] DbBoards:161 - Board is not supported: NUCLEO-H5E5ZJ
2026-03-28 16:40:06,711 [INFO] BoardInfo:889 - No configuration file found for board NUCLEO-U3C5ZI-Q
2026-03-28 16:40:06,712 [INFO] DbBoards:161 - Board is not supported: NUCLEO-U3C5ZI-Q
2026-03-28 16:40:06,724 [INFO] BoardInfo:889 - No configuration file found for board NUCLEO-WBA25CE1
2026-03-28 16:40:06,724 [INFO] DbBoards:161 - Board is not supported: NUCLEO-WBA25CE1
2026-03-28 16:40:06,732 [INFO] BoardInfo:889 - No configuration file found for board NUCLEO-WL3RKB1
2026-03-28 16:40:06,732 [INFO] DbBoards:161 - Board is not supported: NUCLEO-WL3RKB1
2026-03-28 16:40:06,733 [INFO] BoardInfo:889 - No configuration file found for board NUCLEO-WL3RKB2
2026-03-28 16:40:06,733 [INFO] DbBoards:161 - Board is not supported: NUCLEO-WL3RKB2
2026-03-28 16:40:06,757 [INFO] BoardInfo:889 - No configuration file found for board P-NUCLEO-WB55
2026-03-28 16:40:06,758 [INFO] DbBoards:161 - Kit is not supported: P-NUCLEO-WB55
2026-03-28 16:40:06,763 [INFO] BoardInfo:889 - No configuration file found for board STEVAL-BFA001V1B
2026-03-28 16:40:06,763 [INFO] DbBoards:161 - Kit is not supported: STEVAL-BFA001V1B
2026-03-28 16:40:06,765 [INFO] BoardInfo:889 - No configuration file found for board STEVAL-BFA001V2B
2026-03-28 16:40:06,765 [INFO] DbBoards:161 - Kit is not supported: STEVAL-BFA001V2B
2026-03-28 16:40:06,849 [INFO] BoardInfo:889 - No configuration file found for board STM32H5F5J-DK
2026-03-28 16:40:06,850 [INFO] DbBoards:161 - Board is not supported: STM32H5F5J-DK
2026-03-28 16:40:06,911 [INFO] DbBoards:168 - Found 218 boards, 209 are supported
2026-03-28 16:40:06,911 [INFO] DbBoards:169 - Found 218 boards, 43 of them is supported for  Bsp
2026-03-28 16:40:06,916 [INFO] ApiDb:423 - Load user favorites file /Users/karthikkurapati/.stm32cubeide/favorites.boards.txt: 0 item(s)
2026-03-28 16:40:06,916 [INFO] ApiDb:427 - User favorites Boards=[]
2026-03-28 16:40:06,917 [INFO] DbBoards:198 - Set 0 / 0 favorites Boards
2026-03-28 16:40:07,028 [INFO] UtilMem:75 - End LoadConfig() Used Memory: 317077104 Bytes (356515840)
2026-03-28 16:40:07,267 [WARN] ThirdParty:833 - waiting for thirdparty lock release [change project]
2026-03-28 16:40:07,276 [INFO] ThirdParty:835 - entering critical section [change project]
2026-03-28 16:40:07,278 [INFO] ThirdParty:1030 - CMSIS Pack Vendor :STMicroelectronics X-CUBE-AZRTOS-H7 3.5.0
2026-03-28 16:40:07,279 [INFO] ThirdParty:1030 - CMSIS Pack Vendor :STMicroelectronics X-CUBE-PM33A1 1.0.0
2026-03-28 16:40:07,279 [INFO] ThirdParty:1030 - CMSIS Pack Vendor :STMicroelectronics USBPD 4.1
2026-03-28 16:40:07,279 [INFO] ThirdParty:1030 - CMSIS Pack Vendor :STMicroelectronics USB_HOST 2.0.0
2026-03-28 16:40:07,279 [INFO] ThirdParty:1030 - CMSIS Pack Vendor :STMicroelectronics FP-SNS-MOTENVWB1 1.4.0
2026-03-28 16:40:07,279 [INFO] ThirdParty:1030 - CMSIS Pack Vendor :STMicroelectronics X-CUBE-AZRTOS-F4 1.1.0
2026-03-28 16:40:07,279 [INFO] ThirdParty:1030 - CMSIS Pack Vendor :STMicroelectronics LIBJPEG 8.0.0
2026-03-28 16:40:07,280 [INFO] ThirdParty:1030 - CMSIS Pack Vendor :STMicroelectronics FP-ATR-ASTRA1 2.0.2
2026-03-28 16:40:07,280 [INFO] ThirdParty:1030 - CMSIS Pack Vendor :Avnet-IotConnect X-CUBE-IoTC-DA16k-PMOD 1.0.0
2026-03-28 16:40:07,280 [INFO] ThirdParty:1030 - CMSIS Pack Vendor :STMicroelectronics X-CUBE-SMBUS 2.1.0
2026-03-28 16:40:07,280 [INFO] ThirdParty:1030 - CMSIS Pack Vendor :STMicroelectronics X-CUBE-ISPU 2.1.0
2026-03-28 16:40:07,280 [INFO] ThirdParty:1030 - CMSIS Pack Vendor :STMicroelectronics X-CUBE-IPS 3.2.0
2026-03-28 16:40:07,280 [INFO] ThirdParty:1030 - CMSIS Pack Vendor :STMicroelectronics X-CUBE-ST60 1.0.0
2026-03-28 16:40:07,280 [INFO] ThirdParty:1030 - CMSIS Pack Vendor :STMicroelectronics X-CUBE-NFC12 1.0.0
2026-03-28 16:40:07,280 [INFO] ThirdParty:1030 - CMSIS Pack Vendor :STMicroelectronics X-CUBE-AZRTOS-F7 1.1.0
2026-03-28 16:40:07,280 [INFO] ThirdParty:1030 - CMSIS Pack Vendor :STMicroelectronics X-CUBE-AZRTOS-L5 2.0.0
2026-03-28 16:40:07,280 [INFO] ThirdParty:1030 - CMSIS Pack Vendor :STMicroelectronics USB_DEVICE 2.0.0
2026-03-28 16:40:07,280 [INFO] ThirdParty:1030 - CMSIS Pack Vendor :STMicroelectronics X-CUBE-NFC6 3.1.0
2026-03-28 16:40:07,280 [INFO] ThirdParty:1030 - CMSIS Pack Vendor :STMicroelectronics FP-SNS-MOTENV1 5.1.0
2026-03-28 16:40:07,280 [INFO] ThirdParty:1030 - CMSIS Pack Vendor :STMicroelectronics FreeRTOS 0.0.1
2026-03-28 16:40:07,280 [INFO] ThirdParty:1030 - CMSIS Pack Vendor :WES I-CUBE-Cesium 1.4.0
2026-03-28 16:40:07,280 [INFO] ThirdParty:1030 - CMSIS Pack Vendor :Infineon AIROC-Wi-Fi-Bluetooth-STM32 1.7.1
2026-03-28 16:40:07,280 [INFO] ThirdParty:1030 - CMSIS Pack Vendor :STMicroelectronics PDM2PCM 3.3.0
2026-03-28 16:40:07,280 [INFO] ThirdParty:1030 - CMSIS Pack Vendor :STMicroelectronics X-CUBE-AZRTOS-H7 3.4.0
2026-03-28 16:40:07,280 [INFO] ThirdParty:1030 - CMSIS Pack Vendor :STMicroelectronics X-CUBE-DISPLAY 3.0.0
2026-03-28 16:40:07,280 [INFO] ThirdParty:1030 - CMSIS Pack Vendor :STMicroelectronics FP-SNS-MOTENVWB1 1.5.0
2026-03-28 16:40:07,280 [INFO] ThirdParty:1030 - CMSIS Pack Vendor :STMicroelectronics X-CUBE-NFC10 1.0.0
2026-03-28 16:40:07,280 [INFO] ThirdParty:1030 - CMSIS Pack Vendor :STMicroelectronics X-CUBE-FREERTOS 1.3.1
2026-03-28 16:40:07,280 [INFO] ThirdParty:1030 - CMSIS Pack Vendor :STMicroelectronics HAL Drivers 0.0.0
2026-03-28 16:40:07,280 [INFO] ThirdParty:1030 - CMSIS Pack Vendor :STMicroelectronics X-CUBE-ST60 1.1.0
2026-03-28 16:40:07,280 [INFO] ThirdParty:1030 - CMSIS Pack Vendor :emotas I-CUBE-CANOPEN 1.3.0
2026-03-28 16:40:07,280 [INFO] ThirdParty:1030 - CMSIS Pack Vendor :STMicroelectronics MBEDTLS 2.14.1
2026-03-28 16:40:07,280 [INFO] ThirdParty:1030 - CMSIS Pack Vendor :STMicroelectronics X-CUBE-GNSS1 7.1.0
2026-03-28 16:40:07,280 [INFO] ThirdParty:1030 - CMSIS Pack Vendor :STMicroelectronics X-CUBE-TOUCHGFX 4.26.0
2026-03-28 16:40:07,280 [INFO] ThirdParty:1030 - CMSIS Pack Vendor :STMicroelectronics X-CUBE-TOUCHGFX 4.26.1
2026-03-28 16:40:07,280 [INFO] ThirdParty:1030 - CMSIS Pack Vendor :STMicroelectronics FP-SNS-STBOX1 2.1.0
2026-03-28 16:40:07,280 [INFO] ThirdParty:1030 - CMSIS Pack Vendor :STMicroelectronics FP-SNS-STAIOTCFT 1.0.0
2026-03-28 16:40:07,280 [INFO] ThirdParty:1030 - CMSIS Pack Vendor :STMicroelectronics FP-SNS-SMARTAG2 1.2.0
2026-03-28 16:40:07,280 [INFO] ThirdParty:1030 - CMSIS Pack Vendor :STMicroelectronics FP-SNS-FLIGHT1 5.1.0
2026-03-28 16:40:07,280 [INFO] ThirdParty:1030 - CMSIS Pack Vendor :STMicroelectronics X-CUBE-AZRTOS-WL 2.0.0
2026-03-28 16:40:07,281 [INFO] ThirdParty:1030 - CMSIS Pack Vendor :STMicroelectronics X-CUBE-DPower 1.3.0
2026-03-28 16:40:07,281 [INFO] ThirdParty:1030 - CMSIS Pack Vendor :STMicroelectronics FP-SNS-MOTENV1 5.0.0
2026-03-28 16:40:07,281 [INFO] ThirdParty:1030 - CMSIS Pack Vendor :STMicroelectronics USB_DEVICE 1.0.0
2026-03-28 16:40:07,281 [INFO] ThirdParty:1030 - CMSIS Pack Vendor :STMicroelectronics X-CUBE-AZRTOS-H7RS 1.2.0
2026-03-28 16:40:07,281 [INFO] ThirdParty:1030 - CMSIS Pack Vendor :STMicroelectronics X-CUBE-AZRTOS-L4 2.0.0
2026-03-28 16:40:07,281 [INFO] ThirdParty:1030 - CMSIS Pack Vendor :STMicroelectronics ThreadX 0.0.2
2026-03-28 16:40:07,281 [INFO] ThirdParty:1030 - CMSIS Pack Vendor :STMicroelectronics lwIP 2.1.2
2026-03-28 16:40:07,281 [INFO] ThirdParty:1030 - CMSIS Pack Vendor :STMicroelectronics X-CUBE-SFXS2LP1 4.0.0
2026-03-28 16:40:07,281 [INFO] ThirdParty:1030 - CMSIS Pack Vendor :STMicroelectronics X-CUBE-BLE2 3.3.0
2026-03-28 16:40:07,281 [INFO] ThirdParty:1030 - CMSIS Pack Vendor :Avnet-IOTCONNECT X-CUBE-iotc-st67-sdk 1.0.0
2026-03-28 16:40:07,281 [INFO] ThirdParty:1030 - CMSIS Pack Vendor :STMicroelectronics PDM2PCM 3.2.0
2026-03-28 16:40:07,281 [INFO] ThirdParty:1030 - CMSIS Pack Vendor :STMicroelectronics X-CUBE-ST67W61 1.2.0
2026-03-28 16:40:07,281 [INFO] ThirdParty:1030 - CMSIS Pack Vendor :STMicroelectronics X-CUBE-NFC9 1.0.0
2026-03-28 16:40:07,281 [INFO] ThirdParty:1030 - CMSIS Pack Vendor :wolfSSL I-CUBE-wolfSSL 5.8.2
2026-03-28 16:40:07,281 [INFO] ThirdParty:1030 - CMSIS Pack Vendor :STMicroelectronics X-CUBE-BLE1 7.1.0
2026-03-28 16:40:07,281 [INFO] ThirdParty:1030 - CMSIS Pack Vendor :wolfSSL I-CUBE-wolfMQTT 1.19.2
2026-03-28 16:40:07,281 [INFO] ThirdParty:1030 - CMSIS Pack Vendor :STMicroelectronics USB_DEVICE 3.0.0
2026-03-28 16:40:07,281 [INFO] ThirdParty:1030 - CMSIS Pack Vendor :STMicroelectronics X-CUBE-FREERTOS 1.4.0
2026-03-28 16:40:07,281 [INFO] ThirdParty:1030 - CMSIS Pack Vendor :STMicroelectronics X-CUBE-EEPRMA1 5.2.0
2026-03-28 16:40:07,281 [INFO] ThirdParty:1030 - CMSIS Pack Vendor :STMicroelectronics X-CUBE-BLEMGR 4.1.0
2026-03-28 16:40:07,281 [INFO] ThirdParty:1030 - CMSIS Pack Vendor :STMicroelectronics X-CUBE-AZRTOS-WB 2.0.0
2026-03-28 16:40:07,281 [INFO] ThirdParty:1030 - CMSIS Pack Vendor :STMicroelectronics X-CUBE-GNSS1 7.0.1
2026-03-28 16:40:07,281 [INFO] ThirdParty:1030 - CMSIS Pack Vendor :STMicroelectronics X-CUBE-TOUCHGFX 4.25.0
2026-03-28 16:40:07,281 [INFO] ThirdParty:1030 - CMSIS Pack Vendor :STMicroelectronics X-CUBE-ST67W61 1.1.0
2026-03-28 16:40:07,281 [INFO] ThirdParty:1030 - CMSIS Pack Vendor :quantropi X-CUBE-qispace-sdk-base 2.1.0
2026-03-28 16:40:07,281 [INFO] ThirdParty:1030 - CMSIS Pack Vendor :STMicroelectronics X-CUBE-MEMS1 12.0.0
2026-03-28 16:40:07,281 [INFO] ThirdParty:1030 - CMSIS Pack Vendor :STMicroelectronics X-CUBE-STSE01 2.0.0
2026-03-28 16:40:07,281 [INFO] ThirdParty:1030 - CMSIS Pack Vendor :STMicroelectronics X-CUBE-AZRTOS-G0 1.1.0
2026-03-28 16:40:07,281 [INFO] ThirdParty:1030 - CMSIS Pack Vendor :STMicroelectronics X-CUBE-SAFEA1 1.2.2
2026-03-28 16:40:07,281 [INFO] ThirdParty:1030 - CMSIS Pack Vendor :STMicroelectronics X-CUBE-NFC4 3.0.0
2026-03-28 16:40:07,281 [INFO] ThirdParty:1030 - CMSIS Pack Vendor :STMicroelectronics X-CUBE-SUBG2 5.0.0
2026-03-28 16:40:07,281 [INFO] ThirdParty:1030 - CMSIS Pack Vendor :STMicroelectronics X-CUBE-AZRTOS-H7RS 1.1.0
2026-03-28 16:40:07,281 [INFO] ThirdParty:1030 - CMSIS Pack Vendor :STMicroelectronics STM32_WPAN 1.0.0
2026-03-28 16:40:07,281 [INFO] ThirdParty:1030 - CMSIS Pack Vendor :EmbeddedOffice I-CUBE-FS-RTOS 1.0.1
2026-03-28 16:40:07,281 [INFO] ThirdParty:1030 - CMSIS Pack Vendor :STMicroelectronics lwIP 2.0.3
2026-03-28 16:40:07,281 [INFO] ThirdParty:1030 - CMSIS Pack Vendor :Cesanta I-CUBE-Mongoose 7.13.0
2026-03-28 16:40:07,281 [INFO] ThirdParty:1030 - CMSIS Pack Vendor :STMicroelectronics USB_HOST 1.0.0
2026-03-28 16:40:07,281 [INFO] ThirdParty:1030 - CMSIS Pack Vendor :STMicroelectronics X-CUBE-AZRTOS-G4 2.0.0
2026-03-28 16:40:07,281 [INFO] ThirdParty:1030 - CMSIS Pack Vendor :STMicroelectronics X-CUBE-WB05N 2.0.0
2026-03-28 16:40:07,281 [INFO] ThirdParty:1030 - CMSIS Pack Vendor :STMicroelectronics PDM2PCM 3.1.0
2026-03-28 16:40:07,281 [INFO] ThirdParty:1030 - CMSIS Pack Vendor :wolfSSL I-CUBE-wolfTPM 3.8.0
2026-03-28 16:40:07,281 [INFO] ThirdParty:1030 - CMSIS Pack Vendor :wolfSSL I-CUBE-wolfSSH 1.4.20
2026-03-28 16:40:07,282 [INFO] ThirdParty:1030 - CMSIS Pack Vendor :STMicroelectronics X-CUBE-NFC7 2.0.0
2026-03-28 16:40:07,282 [INFO] ThirdParty:1030 - CMSIS Pack Vendor :STMicroelectronics X-CUBE-TCPP 4.2.0
2026-03-28 16:40:07,282 [INFO] ThirdParty:1030 - CMSIS Pack Vendor :RealThread X-CUBE-RT-Thread_Nano 4.1.1
2026-03-28 16:40:07,282 [INFO] ThirdParty:1030 - CMSIS Pack Vendor :STMicroelectronics FP-ATR-SIGFOX1 3.2.0
2026-03-28 16:40:07,282 [INFO] ThirdParty:1030 - CMSIS Pack Vendor :STMicroelectronics X-CUBE-FREERTOS 1.5.0
2026-03-28 16:40:07,282 [INFO] ThirdParty:1030 - CMSIS Pack Vendor :STMicroelectronics MBEDTLS 2.16.2
2026-03-28 16:40:07,282 [INFO] ThirdParty:1030 - CMSIS Pack Vendor :STMicroelectronics X-CUBE-IPS 3.1.0
2026-03-28 16:40:07,282 [INFO] ThirdParty:1030 - CMSIS Pack Vendor :STMicroelectronics X-CUBE-ALS 1.0.2
2026-03-28 16:40:07,282 [INFO] ThirdParty:1030 - CMSIS Pack Vendor :ITTIA_DB I-CUBE-ITTIADB 8.9.0
2026-03-28 16:40:07,282 [INFO] ThirdParty:1030 - CMSIS Pack Vendor :STMicroelectronics X-CUBE-STSE01 1.0.0
2026-03-28 16:40:07,282 [INFO] ThirdParty:1030 - CMSIS Pack Vendor :STMicroelectronics X-CUBE-NFC6 3.2.0
2026-03-28 16:40:07,286 [INFO] ThirdParty:1030 - CMSIS Pack Vendor :STMicroelectronics X-CUBE-ST67W61 1.0.0
2026-03-28 16:40:07,290 [INFO] ThirdParty:1030 - CMSIS Pack Vendor :STMicroelectronics X-CUBE-AI 10.2.0
2026-03-28 16:40:07,291 [INFO] ThirdParty:1030 - CMSIS Pack Vendor :STMicroelectronics ThreadX 1.0.0
2026-03-28 16:40:07,291 [INFO] ThirdParty:1030 - CMSIS Pack Vendor :SEGGER I-CUBE-embOS 1.3.1
2026-03-28 16:40:07,291 [INFO] ThirdParty:1030 - CMSIS Pack Vendor :STMicroelectronics X-CUBE-ALGOBUILD 1.4.0
2026-03-28 16:40:07,291 [INFO] ThirdParty:1030 - CMSIS Pack Vendor :STMicroelectronics X-CUBE-MEMS1 11.3.0
2026-03-28 16:40:07,292 [INFO] ThirdParty:1030 - CMSIS Pack Vendor :STMicroelectronics X-CUBE-TOF1 3.4.3
2026-03-28 16:40:07,296 [INFO] ThirdParty:841 - exiting critical section [change project]
2026-03-28 16:40:08,843 [INFO] PinOutPanel:1589 - setPackage(No Configuration,No Configuration)
2026-03-28 16:40:08,865 [INFO] PinOutPanel:1589 - setPackage(STM32L431CBTx,LQFP48)
2026-03-28 16:40:09,910 [INFO] UtilMem:75 - Before build in PCC Used Memory: 298577088 Bytes (356515840)
2026-03-28 16:40:12,077 [INFO] UtilMem:75 - After build in PCC Used Memory: 320803544 Bytes (376438784)
2026-03-28 16:40:12,215 [INFO] IPUIPlugin:80 - create IPUIPlugin
2026-03-28 16:40:12,218 [INFO] IPUIPlugin:80 - create IPUIPlugin
2026-03-28 16:40:12,219 [INFO] IPUIPlugin:80 - create IPUIPlugin
2026-03-28 16:40:12,220 [INFO] IPUIPlugin:80 - create IPUIPlugin
2026-03-28 16:40:12,220 [INFO] IPUIPlugin:80 - create IPUIPlugin
2026-03-28 16:40:12,220 [INFO] IPUIPlugin:80 - create IPUIPlugin
2026-03-28 16:40:12,221 [INFO] IPUIPlugin:80 - create IPUIPlugin
2026-03-28 16:40:12,221 [INFO] IPUIPlugin:80 - create IPUIPlugin
2026-03-28 16:40:12,221 [INFO] IPUIPlugin:80 - create IPUIPlugin
2026-03-28 16:40:12,222 [INFO] IPUIPlugin:80 - create IPUIPlugin
2026-03-28 16:40:12,222 [INFO] IPUIPlugin:80 - create IPUIPlugin
2026-03-28 16:40:12,222 [INFO] IPUIPlugin:80 - create IPUIPlugin
2026-03-28 16:40:12,222 [INFO] IPUIPlugin:80 - create IPUIPlugin
2026-03-28 16:40:12,222 [INFO] IPUIPlugin:80 - create IPUIPlugin
2026-03-28 16:40:12,222 [INFO] IPUIPlugin:80 - create IPUIPlugin
2026-03-28 16:40:12,223 [INFO] IPUIPlugin:80 - create IPUIPlugin
2026-03-28 16:40:12,223 [INFO] IPUIPlugin:80 - create IPUIPlugin
2026-03-28 16:40:12,223 [INFO] IPUIPlugin:80 - create IPUIPlugin
2026-03-28 16:40:12,226 [INFO] IPUIPlugin:80 - create IPUIPlugin
2026-03-28 16:40:12,227 [INFO] IPUIPlugin:80 - create IPUIPlugin
2026-03-28 16:40:12,227 [INFO] IPUIPlugin:80 - create IPUIPlugin
2026-03-28 16:40:12,227 [INFO] IPUIPlugin:80 - create IPUIPlugin
2026-03-28 16:40:12,227 [INFO] IPUIPlugin:80 - create IPUIPlugin
2026-03-28 16:40:12,228 [INFO] IPUIPlugin:80 - create IPUIPlugin
2026-03-28 16:40:12,228 [INFO] IPUIPlugin:80 - create IPUIPlugin
2026-03-28 16:40:12,228 [INFO] IPUIPlugin:80 - create IPUIPlugin
2026-03-28 16:40:12,228 [INFO] IPUIPlugin:80 - create IPUIPlugin
2026-03-28 16:40:12,228 [INFO] IPUIPlugin:80 - create IPUIPlugin
2026-03-28 16:40:12,228 [INFO] IPUIPlugin:80 - create IPUIPlugin
2026-03-28 16:40:12,228 [INFO] IPUIPlugin:80 - create IPUIPlugin
2026-03-28 16:40:12,228 [INFO] IPUIPlugin:80 - create IPUIPlugin
2026-03-28 16:40:12,228 [INFO] IPUIPlugin:80 - create IPUIPlugin
2026-03-28 16:40:12,228 [INFO] IPUIPlugin:80 - create IPUIPlugin
2026-03-28 16:40:12,228 [INFO] IPUIPlugin:80 - create IPUIPlugin
2026-03-28 16:40:12,229 [INFO] IPUIPlugin:80 - create IPUIPlugin
2026-03-28 16:40:12,229 [INFO] IPUIPlugin:80 - create IPUIPlugin
2026-03-28 16:40:12,229 [INFO] IPUIPlugin:80 - create IPUIPlugin
2026-03-28 16:40:12,229 [INFO] IPUIPlugin:80 - create IPUIPlugin
2026-03-28 16:40:12,229 [INFO] IPUIPlugin:80 - create IPUIPlugin
2026-03-28 16:40:12,230 [INFO] IPUIPlugin:80 - create IPUIPlugin
2026-03-28 16:40:12,230 [INFO] IPUIPlugin:80 - create IPUIPlugin
2026-03-28 16:40:12,230 [INFO] IPUIPlugin:80 - create IPUIPlugin
2026-03-28 16:40:12,293 [INFO] Can:71 - Can Add PropertyChangeListener com.st.microxplorer.plugins.ip.can.Can@2dc36dd8
2026-03-28 16:40:12,686 [INFO] CADModel:165 - CPN selected for project levelSTM32L431CBT3
2026-03-28 16:40:12,686 [INFO] CADModel:114 - Register for checkConnection events
2026-03-28 16:40:12,738 [INFO] OpenFileManager:386 - Restore cursor
2026-03-28 16:41:06,000 [INFO] NvicIntPanel:101 - NVIC parent = com.st.microxplorer.plugins.ip.nvic.MultiNvicIntPanel[,0,0,450x299,layout=javax.swing.BoxLayout,alignmentX=0.0,alignmentY=0.0,border=,flags=9,maximumSize=,minimumSize=,preferredSize=]
2026-03-28 16:41:18,585 [ERROR] LogOutputStream:75 - [STDERR_REDIRECT] 
