2026-03-14 13:23:42,912 [INFO] Activator:176 - 


2026-03-14 13:23:42,921 [INFO] Activator:177 - !SESSION log4j initialized
2026-03-14 13:23:49,462 [INFO] LogOutputStream:77 - [STDOUT_REDIRECT] 
2026-03-14 13:23:51,399 [ERROR] LogOutputStream:75 - [STDERR_REDIRECT] 
2026-03-14 13:23:56,011 [INFO] LogOutputStream:77 - [STDOUT_REDIRECT] 
2026-03-14 13:23:58,353 [INFO] ApplicationProperties:184 - Using Application install path: /Applications/STM32CubeIDE.app/Contents/Eclipse/plugins/com.st.stm32cube.common.mx_6.15.0.202507011659
2026-03-14 13:23:58,390 [INFO] DbMcusXml:78 - Set database path to: /Applications/STM32CubeIDE.app/Contents/Eclipse/plugins/com.st.stm32cube.common.mx_6.15.0.202507011659//db//mcu/
2026-03-14 13:23:58,391 [INFO] ApiDb:274 - Set plugin database path to: /Applications/STM32CubeIDE.app/Contents/Eclipse/plugins/com.st.stm32cube.common.mx_6.15.0.202507011659//db//plugins/boardmanager/
2026-03-14 13:23:58,393 [WARN] ApiDb:259 - Overriding images path with different value:  => /Applications/STM32CubeIDE.app/Contents/Eclipse/plugins/com.st.stm32cube.common.mx_6.15.0.202507011659//db//plugins/mcufinder/images/
2026-03-14 13:23:58,419 [INFO] ApiDb:250 - Set database path to: /Users/karthikkurapati/.stmcufinder/plugins/mcufinder//mcu/
2026-03-14 13:23:58,421 [INFO] DbMcusAds:125 - Set database path to: /Users/karthikkurapati/.stmcufinder/plugins/mcufinder//mcu/
2026-03-14 13:23:58,426 [INFO] CrossReferenceDbSqlite:203 - Set database path to: /Users/karthikkurapati/.stmcufinder/plugins/mcufinder//mcu/cs/
2026-03-14 13:23:58,754 [INFO] RulesReader:64 - Compatibility file has been processed (317 Rules)
2026-03-14 13:23:58,875 [INFO] DbMcusXml:78 - Set database path to: /Applications/STM32CubeIDE.app/Contents/Eclipse/plugins/com.st.stm32cube.common.mx_6.15.0.202507011659//db//mcu/
2026-03-14 13:23:58,875 [INFO] ApiDb:274 - Set plugin database path to: /Applications/STM32CubeIDE.app/Contents/Eclipse/plugins/com.st.stm32cube.common.mx_6.15.0.202507011659//db//plugins/boardmanager/
2026-03-14 13:23:58,876 [INFO] ApiDb:261 - Set plugin images path to: /Applications/STM32CubeIDE.app/Contents/Eclipse/plugins/com.st.stm32cube.common.mx_6.15.0.202507011659//db//plugins/mcufinder/images/
2026-03-14 13:23:58,877 [WARN] DbFile:41 - Overriding database path with different value: /Users/karthikkurapati/.stmcufinder/plugins/mcufinder/ => /Users/karthikkurapati/.stmcufinder/plugins/mcufinder
2026-03-14 13:23:58,877 [INFO] ApiDb:250 - Set database path to: /Users/karthikkurapati/.stmcufinder/plugins/mcufinder//mcu/
2026-03-14 13:23:58,877 [WARN] DbFile:41 - Overriding database path with different value: /Users/karthikkurapati/.stmcufinder/plugins/mcufinder/ => /Users/karthikkurapati/.stmcufinder/plugins/mcufinder
2026-03-14 13:23:58,877 [INFO] DbMcusAds:125 - Set database path to: /Users/karthikkurapati/.stmcufinder/plugins/mcufinder//mcu/
2026-03-14 13:23:58,877 [WARN] DbFile:41 - Overriding database path with different value: /Users/karthikkurapati/.stmcufinder/plugins/mcufinder/ => /Users/karthikkurapati/.stmcufinder/plugins/mcufinder
2026-03-14 13:23:58,877 [WARN] DbFile:41 - Overriding database path with different value: /Users/karthikkurapati/.stmcufinder/plugins/mcufinder/ => /Users/karthikkurapati/.stmcufinder/plugins/mcufinder
2026-03-14 13:23:58,877 [INFO] CrossReferenceDbSqlite:203 - Set database path to: /Users/karthikkurapati/.stmcufinder/plugins/mcufinder//mcu/cs/
2026-03-14 13:23:59,074 [INFO] MainPanel:274 - HeapMemory: 304087040
2026-03-14 13:23:59,717 [INFO] DbMcusXml:78 - Set database path to: /Applications/STM32CubeIDE.app/Contents/Eclipse/plugins/com.st.stm32cube.common.mx_6.15.0.202507011659//db//mcu/
2026-03-14 13:23:59,717 [INFO] ApiDb:274 - Set plugin database path to: /Applications/STM32CubeIDE.app/Contents/Eclipse/plugins/com.st.stm32cube.common.mx_6.15.0.202507011659//db//plugins/boardmanager/
2026-03-14 13:23:59,717 [INFO] ApiDb:261 - Set plugin images path to: /Applications/STM32CubeIDE.app/Contents/Eclipse/plugins/com.st.stm32cube.common.mx_6.15.0.202507011659//db//plugins/mcufinder/images/
2026-03-14 13:23:59,718 [WARN] DbFile:41 - Overriding database path with different value: /Users/karthikkurapati/.stmcufinder/plugins/mcufinder/ => /Users/karthikkurapati/.stmcufinder/plugins/mcufinder
2026-03-14 13:23:59,718 [INFO] ApiDb:250 - Set database path to: /Users/karthikkurapati/.stmcufinder/plugins/mcufinder//mcu/
2026-03-14 13:23:59,719 [WARN] DbFile:41 - Overriding database path with different value: /Users/karthikkurapati/.stmcufinder/plugins/mcufinder/ => /Users/karthikkurapati/.stmcufinder/plugins/mcufinder
2026-03-14 13:23:59,719 [INFO] DbMcusAds:125 - Set database path to: /Users/karthikkurapati/.stmcufinder/plugins/mcufinder//mcu/
2026-03-14 13:23:59,719 [WARN] DbFile:41 - Overriding database path with different value: /Users/karthikkurapati/.stmcufinder/plugins/mcufinder/ => /Users/karthikkurapati/.stmcufinder/plugins/mcufinder
2026-03-14 13:23:59,719 [WARN] DbFile:41 - Overriding database path with different value: /Users/karthikkurapati/.stmcufinder/plugins/mcufinder/ => /Users/karthikkurapati/.stmcufinder/plugins/mcufinder
2026-03-14 13:23:59,719 [INFO] CrossReferenceDbSqlite:203 - Set database path to: /Users/karthikkurapati/.stmcufinder/plugins/mcufinder//mcu/cs/
2026-03-14 13:23:59,763 [INFO] ApplicationProperties:184 - Using Application install path: /Applications/STM32CubeIDE.app/Contents/Eclipse/plugins/com.st.stm32cube.common.mx_6.15.0.202507011659
2026-03-14 13:23:59,767 [INFO] PluginManage:196 - Search for loadable plugins [exclusion list=, ]
2026-03-14 13:23:59,773 [INFO] PluginManage:310 - Check plugin analytics
2026-03-14 13:24:00,229 [INFO] AnalyticsPlugin:253 - Accepted Software Licenses: 
2026-03-14 13:24:00,230 [INFO] AnalyticsPlugin:255 - Accepted CMSIS Pack Licenses: 
2026-03-14 13:24:00,230 [INFO] AnalyticsPlugin:257 - Accepted Firmware Licenses: FW.L4.1.18.0
2026-03-14 13:24:00,248 [INFO] PluginManage:359 - Loaded plugin analytics (category:tool,tabindex:-1)
2026-03-14 13:24:00,252 [INFO] PluginManage:310 - Check plugin cadmodel
2026-03-14 13:24:00,278 [INFO] CADModel:105 - Init CAD model plugin
2026-03-14 13:24:00,278 [INFO] PluginManage:359 - Loaded plugin cadmodel (category:power,tabindex:5)
2026-03-14 13:24:00,279 [INFO] PluginManage:310 - Check plugin clock
2026-03-14 13:24:00,295 [INFO] PluginManage:359 - Loaded plugin clock (category:base,tabindex:2)
2026-03-14 13:24:00,296 [INFO] PluginManage:310 - Check plugin ddr
2026-03-14 13:24:00,299 [INFO] PluginManage:359 - Loaded plugin ddr (category:tool,tabindex:6)
2026-03-14 13:24:00,299 [INFO] PluginManage:310 - Check plugin filemanager
2026-03-14 13:24:00,611 [INFO] PluginManage:359 - Loaded plugin filemanager (category:base,tabindex:10)
2026-03-14 13:24:00,612 [INFO] PluginManage:310 - Check plugin ipmanager
2026-03-14 13:24:00,628 [INFO] PluginManage:359 - Loaded plugin ipmanager (category:base,tabindex:5)
2026-03-14 13:24:00,629 [INFO] PluginManage:310 - Check plugin lpbam
2026-03-14 13:24:00,652 [INFO] PluginManage:359 - Loaded plugin lpbam (category:base,tabindex:0)
2026-03-14 13:24:00,652 [INFO] PluginManage:310 - Check plugin memorymap
2026-03-14 13:24:00,670 [INFO] PluginManage:359 - Loaded plugin memorymap (category:base,tabindex:4)
2026-03-14 13:24:00,670 [INFO] PluginManage:310 - Check plugin pinoutandconfiguration
2026-03-14 13:24:00,687 [INFO] PluginManage:359 - Loaded plugin pinoutandconfiguration (category:base,tabindex:1)
2026-03-14 13:24:00,687 [INFO] PluginManage:310 - Check plugin pinoutconfig
2026-03-14 13:24:00,902 [WARN] SupportedApi:132 - Cannot load RTOS API schema: s4s-elt-must-match.1: The content of 'definitions' must match (annotation?, (simpleType | complexType)?, (unique | key | keyref)*)). A problem was found starting at: attribute.
2026-03-14 13:24:01,237 [INFO] PluginManage:359 - Loaded plugin pinoutconfig (category:base,tabindex:0)
2026-03-14 13:24:01,239 [INFO] PluginManage:310 - Check plugin power
2026-03-14 13:24:01,260 [INFO] PluginManage:359 - Loaded plugin power (category:power,tabindex:4)
2026-03-14 13:24:01,260 [INFO] PluginManage:310 - Check plugin projectmanager
2026-03-14 13:24:01,375 [INFO] PluginManage:359 - Loaded plugin projectmanager (category:projectmanager,tabindex:4)
2026-03-14 13:24:01,375 [INFO] PluginManage:310 - Check plugin rif
2026-03-14 13:24:01,390 [INFO] PluginManage:359 - Loaded plugin rif (category:base,tabindex:3)
2026-03-14 13:24:01,391 [INFO] PluginManage:310 - Check plugin thirdparty
2026-03-14 13:24:01,856 [INFO] PluginManage:359 - Loaded plugin thirdparty (category:base,tabindex:-1)
2026-03-14 13:24:01,857 [INFO] PluginManage:310 - Check plugin tools
2026-03-14 13:24:01,855 [WARN] IntegrityCheckThread:84 - waiting for thirdparty lock release [integrity check]
2026-03-14 13:24:01,866 [INFO] IntegrityCheckThread:86 - entering critical section [integrity check]
2026-03-14 13:24:01,867 [INFO] PluginManage:359 - Loaded plugin tools (category:base,tabindex:7)
2026-03-14 13:24:01,867 [INFO] PluginManage:310 - Check plugin tutovideos
2026-03-14 13:24:01,868 [INFO] ThirdPartyUpdaterWithRetryManager:70 - Updater plugin not ready yet. [1/15]
2026-03-14 13:24:02,406 [INFO] PluginManage:359 - Loaded plugin tutovideos (category:base,tabindex:-1)
2026-03-14 13:24:02,407 [INFO] PluginManage:310 - Check plugin updater
2026-03-14 13:24:02,961 [INFO] PluginManage:359 - Loaded plugin updater (category:base,tabindex:12)
2026-03-14 13:24:02,987 [INFO] PluginManage:310 - Check plugin userauth
2026-03-14 13:24:03,059 [INFO] UserAuth:118 - Init User Auth plugin
2026-03-14 13:24:03,098 [INFO] PluginManage:359 - Loaded plugin userauth (category:base,tabindex:14)
2026-03-14 13:24:03,107 [INFO] PluginManage:283 - PluginManage : Loaded plugins [18]
2026-03-14 13:24:03,773 [INFO] PinOutPanel:1589 - setPackage(No Configuration,No Configuration)
2026-03-14 13:24:03,900 [INFO] CADModel:165 - CPN selected for project level
2026-03-14 13:24:03,900 [INFO] CADModel:114 - Register for checkConnection events
2026-03-14 13:24:03,924 [INFO] IPUIPlugin:80 - create IPUIPlugin
2026-03-14 13:24:03,925 [INFO] PluginManager:220 - loadIPPluginJar : add mdma
2026-03-14 13:24:03,935 [INFO] IPUIPlugin:80 - create IPUIPlugin
2026-03-14 13:24:03,935 [INFO] PluginManager:220 - loadIPPluginJar : add freertos
2026-03-14 13:24:03,941 [INFO] IPUIPlugin:80 - create IPUIPlugin
2026-03-14 13:24:03,941 [INFO] PluginManager:220 - loadIPPluginJar : add gic
2026-03-14 13:24:03,952 [INFO] IPUIPlugin:80 - create IPUIPlugin
2026-03-14 13:24:03,952 [INFO] PluginManager:220 - loadIPPluginJar : add adc
2026-03-14 13:24:03,954 [INFO] IPUIPlugin:80 - create IPUIPlugin
2026-03-14 13:24:03,954 [INFO] PluginManager:220 - loadIPPluginJar : add gtzc
2026-03-14 13:24:03,956 [INFO] IPUIPlugin:80 - create IPUIPlugin
2026-03-14 13:24:03,956 [INFO] PluginManager:220 - loadIPPluginJar : add quadspi
2026-03-14 13:24:03,958 [INFO] IPUIPlugin:80 - create IPUIPlugin
2026-03-14 13:24:03,958 [INFO] PluginManager:220 - loadIPPluginJar : add aes
2026-03-14 13:24:03,961 [INFO] IPUIPlugin:80 - create IPUIPlugin
2026-03-14 13:24:03,961 [INFO] PluginManager:220 - loadIPPluginJar : add pdm2pcm
2026-03-14 13:24:03,963 [INFO] IPUIPlugin:80 - create IPUIPlugin
2026-03-14 13:24:03,963 [INFO] PluginManager:220 - loadIPPluginJar : add hash
2026-03-14 13:24:03,965 [INFO] IPUIPlugin:80 - create IPUIPlugin
2026-03-14 13:24:03,965 [INFO] PluginManager:220 - loadIPPluginJar : add tim
2026-03-14 13:24:03,967 [INFO] IPUIPlugin:80 - create IPUIPlugin
2026-03-14 13:24:03,967 [INFO] PluginManager:220 - loadIPPluginJar : add tsc
2026-03-14 13:24:03,970 [INFO] IPUIPlugin:80 - create IPUIPlugin
2026-03-14 13:24:03,970 [INFO] PluginManager:220 - loadIPPluginJar : add extmemmanager
2026-03-14 13:24:03,973 [INFO] IPUIPlugin:80 - create IPUIPlugin
2026-03-14 13:24:03,973 [INFO] PluginManager:220 - loadIPPluginJar : add ts
2026-03-14 13:24:03,974 [INFO] IPUIPlugin:80 - create IPUIPlugin
2026-03-14 13:24:03,975 [INFO] PluginManager:220 - loadIPPluginJar : add radio
2026-03-14 13:24:03,977 [INFO] IPUIPlugin:80 - create IPUIPlugin
2026-03-14 13:24:03,977 [INFO] PluginManager:220 - loadIPPluginJar : add can
2026-03-14 13:24:03,979 [INFO] IPUIPlugin:80 - create IPUIPlugin
2026-03-14 13:24:03,979 [INFO] PluginManager:220 - loadIPPluginJar : add dma3
2026-03-14 13:24:03,981 [INFO] IPUIPlugin:80 - create IPUIPlugin
2026-03-14 13:24:03,981 [INFO] PluginManager:220 - loadIPPluginJar : add dfsdm
2026-03-14 13:24:03,983 [INFO] IPUIPlugin:80 - create IPUIPlugin
2026-03-14 13:24:03,983 [INFO] PluginManager:220 - loadIPPluginJar : add spi
2026-03-14 13:24:03,985 [INFO] IPUIPlugin:80 - create IPUIPlugin
2026-03-14 13:24:03,985 [INFO] PluginManager:220 - loadIPPluginJar : add gfxmmu
2026-03-14 13:24:03,987 [INFO] IPUIPlugin:80 - create IPUIPlugin
2026-03-14 13:24:03,987 [INFO] PluginManager:220 - loadIPPluginJar : add genericplugin
2026-03-14 13:24:03,989 [INFO] IPUIPlugin:80 - create IPUIPlugin
2026-03-14 13:24:03,989 [INFO] PluginManager:220 - loadIPPluginJar : add cryp
2026-03-14 13:24:03,992 [INFO] IPUIPlugin:80 - create IPUIPlugin
2026-03-14 13:24:03,993 [INFO] PluginManager:220 - loadIPPluginJar : add gpio
2026-03-14 13:24:03,996 [INFO] IPUIPlugin:80 - create IPUIPlugin
2026-03-14 13:24:03,996 [INFO] PluginManager:220 - loadIPPluginJar : add ddr_ctrl_phy
2026-03-14 13:24:03,998 [INFO] IPUIPlugin:80 - create IPUIPlugin
2026-03-14 13:24:03,998 [INFO] PluginManager:220 - loadIPPluginJar : add comp
2026-03-14 13:24:04,001 [INFO] IPUIPlugin:80 - create IPUIPlugin
2026-03-14 13:24:04,002 [INFO] PluginManager:220 - loadIPPluginJar : add tracer_emb
2026-03-14 13:24:04,005 [INFO] IPUIPlugin:80 - create IPUIPlugin
2026-03-14 13:24:04,006 [INFO] PluginManager:220 - loadIPPluginJar : add openamp
2026-03-14 13:24:04,011 [INFO] IPUIPlugin:80 - create IPUIPlugin
2026-03-14 13:24:04,011 [INFO] PluginManager:220 - loadIPPluginJar : add stm32_wpan
2026-03-14 13:24:04,016 [INFO] IPUIPlugin:80 - create IPUIPlugin
2026-03-14 13:24:04,019 [INFO] PluginManager:220 - loadIPPluginJar : add plateformsettings
2026-03-14 13:24:04,022 [INFO] IPUIPlugin:80 - create IPUIPlugin
2026-03-14 13:24:04,022 [INFO] PluginManager:220 - loadIPPluginJar : add ipddr
2026-03-14 13:24:04,024 [INFO] IPUIPlugin:80 - create IPUIPlugin
2026-03-14 13:24:04,024 [INFO] PluginManager:220 - loadIPPluginJar : add usart
2026-03-14 13:24:04,026 [INFO] IPUIPlugin:80 - create IPUIPlugin
2026-03-14 13:24:04,026 [INFO] PluginManager:220 - loadIPPluginJar : add ltdc
2026-03-14 13:24:04,029 [INFO] IPUIPlugin:80 - create IPUIPlugin
2026-03-14 13:24:04,029 [INFO] PluginManager:220 - loadIPPluginJar : add nvic
2026-03-14 13:24:04,030 [INFO] IPUIPlugin:80 - create IPUIPlugin
2026-03-14 13:24:04,031 [INFO] PluginManager:220 - loadIPPluginJar : add fatfs
2026-03-14 13:24:04,038 [INFO] IPUIPlugin:80 - create IPUIPlugin
2026-03-14 13:24:04,038 [INFO] PluginManager:220 - loadIPPluginJar : add linkedlist
2026-03-14 13:24:04,044 [INFO] IPUIPlugin:80 - create IPUIPlugin
2026-03-14 13:24:04,044 [INFO] PluginManager:220 - loadIPPluginJar : add dma
2026-03-14 13:24:04,048 [INFO] IPUIPlugin:80 - create IPUIPlugin
2026-03-14 13:24:04,048 [INFO] PluginManager:220 - loadIPPluginJar : add fmc
2026-03-14 13:24:04,050 [INFO] IPUIPlugin:80 - create IPUIPlugin
2026-03-14 13:24:04,050 [INFO] PluginManager:220 - loadIPPluginJar : add i2s
2026-03-14 13:24:04,052 [INFO] IPUIPlugin:80 - create IPUIPlugin
2026-03-14 13:24:04,052 [INFO] PluginManager:220 - loadIPPluginJar : add ucpd
2026-03-14 13:24:04,055 [INFO] IPUIPlugin:80 - create IPUIPlugin
2026-03-14 13:24:04,055 [INFO] PluginManager:220 - loadIPPluginJar : add lorawan
2026-03-14 13:24:04,059 [INFO] IPUIPlugin:80 - create IPUIPlugin
2026-03-14 13:24:04,059 [INFO] PluginManager:220 - loadIPPluginJar : add opamp
2026-03-14 13:24:04,062 [INFO] IPUIPlugin:80 - create IPUIPlugin
2026-03-14 13:24:04,062 [INFO] PluginManager:220 - loadIPPluginJar : add i3c
2026-03-14 13:24:04,065 [INFO] IPUIPlugin:80 - create IPUIPlugin
2026-03-14 13:24:04,065 [INFO] PluginManager:220 - loadIPPluginJar : add touchsensing
2026-03-14 13:24:04,068 [INFO] IPUIPlugin:80 - create IPUIPlugin
2026-03-14 13:24:04,068 [INFO] PluginManager:220 - loadIPPluginJar : add i2c
2026-03-14 13:24:04,071 [INFO] IPUIPlugin:80 - create IPUIPlugin
2026-03-14 13:24:04,071 [INFO] PluginManager:220 - loadIPPluginJar : add resmgrutility
2026-03-14 13:24:04,076 [INFO] IPUIPlugin:80 - create IPUIPlugin
2026-03-14 13:24:04,076 [INFO] PluginManager:220 - loadIPPluginJar : add sai
2026-03-14 13:24:04,079 [INFO] IPUIPlugin:80 - create IPUIPlugin
2026-03-14 13:24:04,080 [INFO] PluginManager:220 - loadIPPluginJar : add usbx
2026-03-14 13:24:04,214 [FATAL] Updater:351 - Updater called before beeing initialized
2026-03-14 13:24:04,321 [INFO] RulesReader:64 - Compatibility file has been processed (317 Rules)
2026-03-14 13:24:04,347 [INFO] RulesReader:64 - Compatibility file has been processed (317 Rules)
2026-03-14 13:24:04,361 [INFO] CADModel:165 - CPN selected for project level
2026-03-14 13:24:04,361 [INFO] CADModel:114 - Register for checkConnection events
2026-03-14 13:24:04,361 [FATAL] Updater:351 - Updater called before beeing initialized
2026-03-14 13:24:04,361 [ERROR] CADModel:125 - Updater not yet initialized, retry later 
2026-03-14 13:24:04,673 [FATAL] Updater:351 - Updater called before beeing initialized
2026-03-14 13:24:04,676 [INFO] CADModel:165 - CPN selected for project level
2026-03-14 13:24:04,676 [INFO] CADModel:114 - Register for checkConnection events
2026-03-14 13:24:04,676 [FATAL] Updater:351 - Updater called before beeing initialized
2026-03-14 13:24:04,676 [ERROR] CADModel:125 - Updater not yet initialized, retry later 
2026-03-14 13:24:04,680 [FATAL] Updater:351 - Updater called before beeing initialized
2026-03-14 13:24:04,872 [INFO] ThirdPartyUpdaterWithRetryManager:70 - Updater plugin not ready yet. [2/15]
2026-03-14 13:24:04,935 [FATAL] Updater:351 - Updater called before beeing initialized
2026-03-14 13:24:04,947 [INFO] DbMcusAds:53 - JSON generation date=Thu Jan 08 09:57:51 CST 2026 (1767887871456)
2026-03-14 13:24:04,949 [FATAL] Updater:351 - Updater called before beeing initialized
2026-03-14 13:24:05,041 [WARN] DetailPanel:346 - Failed to get advertising image, set to default
2026-03-14 13:24:05,155 [FATAL] Updater:351 - Updater called before beeing initialized
2026-03-14 13:24:05,159 [FATAL] Updater:351 - Updater called before beeing initialized
2026-03-14 13:24:05,161 [FATAL] Updater:351 - Updater called before beeing initialized
2026-03-14 13:24:05,162 [WARN] DetailPanel:346 - Failed to get advertising image, set to default
2026-03-14 13:24:05,165 [FATAL] Updater:351 - Updater called before beeing initialized
2026-03-14 13:24:05,275 [ERROR] Updater:1198 - MainUpdater not yet initialized. External WinMGr cannot be set.
2026-03-14 13:24:05,293 [INFO] Updater:1134 - Updater Version found : 6.15.0
2026-03-14 13:24:05,313 [INFO] ApplicationProperties:184 - Using Application install path: /Applications/STM32CubeIDE.app/Contents/Eclipse/plugins/com.st.stm32cube.common.mx_6.15.0.202507011659
2026-03-14 13:24:05,846 [INFO] MainUpdater:2872 - connection check result : 10
2026-03-14 13:24:05,847 [INFO] MainUpdater:289 - Updater Check For Update Now.
2026-03-14 13:24:05,847 [INFO] MicroXplorer:498 - Change Database Version : DB.6.0.150
2026-03-14 13:24:05,860 [INFO] McuFinderGlobals:63 - Set McuFinder mode to 2 (CubeIDE integrated)
2026-03-14 13:24:05,862 [INFO] UserAuth:487 - Internet connection configuration mode: 1
2026-03-14 13:24:05,882 [INFO] JxBrowserEngine:152 - Initiate JxBrowser Engine with user profile folder
2026-03-14 13:24:06,229 [INFO] CheckServerUpdateThread:120 - End of CheckServer Thread
2026-03-14 13:24:08,647 [WARN] PackLoader:240 - Cannot read IP mode file for STMicroelectronics.X-CUBE-AZRTOS-H7.3.5.0
2026-03-14 13:24:08,851 [WARN] PackLoader:240 - Cannot read IP mode file for STMicroelectronics.FP-SNS-MOTENVWB1.1.4.0
2026-03-14 13:24:08,907 [WARN] PackLoader:240 - Cannot read IP mode file for STMicroelectronics.FP-ATR-ASTRA1.2.0.2
2026-03-14 13:24:08,931 [WARN] PackLoader:240 - Cannot read IP mode file for STMicroelectronics.X-CUBE-SMBUS.2.1.0
2026-03-14 13:24:08,943 [WARN] PackLoader:240 - Cannot read IP mode file for STMicroelectronics.X-CUBE-ST60.1.0.0
2026-03-14 13:24:09,006 [WARN] PackLoader:240 - Cannot read IP mode file for STMicroelectronics.X-CUBE-AZRTOS-F7.1.1.0
2026-03-14 13:24:09,042 [WARN] PackLoader:240 - Cannot read IP mode file for STMicroelectronics.FP-SNS-MOTENV1.5.1.0
2026-03-14 13:24:09,077 [WARN] PackLoader:240 - Cannot read IP mode file for WES.I-CUBE-Cesium.1.4.0
2026-03-14 13:24:09,157 [WARN] PackLoader:240 - Cannot read IP mode file for Infineon.AIROC-Wi-Fi-Bluetooth-STM32.1.7.1
2026-03-14 13:24:09,242 [WARN] PackLoader:240 - Cannot read IP mode file for STMicroelectronics.X-CUBE-AZRTOS-H7.3.4.0
2026-03-14 13:24:09,300 [WARN] PackLoader:240 - Cannot read IP mode file for STMicroelectronics.X-CUBE-DISPLAY.3.0.0
2026-03-14 13:24:09,313 [WARN] PackLoader:240 - Cannot read IP mode file for STMicroelectronics.FP-SNS-MOTENVWB1.1.5.0
2026-03-14 13:24:09,340 [WARN] PackLoader:240 - Cannot read IP mode file for STMicroelectronics.X-CUBE-NFC10.1.0.0
2026-03-14 13:24:09,408 [WARN] PackLoader:240 - Cannot read IP mode file for STMicroelectronics.X-CUBE-ST60.1.1.0
2026-03-14 13:24:09,439 [WARN] PackLoader:240 - Cannot read IP mode file for emotas.I-CUBE-CANOPEN.1.3.0
2026-03-14 13:24:09,461 [WARN] PackLoader:240 - Cannot read IP mode file for STMicroelectronics.X-CUBE-GNSS1.7.1.0
2026-03-14 13:24:09,482 [WARN] PackLoader:240 - Cannot read IP mode file for STMicroelectronics.FP-SNS-STBOX1.2.1.0
2026-03-14 13:24:09,520 [WARN] PackLoader:240 - Cannot read IP mode file for STMicroelectronics.FP-SNS-SMARTAG2.1.2.0
2026-03-14 13:24:09,526 [WARN] PackLoader:240 - Cannot read IP mode file for STMicroelectronics.FP-SNS-FLIGHT1.5.1.0
2026-03-14 13:24:09,542 [INFO] LogOutputStream:77 - [STDOUT_REDIRECT] 1 : Invalid condition id : UX_CORESTACK_Condition cause : null
2026-03-14 13:24:09,552 [INFO] LogOutputStream:77 - [STDOUT_REDIRECT] 1 : Invalid condition id : UX_CORESTACK_Condition cause : null
2026-03-14 13:24:09,552 [INFO] LogOutputStream:77 - [STDOUT_REDIRECT] 1 : Invalid condition id : UX_CORESTACK_Condition cause : null
2026-03-14 13:24:09,552 [INFO] LogOutputStream:77 - [STDOUT_REDIRECT] 1 : Invalid condition id : UX_CORESTACK_Condition cause : null
2026-03-14 13:24:09,553 [INFO] LogOutputStream:77 - [STDOUT_REDIRECT] 1 : Invalid condition id : UX_CORESTACK_Condition cause : null
2026-03-14 13:24:09,562 [WARN] PackLoader:240 - Cannot read IP mode file for STMicroelectronics.X-CUBE-AZRTOS-WL.2.0.0
2026-03-14 13:24:09,572 [WARN] PackLoader:240 - Cannot read IP mode file for STMicroelectronics.FP-SNS-MOTENV1.5.0.0
2026-03-14 13:24:09,612 [WARN] PackLoader:240 - Cannot read IP mode file for STMicroelectronics.X-CUBE-AZRTOS-H7RS.1.2.0
2026-03-14 13:24:09,631 [WARN] PackLoader:240 - Cannot read IP mode file for STMicroelectronics.X-CUBE-BLE2.3.3.0
2026-03-14 13:24:09,777 [WARN] PackLoader:240 - Cannot read IP mode file for STMicroelectronics.X-CUBE-NFC9.1.0.0
2026-03-14 13:24:09,869 [WARN] PackLoader:240 - Cannot read IP mode file for wolfSSL.I-CUBE-wolfSSL.5.8.2
2026-03-14 13:24:09,913 [WARN] PackLoader:240 - Cannot read IP mode file for STMicroelectronics.X-CUBE-BLE1.7.1.0
2026-03-14 13:24:09,957 [WARN] PackLoader:240 - Cannot read IP mode file for wolfSSL.I-CUBE-wolfMQTT.1.19.2
2026-03-14 13:24:09,977 [WARN] PackLoader:240 - Cannot read IP mode file for STMicroelectronics.X-CUBE-FREERTOS.1.4.0
2026-03-14 13:24:10,001 [WARN] PackLoader:240 - Cannot read IP mode file for STMicroelectronics.X-CUBE-EEPRMA1.5.2.0
2026-03-14 13:24:10,026 [WARN] PackLoader:240 - Cannot read IP mode file for STMicroelectronics.X-CUBE-ST67W61.1.1.0
2026-03-14 13:24:10,229 [WARN] PackLoader:240 - Cannot read IP mode file for STMicroelectronics.X-CUBE-MEMS1.12.0.0
2026-03-14 13:24:10,605 [WARN] PackLoader:240 - Cannot read IP mode file for STMicroelectronics.X-CUBE-AZRTOS-G0.1.1.0
2026-03-14 13:24:10,668 [WARN] PackLoader:240 - Cannot read IP mode file for STMicroelectronics.X-CUBE-SAFEA1.1.2.2
2026-03-14 13:24:10,694 [WARN] PackLoader:240 - Cannot read IP mode file for STMicroelectronics.X-CUBE-NFC4.3.0.0
2026-03-14 13:24:10,772 [WARN] PackLoader:240 - Cannot read IP mode file for EmbeddedOffice.I-CUBE-FS-RTOS.1.0.1
2026-03-14 13:24:10,801 [WARN] PackLoader:240 - Cannot read IP mode file for STMicroelectronics.X-CUBE-WB05N.2.0.0
2026-03-14 13:24:10,814 [WARN] PackLoader:240 - Cannot read IP mode file for wolfSSL.I-CUBE-wolfTPM.3.8.0
2026-03-14 13:24:10,826 [WARN] PackLoader:240 - Cannot read IP mode file for STMicroelectronics.X-CUBE-TCPP.4.2.0
2026-03-14 13:24:10,835 [WARN] PackLoader:240 - Cannot read IP mode file for RealThread.X-CUBE-RT-Thread_Nano.4.1.1
2026-03-14 13:24:10,847 [WARN] PackLoader:240 - Cannot read IP mode file for STMicroelectronics.FP-ATR-SIGFOX1.3.2.0
2026-03-14 13:24:10,860 [WARN] PackLoader:240 - Cannot read IP mode file for STMicroelectronics.X-CUBE-FREERTOS.1.5.0
2026-03-14 13:24:10,869 [WARN] PackLoader:240 - Cannot read IP mode file for ITTIA_DB.I-CUBE-ITTIADB.8.9.0
2026-03-14 13:24:10,907 [WARN] PackLoader:240 - Cannot read IP mode file for STMicroelectronics.X-CUBE-NFC6.3.2.0
2026-03-14 13:24:10,939 [WARN] PackLoader:240 - Cannot read IP mode file for STMicroelectronics.X-CUBE-ST67W61.1.0.0
2026-03-14 13:24:10,955 [WARN] PackLoader:240 - Cannot read IP mode file for STMicroelectronics.X-CUBE-AI.10.2.0
2026-03-14 13:24:11,014 [INFO] WebApp:169 - Instantiating new browser for Auth
2026-03-14 13:24:11,040 [WARN] PackLoader:240 - Cannot read IP mode file for SEGGER.I-CUBE-embOS.1.3.1
2026-03-14 13:24:11,130 [WARN] PackLoader:240 - Cannot read IP mode file for STMicroelectronics.X-CUBE-ALGOBUILD.1.4.0
2026-03-14 13:24:11,255 [WARN] PackLoader:240 - Cannot read IP mode file for STMicroelectronics.X-CUBE-MEMS1.11.3.0
2026-03-14 13:24:11,413 [WARN] PackLoader:240 - Cannot read IP mode file for STMicroelectronics.X-CUBE-PM33A1.1.0.0
2026-03-14 13:24:11,447 [WARN] PackLoader:240 - Cannot read IP mode file for STMicroelectronics.X-CUBE-AZRTOS-F4.1.1.0
2026-03-14 13:24:11,460 [WARN] PackLoader:240 - Cannot read IP mode file for Avnet-IotConnect.X-CUBE-IoTC-DA16k-PMOD.1.0.0
2026-03-14 13:24:11,466 [WARN] PackLoader:240 - Cannot read IP mode file for STMicroelectronics.X-CUBE-ISPU.2.1.0
2026-03-14 13:24:12,343 [WARN] PackLoader:240 - Cannot read IP mode file for STMicroelectronics.X-CUBE-IPS.3.2.0
2026-03-14 13:24:12,559 [WARN] PackLoader:240 - Cannot read IP mode file for STMicroelectronics.X-CUBE-NFC12.1.0.0
2026-03-14 13:24:12,666 [WARN] PackLoader:240 - Cannot read IP mode file for STMicroelectronics.X-CUBE-AZRTOS-L5.2.0.0
2026-03-14 13:24:12,699 [WARN] PackLoader:240 - Cannot read IP mode file for STMicroelectronics.X-CUBE-NFC6.3.1.0
2026-03-14 13:24:12,714 [WARN] PackLoader:240 - Cannot read IP mode file for STMicroelectronics.X-CUBE-FREERTOS.1.3.1
2026-03-14 13:24:12,746 [WARN] PackLoader:240 - Cannot read IP mode file for STMicroelectronics.X-CUBE-TOUCHGFX.4.26.0
2026-03-14 13:24:12,755 [WARN] PackLoader:240 - Cannot read IP mode file for STMicroelectronics.X-CUBE-TOUCHGFX.4.26.1
2026-03-14 13:24:12,769 [WARN] PackLoader:240 - Cannot read IP mode file for STMicroelectronics.FP-SNS-STAIOTCFT.1.0.0
2026-03-14 13:24:12,785 [WARN] PackLoader:240 - Cannot read IP mode file for STMicroelectronics.X-CUBE-DPower.1.3.0
2026-03-14 13:24:12,830 [WARN] ConditionMgr:438 - getConditionDescription Invalid condition id : LAN8742 Phy interface Condition cause : null
2026-03-14 13:24:12,833 [WARN] PackLoader:240 - Cannot read IP mode file for STMicroelectronics.X-CUBE-AZRTOS-L4.2.0.0
2026-03-14 13:24:12,839 [WARN] ConditionMgr:1044 - genDependencies : Invalid condition id : LAN8742 Phy interface Condition cause : null
2026-03-14 13:24:12,841 [WARN] ConditionMgr:1044 - genDependencies : Invalid condition id : LAN8742 Phy interface Condition cause : null
2026-03-14 13:24:12,843 [WARN] ConditionMgr:1044 - genDependencies : Invalid condition id : LAN8742 Phy interface Condition cause : null
2026-03-14 13:24:12,872 [WARN] PackLoader:240 - Cannot read IP mode file for STMicroelectronics.X-CUBE-SFXS2LP1.4.0.0
2026-03-14 13:24:12,893 [WARN] PackLoader:240 - Cannot read IP mode file for STMicroelectronics.X-CUBE-ST67W61.1.2.0
2026-03-14 13:24:12,923 [WARN] PackLoader:240 - Cannot read IP mode file for STMicroelectronics.X-CUBE-BLEMGR.4.1.0
2026-03-14 13:24:12,952 [WARN] ConditionMgr:438 - getConditionDescription Invalid condition id : UX DEVICE CLASS RTOS Condition cause : null
2026-03-14 13:24:12,953 [WARN] ConditionMgr:438 - getConditionDescription Invalid condition id : UX DEVICE CLASS RTOS Condition cause : null
2026-03-14 13:24:12,959 [WARN] PackLoader:240 - Cannot read IP mode file for STMicroelectronics.X-CUBE-AZRTOS-WB.2.0.0
2026-03-14 13:24:12,961 [WARN] ConditionMgr:1044 - genDependencies : Invalid condition id : UX DEVICE CLASS RTOS Condition cause : null
2026-03-14 13:24:12,961 [WARN] ConditionMgr:1044 - genDependencies : Invalid condition id : UX DEVICE CLASS RTOS Condition cause : null
2026-03-14 13:24:12,962 [WARN] ConditionMgr:1044 - genDependencies : Invalid condition id : UX DEVICE CLASS RTOS Condition cause : null
2026-03-14 13:24:12,963 [WARN] ConditionMgr:1044 - genDependencies : Invalid condition id : UX DEVICE CLASS RTOS Condition cause : null
2026-03-14 13:24:12,964 [WARN] ConditionMgr:1044 - genDependencies : Invalid condition id : UX DEVICE CLASS RTOS Condition cause : null
2026-03-14 13:24:12,977 [WARN] PackLoader:240 - Cannot read IP mode file for STMicroelectronics.X-CUBE-GNSS1.7.0.1
2026-03-14 13:24:12,984 [WARN] PackLoader:240 - Cannot read IP mode file for STMicroelectronics.X-CUBE-TOUCHGFX.4.25.0
2026-03-14 13:24:13,002 [WARN] ConditionMgr:438 - getConditionDescription Invalid condition id : Cortex-A Device cause : null
2026-03-14 13:24:13,099 [WARN] ConditionMgr:1044 - genDependencies : Invalid condition id : Cortex-A Device cause : null
2026-03-14 13:24:13,100 [WARN] ConditionMgr:1044 - genDependencies : Invalid condition id : Cortex-A Device cause : null
2026-03-14 13:24:13,100 [WARN] ConditionMgr:1044 - genDependencies : Invalid condition id : Cortex-A Device cause : null
2026-03-14 13:24:13,115 [WARN] PackLoader:240 - Cannot read IP mode file for STMicroelectronics.X-CUBE-STSE01.2.0.0
2026-03-14 13:24:13,152 [WARN] PackLoader:240 - Cannot read IP mode file for STMicroelectronics.X-CUBE-SUBG2.5.0.0
2026-03-14 13:24:13,214 [WARN] PackLoader:240 - Cannot read IP mode file for STMicroelectronics.X-CUBE-AZRTOS-H7RS.1.1.0
2026-03-14 13:24:13,234 [WARN] PackLoader:240 - Cannot read IP mode file for Cesanta.I-CUBE-Mongoose.7.13.0
2026-03-14 13:24:13,311 [WARN] PackLoader:240 - Cannot read IP mode file for STMicroelectronics.X-CUBE-AZRTOS-G4.2.0.0
2026-03-14 13:24:13,350 [WARN] PackLoader:240 - Cannot read IP mode file for wolfSSL.I-CUBE-wolfSSH.1.4.20
2026-03-14 13:24:13,373 [WARN] PackLoader:240 - Cannot read IP mode file for STMicroelectronics.X-CUBE-NFC7.2.0.0
2026-03-14 13:24:13,403 [WARN] PackLoader:240 - Cannot read IP mode file for STMicroelectronics.X-CUBE-IPS.3.1.0
2026-03-14 13:24:13,442 [WARN] PackLoader:240 - Cannot read IP mode file for STMicroelectronics.X-CUBE-ALS.1.0.2
2026-03-14 13:24:13,471 [WARN] PackLoader:240 - Cannot read IP mode file for STMicroelectronics.X-CUBE-STSE01.1.0.0
2026-03-14 13:24:13,615 [WARN] PackLoader:240 - Cannot read IP mode file for STMicroelectronics.X-CUBE-TOF1.3.4.3
2026-03-14 13:24:13,684 [INFO] ThirdParty:978 - Integrity check success = true
2026-03-14 13:24:13,685 [INFO] IntegrityCheckThread:100 - exiting critical section [integrity check]
2026-03-14 13:24:13,686 [INFO] IntegrityCheckThread:103 - End integrity checks thread
2026-03-14 13:24:14,543 [INFO] WebApp:463 - Apply proxy settings
2026-03-14 13:24:14,565 [INFO] WebApp:508 - Chromium authenticates against Manually configured proxy
2026-03-14 13:24:14,589 [INFO] WebApp:516 - Username used for proxy authentication: 
2026-03-14 13:24:14,655 [INFO] WebApp:900 - Register for checkConnection events
2026-03-14 13:24:14,656 [INFO] WebApp:463 - Apply proxy settings
2026-03-14 13:24:14,664 [INFO] WebApp:508 - Chromium authenticates against Manually configured proxy
2026-03-14 13:24:14,664 [INFO] WebApp:516 - Username used for proxy authentication: 
2026-03-14 13:24:14,940 [INFO] WebApp:225 - Starting web application
2026-03-14 13:24:14,941 [INFO] WebApp:593 - Web application path used /Applications/STM32CubeIDE.app/Contents/Eclipse/plugins/com.st.stm32cube.common.mx_6.15.0.202507011659/db/plugins/mcufinder/reactClient1/index.html
2026-03-14 13:24:15,525 [INFO] WebApp:191 - Connection restablished
2026-03-14 13:24:16,320 [INFO] UserAuth:487 - Internet connection configuration mode: 1
2026-03-14 13:24:16,781 [INFO] McuFinderGlobals:63 - Set McuFinder mode to 2 (CubeIDE integrated)
2026-03-14 13:24:16,797 [INFO] MainUpdater:2872 - connection check result : 10
2026-03-14 13:24:16,799 [INFO] MainUpdater:2872 - connection check result : 10
2026-03-14 13:24:18,266 [INFO] MicroXplorer:468 - Change Database Path : 
2026-03-14 13:24:18,267 [INFO] MicroXplorer:498 - Change Database Version : DB.6.0.150
2026-03-14 13:24:18,277 [WARN] ThirdParty:871 - waiting for thirdparty lock release [close project]
2026-03-14 13:24:18,278 [INFO] ThirdParty:873 - entering critical section [close project]
2026-03-14 13:24:18,283 [INFO] ThirdParty:883 - exiting critical section [close project]
2026-03-14 13:24:18,289 [INFO] PinOutPanel:1589 - setPackage(No Configuration,No Configuration)
2026-03-14 13:24:18,296 [INFO] UtilMem:75 - Begin LoadConfig() Used Memory: 186074816 Bytes (350224384)
2026-03-14 13:24:18,301 [INFO] MicroXplorer:468 - Change Database Path : 
2026-03-14 13:24:18,302 [INFO] MicroXplorer:498 - Change Database Version : DB.6.0.150
2026-03-14 13:24:18,302 [INFO] OpenFileManager:355 - Change cursor
2026-03-14 13:24:18,456 [INFO] Mcu:2029 - Initializing MCU STM32L431C(B-C)Tx STM32L431CBTx STM32L431CBT3
2026-03-14 13:24:22,131 [INFO] Context:786 - Trying to add GPIOservice into a context  which must be forbidden
2026-03-14 13:24:23,570 [INFO] ImportTextPane:234 - (OptionalMessage_ERROR) Pin15 (VP_RIF_VS_RIF1) cannot be retrieved for this MCU
2026-03-14 13:24:23,925 [INFO] RtosManager:558 - Registered RTOS mode: class=CMSIS, group=RTOS, mode=CMSIS_V1, owner=FREERTOS
2026-03-14 13:24:23,926 [INFO] RtosManager:558 - Registered RTOS mode: class=CMSIS, group=RTOS2, mode=CMSIS_V2, owner=FREERTOS
2026-03-14 13:24:23,926 [INFO] RtosManager:558 - Registered RTOS mode: class=RTOS, group=Core, mode=CMSIS_V1, owner=FREERTOS
2026-03-14 13:24:23,926 [INFO] RtosManager:558 - Registered RTOS mode: class=RTOS, group=Core, mode=CMSIS_V2, owner=FREERTOS
2026-03-14 13:24:23,926 [WARN] ModelIntegratedComponent:184 - Missing modes for component STMicroelectronics:FreeRTOS:0.0.1:STMicroelectronics:RTOS:FreeRTOS:Core:::10.2.0:
2026-03-14 13:24:24,258 [WARN] ModelIntegratedComponent:63 - No mode defined for component null
2026-03-14 13:24:24,298 [WARN] ModelIntegratedComponent:63 - No mode defined for component null
2026-03-14 13:24:24,305 [WARN] ModelIntegratedComponent:63 - No mode defined for component null
2026-03-14 13:24:24,306 [WARN] ModelIntegratedComponent:63 - No mode defined for component null
2026-03-14 13:24:24,306 [WARN] ModelIntegratedComponent:63 - No mode defined for component null
2026-03-14 13:24:24,306 [WARN] ModelIntegratedComponent:63 - No mode defined for component null
2026-03-14 13:24:24,306 [WARN] ModelIntegratedComponent:63 - No mode defined for component null
2026-03-14 13:24:24,306 [WARN] ModelIntegratedComponent:63 - No mode defined for component null
2026-03-14 13:24:24,306 [WARN] ModelIntegratedComponent:63 - No mode defined for component null
2026-03-14 13:24:24,306 [WARN] ModelIntegratedComponent:63 - No mode defined for component null
2026-03-14 13:24:24,306 [WARN] ModelIntegratedComponent:63 - No mode defined for component null
2026-03-14 13:24:24,306 [WARN] ModelIntegratedComponent:63 - No mode defined for component null
2026-03-14 13:24:24,307 [WARN] ModelIntegratedComponent:63 - No mode defined for component null
2026-03-14 13:24:24,307 [WARN] ModelIntegratedComponent:63 - No mode defined for component null
2026-03-14 13:24:24,307 [WARN] ModelIntegratedComponent:63 - No mode defined for component null
2026-03-14 13:24:24,307 [WARN] ModelIntegratedComponent:63 - No mode defined for component null
2026-03-14 13:24:24,307 [WARN] ModelIntegratedComponent:63 - No mode defined for component null
2026-03-14 13:24:24,307 [WARN] ModelIntegratedComponent:63 - No mode defined for component null
2026-03-14 13:24:24,307 [WARN] ModelIntegratedComponent:63 - No mode defined for component null
2026-03-14 13:24:24,307 [WARN] ModelIntegratedComponent:63 - No mode defined for component null
2026-03-14 13:24:24,308 [WARN] ModelIntegratedComponent:63 - No mode defined for component null
2026-03-14 13:24:24,308 [WARN] ModelIntegratedComponent:63 - No mode defined for component null
2026-03-14 13:24:24,308 [WARN] ModelIntegratedComponent:63 - No mode defined for component null
2026-03-14 13:24:24,308 [WARN] ModelIntegratedComponent:63 - No mode defined for component null
2026-03-14 13:24:24,308 [WARN] ModelIntegratedComponent:63 - No mode defined for component null
2026-03-14 13:24:24,308 [WARN] ModelIntegratedComponent:63 - No mode defined for component null
2026-03-14 13:24:24,308 [WARN] ModelIntegratedComponent:63 - No mode defined for component null
2026-03-14 13:24:24,308 [WARN] ModelIntegratedComponent:63 - No mode defined for component null
2026-03-14 13:24:24,308 [WARN] ModelIntegratedComponent:63 - No mode defined for component null
2026-03-14 13:24:24,308 [WARN] ModelIntegratedComponent:63 - No mode defined for component null
2026-03-14 13:24:24,308 [WARN] ModelIntegratedComponent:63 - No mode defined for component null
2026-03-14 13:24:24,308 [WARN] ModelIntegratedComponent:63 - No mode defined for component null
2026-03-14 13:24:24,308 [WARN] ModelIntegratedComponent:63 - No mode defined for component null
2026-03-14 13:24:24,309 [WARN] ModelIntegratedComponent:63 - No mode defined for component null
2026-03-14 13:24:24,309 [WARN] ModelIntegratedComponent:63 - No mode defined for component null
2026-03-14 13:24:24,333 [WARN] ModelPack:524 - Component already loaded: STMicroelectronics:HAL Drivers:0.0.0:STMicroelectronics:Device:STMicro_Driver:XSPI:HAL::0.0.1:HAL_XSPI
2026-03-14 13:24:24,966 [INFO] ThirdPartyModel:298 - Start build external matchings
2026-03-14 13:24:25,756 [INFO] ThirdPartyModel:316 - End build external matchings
2026-03-14 13:24:28,789 [INFO] ApiDb:581 - Connected to CubeFinder SQLite database (/Users/karthikkurapati/.stmcufinder/plugins/mcufinder/mcu/cube-finder-db.db)
2026-03-14 13:24:28,914 [INFO] ApiDb:668 - CubeFinder database Data Model version=2.1
2026-03-14 13:24:28,915 [INFO] ApiDb:669 - CubeFinder database Configuration version=3.0.39
2026-03-14 13:24:28,917 [INFO] ApiDb:670 - CubeFinder database generation date=2025-12-22 (1766407740)
2026-03-14 13:24:28,917 [INFO] ApiDb:671 - CubeFinder database FW Pack versions=[FP-ATR-ASTRA1_V2.0.0, FP-SNS-FLIGHT1_V5.1.0, FP-SNS-MOTENV1_V5.1.0, FP-SNS-MOTENVWB1_V1.4.0, FP-SNS-SMARTAG2_V1.2.0, FP-SNS-STBOX1_V2.1.0, STM32Cube_FW_C0_V1.4.0, STM32Cube_FW_F4_V1.28.3, STM32Cube_FW_F7_V1.17.4, STM32Cube_FW_G0_V1.6.2, STM32Cube_FW_G4_V1.6.1, STM32Cube_FW_H5_V1.5.1, STM32Cube_FW_H7RS_V1.3.0, STM32Cube_FW_H7_V1.12.1, STM32Cube_FW_L0_V1.12.2, STM32Cube_FW_L4_V1.18.1, STM32Cube_FW_L5_V1.6.0, STM32Cube_FW_N6_V1.3.0, STM32Cube_FW_U0_V1.3.0, STM32Cube_FW_U3_V1.2.1, STM32Cube_FW_U5_V1.8.0, STM32Cube_FW_WB0_V1.4.0, STM32Cube_FW_WBA_V1.8.0, STM32Cube_FW_WB_V1.24.0, STM32Cube_FW_WL3_V1.3.0, STM32Cube_FW_WL_V1.4.0, X-CUBE-ALGOBUILD_V1.4.0, X-CUBE-ALS_V1.0.2, X-CUBE-AZRTOS-F4_V1.1.0, X-CUBE-AZRTOS-F7_V1.1.0, X-CUBE-AZRTOS-G0_V1.1.0, X-CUBE-AZRTOS-G4_V2.0.0, X-CUBE-AZRTOS-H7RS_V1.1.0, X-CUBE-AZRTOS-H7_V3.4.0, X-CUBE-AZRTOS-L4_V2.0.0, X-CUBE-AZRTOS-L5_V2.0.0, X-CUBE-AZRTOS-WB_V2.0.0, X-CUBE-AZRTOS-WL_V2.0.0, X-CUBE-BLE1_V7.1.0, X-CUBE-BLE2_V3.3.0, X-CUBE-BLEMGR_V4.1.0, X-CUBE-EEPRMA1_V5.2.0, X-CUBE-FREERTOS_V1.3.1, X-CUBE-GNSS1_V6.0.0, X-CUBE-MEMS1_V12.0.0, X-CUBE-NFC4_V3.0.0, X-CUBE-NFC7_V2.0.0, X-CUBE-SFXS2LP1_V4.0.0, X-CUBE-ST67W61_V1.1.0, X-CUBE-SUBG2_V5.0.0, X-CUBE-TOF1_V3.4.3]
2026-03-14 13:24:29,063 [INFO] DbBoardsSqlite:226 - include board P-NUCLEO-WB55-NUCLEO as a kit item of type 'Nucleo-64'
2026-03-14 13:24:29,064 [INFO] DbBoardsSqlite:226 - include board P-NUCLEO-WB55-USBDONGLE as a kit item of type 'Nucleo USB Dongle'
2026-03-14 13:24:29,065 [INFO] DbBoardsSqlite:226 - include board STEVAL-IDP005V1 as a kit item of type 'Evaluation Board'
2026-03-14 13:24:29,066 [INFO] DbBoardsSqlite:226 - include board STEVAL-IDP005V2 as a kit item of type 'Evaluation Board'
2026-03-14 13:24:29,230 [INFO] ApiDb:240 - Found 880 in-development CPN: [B-G473E-ZEST1S, B-WB1M-WPAN1, B-WBA5M-WPAN, B-WL5M-SUBG1, NUCLEO-C031C6, NUCLEO-C051C8, NUCLEO-C071RB, NUCLEO-C092RC, NUCLEO-H503RB, NUCLEO-H533RE, NUCLEO-H563ZI, NUCLEO-H7S3L8, NUCLEO-N657X0-Q, NUCLEO-U031R8, NUCLEO-U083RC, NUCLEO-U385RG-Q, NUCLEO-U545RE-Q, NUCLEO-U5A5ZJ-Q, NUCLEO-WB05KZ, NUCLEO-WB07CC, NUCLEO-WB09KE, NUCLEO-WBA52CG, NUCLEO-WBA55CG, NUCLEO-WL33CC1, NUCLEO-WL33CC2, STEVAL-PROTEUS1, STEVAL-SMARTAG2, STEVAL-STWINBX1, STM320518-EVAL, STM32C0116-DK, STM32C011D6Y3TR, STM32C011D6Y6TR, STM32C011F4P3, STM32C011F4P6, STM32C011F4U3, STM32C011F4U6TR, STM32C011F6P3, STM32C011F6P6, STM32C011F6U3, STM32C011F6U6TR, STM32C011J4M3, STM32C011J4M6, STM32C011J6M3, STM32C011J6M6, STM32C0316-DK, STM32C031C4T3, STM32C031C4T6, STM32C031C4U3, STM32C031C4U6, STM32C031C6T3, STM32C031C6T6, STM32C031C6U3, STM32C031C6U6, STM32C031F4P3, STM32C031F4P6, STM32C031F6P3, STM32C031F6P6, STM32C031G4U3, STM32C031G4U6, STM32C031G6U3, STM32C031G6U6, STM32C031K4T3, STM32C031K4T6, STM32C031K4U3, STM32C031K4U6, STM32C031K6T3, STM32C031K6T6, STM32C031K6U3, STM32C031K6U6, STM32C051C6T6, STM32C051C6U6, STM32C051C8T6, STM32C051C8U6, STM32C051D8Y6TR, STM32C051F6P6, STM32C051F8P6, STM32C051G6U6, STM32C051G8U6, STM32C051K6T6, STM32C051K6U6, STM32C051K8T6, STM32C071C8T6, STM32C071C8T6N, STM32C071C8U6, STM32C071C8U6N, STM32C071CBT6, STM32C071CBT6N, STM32C071CBU6, STM32C071CBU6N, STM32C071F8P6, STM32C071F8P6N, STM32C071FBP6, STM32C071FBP6N, STM32C071FBY6TR, STM32C071G8U6, STM32C071G8U6N, STM32C071GBU6, STM32C071GBU6N, STM32C071K8T6, STM32C071K8T6N, STM32C071K8U6, STM32C071K8U6N, STM32C071KBT6, STM32C071KBT6N, STM32C071KBU6, STM32C071KBU6N, STM32C071R8T6, STM32C071R8T6N, STM32C071RBI6N, STM32C071RBT6, STM32C071RBT6N, STM32C091CBT6, STM32C091CBU6, STM32C091CCT6, STM32C091CCU6, STM32C091ECY6TR, STM32C091FBP6, STM32C091FCP6, STM32C091GBU6, STM32C091GCU6, STM32C091KBT6, STM32C091KBU6, STM32C091KCT6, STM32C091KCU6, STM32C091RBT6, STM32C091RCI6, STM32C091RCT6, STM32C092CBT6, STM32C092CBU6, STM32C092CCT6, STM32C092CCU6, STM32C092ECY6TR, STM32C092FBP6, STM32C092FCP6, STM32C092GBU6, STM32C092GCU6, STM32C092KBT6, STM32C092KBU6, STM32C092KCT6, STM32C092KCU6, STM32C092RBT6, STM32C092RCI6, STM32C092RCT6, STM32G071K8TXN, STM32G071K8UXN, STM32G081GBU6N, STM32G081KBT6N, STM32G081KBUXN, STM32G0B1CCT6N, STM32G0B1KCT6, STM32G0B1NEY6TR, STM32G0B1RCT6N, STM32G0C1CCT6, STM32G0C1CCT6N, STM32G0C1CCU6N, STM32G0C1CET6N, STM32G0C1CEU6N, STM32G0C1KCT6, STM32G0C1NEY6TR, STM32G0C1RCI6N, STM32G0C1RCT6N, STM32G0C1REI6N, STM32G0C1RET6N, STM32G0C1VCI6, STM32G0C1VEI6, STM32G411C6T3, STM32G411C6T6, STM32G411C6U3, STM32G411C6U6, STM32G411C8T3, STM32G411C8T6, STM32G411C8U3, STM32G411C8U6, STM32G411CBT3, STM32G411CBT6, STM32G411CBU3, STM32G411CBU6, STM32G411K6T3, STM32G411K6T6, STM32G411K6U3, STM32G411K6U6, STM32G411K8T3, STM32G411K8T6, STM32G411K8U3, STM32G411K8U6, STM32G411KBT3, STM32G411KBT6, STM32G411KBU3, STM32G411KBU6, STM32G411M6T3, STM32G411M6T6, STM32G411M8T3, STM32G411M8T6, STM32G411MBT3, STM32G411MBT6, STM32G411R6T3, STM32G411R6T6, STM32G411R8T3, STM32G411R8T6, STM32G411RBT3, STM32G411RBT6, STM32G414CBT3, STM32G414CBT6, STM32G414CBU3, STM32G414CBU6, STM32G414CCT3, STM32G414CCT6, STM32G414CCU3, STM32G414CCU6, STM32G414MBT3, STM32G414MBT6, STM32G414MCT3, STM32G414MCT6, STM32G414RBT3, STM32G414RBT6, STM32G414RCT3, STM32G414RCT6, STM32G414VBT3, STM32G414VBT6, STM32G414VCT3, STM32G414VCT6, STM32G431CBT3Z, STM32G431RBT3Z, STM32G471CCT6, STM32G471CCU6, STM32G471CET3, STM32G471CET6, STM32G471CEU3, STM32G471CEU6, STM32G471MCT6, STM32G471MET3, STM32G471MET6, STM32G471MEY6TR, STM32G471QCT6, STM32G471QET3, STM32G471RCT6, STM32G471RET3, STM32G471RET6, STM32G471VCH6, STM32G471VCI6, STM32G471VCT6, STM32G471VEH3, STM32G471VEH6, STM32G471VEI3, STM32G471VEI6, STM32G471VET3, STM32G471VET6, STM32G473QET3Z, STM32G473RET3Z, STM32G474CCT6, STM32G491RET3Z, STM32H503CBT6, STM32H503CBU6, STM32H503EBY6TR, STM32H503KBU6, STM32H503RBT6, STM32H523CCT6, STM32H523CCU6, STM32H523CET6, STM32H523CEU6, STM32H523HEY6TR, STM32H523RCT6, STM32H523RET6, STM32H523VCI6, STM32H523VCT6, STM32H523VEI6, STM32H523VET6, STM32H523ZCJ6, STM32H523ZCT6, STM32H523ZEJ6, STM32H523ZET6, STM32H533CET6, STM32H533CEU6, STM32H533HEY6TR, STM32H533RET6, STM32H533VEI6, STM32H533VET6, STM32H533ZEJ6, STM32H533ZET6, STM32H562AGI6, STM32H562AII6, STM32H562IGK6, STM32H562IGT6, STM32H562IIK6, STM32H562IIT6, STM32H562RGT6, STM32H562RGV6, STM32H562RIT6, STM32H562RIV6, STM32H562VGT6, STM32H562VIT6, STM32H562ZGT6, STM32H562ZIT6, STM32H563AGI6, STM32H563AII3Q, STM32H563AII6, STM32H563IGK6, STM32H563IGT6, STM32H563IIK3Q, STM32H563IIK6, STM32H563IIT3Q, STM32H563IIT6, STM32H563MIY3QTR, STM32H563RGT6, STM32H563RGV6, STM32H563RIT6, STM32H563RIV6, STM32H563VGT6, STM32H563VIT3Q, STM32H563VIT6, STM32H563ZGT6, STM32H563ZIT3Q, STM32H563ZIT6, STM32H573AII3Q, STM32H573AII6, STM32H573I-DK, STM32H573IIK3Q, STM32H573IIK6, STM32H573IIT3Q, STM32H573IIT6, STM32H573MIY3QTR, STM32H573RIT6, STM32H573RIV6, STM32H573VIT3Q, STM32H573VIT6, STM32H573ZIT3Q, STM32H573ZIT6, STM32H7R3A8I6, STM32H7R3I8K6, STM32H7R3I8T6, STM32H7R3L8H6, STM32H7R3L8H6H, STM32H7R3R8V6, STM32H7R3V8H6, STM32H7R3V8T6, STM32H7R3V8Y6TR, STM32H7R3Z8J6, STM32H7R3Z8T6, STM32H7R7A8I6, STM32H7R7I8K6, STM32H7R7I8T6, STM32H7R7L8H6, STM32H7R7L8H6H, STM32H7R7Z8J6, STM32H7S3A8I6, STM32H7S3I8K6, STM32H7S3I8T6, STM32H7S3L8H6, STM32H7S3L8H6H, STM32H7S3R8V6, STM32H7S3V8H6, STM32H7S3V8T6, STM32H7S3V8Y6TR, STM32H7S3Z8J6, STM32H7S3Z8T6, STM32H7S78-DK, STM32H7S7A8I6, STM32H7S7I8K6, STM32H7S7I8T6, STM32H7S7L8H6, STM32H7S7L8H6H, STM32H7S7Z8J6, STM32L4R5QGI6STR, STM32MP131AAE3, STM32MP131AAF3, STM32MP131AAG3, STM32MP131CAE3, STM32MP131CAF3, STM32MP131CAG3, STM32MP131DAE7, STM32MP131DAF7, STM32MP131DAG7, STM32MP131FAE7, STM32MP131FAF7, STM32MP131FAG7, STM32MP133AAE3, STM32MP133AAF3, STM32MP133AAG3, STM32MP133CAE3, STM32MP133CAF3, STM32MP133CAG3, STM32MP133DAE7, STM32MP133DAF7, STM32MP133DAG7, STM32MP133FAE7, STM32MP133FAF7, STM32MP133FAG7, STM32MP135AAE3, STM32MP135AAF3, STM32MP135AAG3, STM32MP135CAE3, STM32MP135CAF3, STM32MP135CAG3, STM32MP135DAE7, STM32MP135DAF7, STM32MP135DAG7, STM32MP135F-DK, STM32MP135FAE7, STM32MP135FAF7, STM32MP135FAF7T, STM32MP135FAF7U, STM32MP135FAG7, STM32MP211AAL3, STM32MP211AAM3, STM32MP211AAN3, STM32MP211AAO3, STM32MP211CAL3, STM32MP211CAM3, STM32MP211CAN3, STM32MP211CAO3, STM32MP211DAL3, STM32MP211DAM3, STM32MP211DAN3, STM32MP211DAO3, STM32MP211FAL3, STM32MP211FAM3, STM32MP211FAN3, STM32MP211FAO3, STM32MP213AAL3, STM32MP213AAM3, STM32MP213AAN3, STM32MP213AAO3, STM32MP213CAL3, STM32MP213CAM3, STM32MP213CAN3, STM32MP213CAO3, STM32MP213DAL3, STM32MP213DAM3, STM32MP213DAN3, STM32MP213DAO3, STM32MP213FAL3, STM32MP213FAM3, STM32MP213FAN3, STM32MP213FAO3, STM32MP215AAL3, STM32MP215AAM3, STM32MP215AAN3, STM32MP215AAO3, STM32MP215CAL3, STM32MP215CAM3, STM32MP215CAN3, STM32MP215CAO3, STM32MP215DAL3, STM32MP215DAM3, STM32MP215DAN3, STM32MP215DAO3, STM32MP215F-DK, STM32MP215FAL3, STM32MP215FAM3, STM32MP215FAN3, STM32MP215FAO3, STM32MP231AAJ3, STM32MP231AAK3, STM32MP231AAL3, STM32MP231CAJ3, STM32MP231CAK3, STM32MP231CAL3, STM32MP231DAJ3, STM32MP231DAK3, STM32MP231DAL3, STM32MP231FAJ3, STM32MP231FAK3, STM32MP231FAL3, STM32MP233AAJ3, STM32MP233AAK3, STM32MP233AAL3, STM32MP233CAJ3, STM32MP233CAK3, STM32MP233CAL3, STM32MP233DAJ3, STM32MP233DAK3, STM32MP233DAL3, STM32MP233FAJ3, STM32MP233FAK3, STM32MP233FAL3, STM32MP235AAJ3, STM32MP235AAK3, STM32MP235AAL3, STM32MP235CAJ3, STM32MP235CAK3, STM32MP235CAL3, STM32MP235DAJ3, STM32MP235DAK3, STM32MP235DAL3, STM32MP235FAJ3, STM32MP235FAK3, STM32MP235FAL3, STM32MP251AAI3, STM32MP251AAK3, STM32MP251AAL3, STM32MP251CAI3, STM32MP251CAK3, STM32MP251CAL3, STM32MP251DAI3, STM32MP251DAK3, STM32MP251DAL3, STM32MP251FAI3, STM32MP251FAK3, STM32MP251FAL3, STM32MP253AAI3, STM32MP253AAK3, STM32MP253AAL3, STM32MP253CAI3, STM32MP253CAK3, STM32MP253CAL3, STM32MP253DAI3, STM32MP253DAK3, STM32MP253DAL3, STM32MP253FAI3, STM32MP253FAK3, STM32MP253FAL3, STM32MP255AAI3, STM32MP255AAK3, STM32MP255AAL3, STM32MP255CAI3, STM32MP255CAK3, STM32MP255CAL3, STM32MP255DAI3, STM32MP255DAK3, STM32MP255DAL3, STM32MP255FAI3, STM32MP255FAK3, STM32MP255FAL3, STM32MP257AAI3, STM32MP257AAK3, STM32MP257AAL3, STM32MP257CAI3, STM32MP257CAK3, STM32MP257CAL3, STM32MP257DAI3, STM32MP257DAK3, STM32MP257DAL3, STM32MP257F-DK, STM32MP257F-EV1, STM32MP257FAI3, STM32MP257FAK3, STM32MP257FAL3, STM32N645A0H3Q, STM32N645B0H3Q, STM32N645I0H3Q, STM32N645L0H3Q, STM32N645X0H3Q, STM32N645Z0H3Q, STM32N647A0H3Q, STM32N647B0H3Q, STM32N647I0H3Q, STM32N647L0H3Q, STM32N647X0H3Q, STM32N647Z0H3Q, STM32N655A0H3Q, STM32N655B0H3Q, STM32N655I0H3Q, STM32N655L0H3Q, STM32N655X0H3Q, STM32N655Z0H3Q, STM32N6570-DK, STM32N657A0H3Q, STM32N657B0H3Q, STM32N657I0H3Q, STM32N657L0H3Q, STM32N657X0H3Q, STM32N657Z0H3Q, STM32U031C6T6, STM32U031C6U6, STM32U031C8T6, STM32U031C8U6, STM32U031F4P6, STM32U031F6P6, STM32U031F8P6, STM32U031G6Y6TR, STM32U031G8Y6TR, STM32U031K4U6, STM32U031K6U6, STM32U031K8U6, STM32U031R6I6, STM32U031R6T6, STM32U031R8I6, STM32U031R8T6, STM32U073C8T6, STM32U073C8U6, STM32U073CBT6, STM32U073CBU6, STM32U073CCT6, STM32U073CCU6, STM32U073H8Y6TR, STM32U073HBY6TR, STM32U073HCY6TR, STM32U073K8U6, STM32U073KBU6, STM32U073KCU6, STM32U073M8I6, STM32U073M8T6, STM32U073MBI6, STM32U073MBT6, STM32U073MCI6, STM32U073MCT6, STM32U073R8I6, STM32U073R8T6, STM32U073RBI6, STM32U073RBT6, STM32U073RCI6, STM32U073RCT6, STM32U083C-DK, STM32U083CCT6, STM32U083CCU6, STM32U083HCY6TR, STM32U083KCU6, STM32U083MCI6, STM32U083MCT6, STM32U083RCI6, STM32U083RCT6, STM32U375CET6, STM32U375CET6Q, STM32U375CEU6, STM32U375CEU6Q, STM32U375CEY6QTR, STM32U375CGT6, STM32U375CGT6Q, STM32U375CGU6, STM32U375CGU6Q, STM32U375CGY6QTR, STM32U375KEU6, STM32U375KGU6, STM32U375REI6, STM32U375REI6Q, STM32U375RET6, STM32U375RET6Q, STM32U375REY6GTR, STM32U375REY6QTR, STM32U375RGI6, STM32U375RGI6Q, STM32U375RGT6, STM32U375RGT6Q, STM32U375RGY6GTR, STM32U375RGY6QTR, STM32U375VEI6, STM32U375VEI6Q, STM32U375VET6, STM32U375VET6Q, STM32U375VGI6, STM32U375VGI6Q, STM32U375VGT6, STM32U375VGT6Q, STM32U385CGT6, STM32U385CGT6Q, STM32U385CGU6, STM32U385CGU6Q, STM32U385CGY6QTR, STM32U385KGU6, STM32U385RGI6, STM32U385RGI6Q, STM32U385RGT6, STM32U385RGT6Q, STM32U385RGY6GTR, STM32U385RGY6QTR, STM32U385VGI6, STM32U385VGI6Q, STM32U385VGT6, STM32U385VGT6Q, STM32U535CBT6, STM32U535CBT6Q, STM32U535CBU6, STM32U535CBU6Q, STM32U535CCT6, STM32U535CCT6Q, STM32U535CCU6, STM32U535CCU6Q, STM32U535CET6, STM32U535CET6Q, STM32U535CEU6, STM32U535CEU6Q, STM32U535JEY6QTR, STM32U535NCY6QTR, STM32U535NEY6QTR, STM32U535RBI6, STM32U535RBI6Q, STM32U535RBT6, STM32U535RBT6Q, STM32U535RCI6, STM32U535RCI6Q, STM32U535RCT6, STM32U535RCT6Q, STM32U535REI6, STM32U535REI6Q, STM32U535RET6, STM32U535RET6Q, STM32U535VCI6, STM32U535VCI6Q, STM32U535VCT6, STM32U535VCT6Q, STM32U535VEI6, STM32U535VEI6Q, STM32U535VET6, STM32U535VET6Q, STM32U545CET6, STM32U545CET6Q, STM32U545CEU6, STM32U545CEU6Q, STM32U545JEY6QTR, STM32U545NEY6QTR, STM32U545REI6, STM32U545REI6Q, STM32U545RET6, STM32U545RET6Q, STM32U545VEI6, STM32U545VEI6Q, STM32U545VET6, STM32U545VET6Q, STM32U595AIH6, STM32U595AIH6Q, STM32U595AJH6, STM32U595AJH6Q, STM32U595QII6, STM32U595QII6Q, STM32U595QJI6, STM32U595QJI6Q, STM32U595RIT6, STM32U595RIT6Q, STM32U595RJT6, STM32U595RJT6Q, STM32U595VIT6, STM32U595VIT6Q, STM32U595VJT6, STM32U595VJT6Q, STM32U595ZIT6, STM32U595ZIT6Q, STM32U595ZIY6QTR, STM32U595ZJT6, STM32U595ZJT6Q, STM32U595ZJY6QTR, STM32U599BJY6QTR, STM32U599NIH6Q, STM32U599NJH6Q, STM32U599VIT6Q, STM32U599VJT6, STM32U599VJT6Q, STM32U599ZIT6Q, STM32U599ZIY6QTR, STM32U599ZJT6Q, STM32U599ZJY6QTR, STM32U5A5AJH6, STM32U5A5AJH6Q, STM32U5A5QII3Q , STM32U5A5QJI6, STM32U5A5QJI6Q, STM32U5A5RJT6, STM32U5A5RJT6Q, STM32U5A5VJT6, STM32U5A5VJT6Q, STM32U5A5ZJT6, STM32U5A5ZJT6Q, STM32U5A5ZJY6QTR, STM32U5A9BJY6QTR, STM32U5A9J-DK, STM32U5A9NJH6Q, STM32U5A9VJT6Q, STM32U5A9ZJT6Q, STM32U5A9ZJY6QTR, STM32U5F7VIT6, STM32U5F7VIT6Q, STM32U5F7VJT6, STM32U5F7VJT6Q, STM32U5F9BJY6QTR, STM32U5F9NJH6Q, STM32U5F9VIT6Q, STM32U5F9VJT6Q, STM32U5F9ZIJ6QTR, STM32U5F9ZIT6Q, STM32U5F9ZJJ6QTR, STM32U5F9ZJT6Q, STM32U5G7VJT6, STM32U5G7VJT6Q, STM32U5G9BJY6QTR, STM32U5G9J-DK1, STM32U5G9J-DK2, STM32U5G9NJH6Q, STM32U5G9VJT6Q, STM32U5G9ZJJ6QTR, STM32U5G9ZJT6Q, STM32WB05KZV6TR, STM32WB05KZV7TR, STM32WB05TZF6TR, STM32WB05TZF7TR, STM32WB06CCF6TR, STM32WB06CCF7TR, STM32WB06CCV6TR, STM32WB06CCV7TR, STM32WB06KCV6TR, STM32WB06KCV7TR, STM32WB07CCF6TR, STM32WB07CCF7TR, STM32WB07CCV6TR, STM32WB07CCV7TR, STM32WB07KCV6TR, STM32WB07KCV7TR, STM32WB09KEV6TR, STM32WB09KEV7TR, STM32WB09TEF6TR, STM32WB09TEF7TR, STM32WB1MMCH6, STM32WBA50KGU6, STM32WBA50KGU6TR, STM32WBA52CEU6, STM32WBA52CEU6TR, STM32WBA52CEU7, STM32WBA52CEU7TR, STM32WBA52CGU6, STM32WBA52CGU6TR, STM32WBA52CGU6U, STM32WBA52CGU7, STM32WBA52CGU7TR, STM32WBA52KEU6, STM32WBA52KEU6TR, STM32WBA52KGU6, STM32WBA52KGU6TR, STM32WBA54CEU6, STM32WBA54CEU6TR, STM32WBA54CEU7, STM32WBA54CEU7TR, STM32WBA54CGU6, STM32WBA54CGU6TR, STM32WBA54CGU7, STM32WBA54CGU7TR, STM32WBA54KEU6, STM32WBA54KEU6TR, STM32WBA54KEU7, STM32WBA54KEU7TR, STM32WBA54KGU6, STM32WBA54KGU6TR, STM32WBA54KGU7, STM32WBA54KGU7TR, STM32WBA55CEU6, STM32WBA55CEU6TR, STM32WBA55CEU7, STM32WBA55CEU7TR, STM32WBA55CGU6, STM32WBA55CGU6TR, STM32WBA55CGU6U, STM32WBA55CGU7, STM32WBA55CGU7TR, STM32WBA55G-DK1, STM32WBA55HEF6, STM32WBA55HEF7, STM32WBA55HGF6, STM32WBA55HGF7, STM32WBA55UEI6, STM32WBA55UEI6TR, STM32WBA55UEI7, STM32WBA55UEI7TR, STM32WBA55UGI6, STM32WBA55UGI6TR, STM32WBA55UGI7, STM32WBA55UGI7TR, STM32WBA5MMGH6TR, STM32WBA62MGF6, STM32WBA62MIF6, STM32WBA65MGF7, STM32WBA65MIF6, STM32WBA65MIF7, STM32WL30K8V6, STM32WL30KBV6, STM32WL31C8V6, STM32WL31CBV6, STM32WL31K8V6, STM32WL31KBV6, STM32WL33C8V6, STM32WL33C8V6X, STM32WL33CBV6, STM32WL33CBV6X, STM32WL33CCV6, STM32WL33CCV6A, STM32WL33CCV6X, STM32WL33K8V7, STM32WL33K8V7X, STM32WL33KBV7 , STM32WL33KBV7X, STM32WL33KCV7, STM32WL33KCV7X, STM32WL5MOCH6, STM32WL5MOCH6TR]
2026-03-14 13:24:29,239 [INFO] ApiDb:668 - CubeFinder database Data Model version=2.1
2026-03-14 13:24:29,240 [INFO] ApiDb:669 - CubeFinder database Configuration version=3.0.39
2026-03-14 13:24:29,241 [INFO] ApiDb:670 - CubeFinder database generation date=2025-12-22 (1766407740)
2026-03-14 13:24:29,242 [INFO] ApiDb:671 - CubeFinder database FW Pack versions=[FP-ATR-ASTRA1_V2.0.0, FP-SNS-FLIGHT1_V5.1.0, FP-SNS-MOTENV1_V5.1.0, FP-SNS-MOTENVWB1_V1.4.0, FP-SNS-SMARTAG2_V1.2.0, FP-SNS-STBOX1_V2.1.0, STM32Cube_FW_C0_V1.4.0, STM32Cube_FW_F4_V1.28.3, STM32Cube_FW_F7_V1.17.4, STM32Cube_FW_G0_V1.6.2, STM32Cube_FW_G4_V1.6.1, STM32Cube_FW_H5_V1.5.1, STM32Cube_FW_H7RS_V1.3.0, STM32Cube_FW_H7_V1.12.1, STM32Cube_FW_L0_V1.12.2, STM32Cube_FW_L4_V1.18.1, STM32Cube_FW_L5_V1.6.0, STM32Cube_FW_N6_V1.3.0, STM32Cube_FW_U0_V1.3.0, STM32Cube_FW_U3_V1.2.1, STM32Cube_FW_U5_V1.8.0, STM32Cube_FW_WB0_V1.4.0, STM32Cube_FW_WBA_V1.8.0, STM32Cube_FW_WB_V1.24.0, STM32Cube_FW_WL3_V1.3.0, STM32Cube_FW_WL_V1.4.0, X-CUBE-ALGOBUILD_V1.4.0, X-CUBE-ALS_V1.0.2, X-CUBE-AZRTOS-F4_V1.1.0, X-CUBE-AZRTOS-F7_V1.1.0, X-CUBE-AZRTOS-G0_V1.1.0, X-CUBE-AZRTOS-G4_V2.0.0, X-CUBE-AZRTOS-H7RS_V1.1.0, X-CUBE-AZRTOS-H7_V3.4.0, X-CUBE-AZRTOS-L4_V2.0.0, X-CUBE-AZRTOS-L5_V2.0.0, X-CUBE-AZRTOS-WB_V2.0.0, X-CUBE-AZRTOS-WL_V2.0.0, X-CUBE-BLE1_V7.1.0, X-CUBE-BLE2_V3.3.0, X-CUBE-BLEMGR_V4.1.0, X-CUBE-EEPRMA1_V5.2.0, X-CUBE-FREERTOS_V1.3.1, X-CUBE-GNSS1_V6.0.0, X-CUBE-MEMS1_V12.0.0, X-CUBE-NFC4_V3.0.0, X-CUBE-NFC7_V2.0.0, X-CUBE-SFXS2LP1_V4.0.0, X-CUBE-ST67W61_V1.1.0, X-CUBE-SUBG2_V5.0.0, X-CUBE-TOF1_V3.4.3]
2026-03-14 13:24:31,602 [INFO] ApiDb:240 - Found 880 in-development CPN: [B-G473E-ZEST1S, B-WB1M-WPAN1, B-WBA5M-WPAN, B-WL5M-SUBG1, NUCLEO-C031C6, NUCLEO-C051C8, NUCLEO-C071RB, NUCLEO-C092RC, NUCLEO-H503RB, NUCLEO-H533RE, NUCLEO-H563ZI, NUCLEO-H7S3L8, NUCLEO-N657X0-Q, NUCLEO-U031R8, NUCLEO-U083RC, NUCLEO-U385RG-Q, NUCLEO-U545RE-Q, NUCLEO-U5A5ZJ-Q, NUCLEO-WB05KZ, NUCLEO-WB07CC, NUCLEO-WB09KE, NUCLEO-WBA52CG, NUCLEO-WBA55CG, NUCLEO-WL33CC1, NUCLEO-WL33CC2, STEVAL-PROTEUS1, STEVAL-SMARTAG2, STEVAL-STWINBX1, STM320518-EVAL, STM32C0116-DK, STM32C011D6Y3TR, STM32C011D6Y6TR, STM32C011F4P3, STM32C011F4P6, STM32C011F4U3, STM32C011F4U6TR, STM32C011F6P3, STM32C011F6P6, STM32C011F6U3, STM32C011F6U6TR, STM32C011J4M3, STM32C011J4M6, STM32C011J6M3, STM32C011J6M6, STM32C0316-DK, STM32C031C4T3, STM32C031C4T6, STM32C031C4U3, STM32C031C4U6, STM32C031C6T3, STM32C031C6T6, STM32C031C6U3, STM32C031C6U6, STM32C031F4P3, STM32C031F4P6, STM32C031F6P3, STM32C031F6P6, STM32C031G4U3, STM32C031G4U6, STM32C031G6U3, STM32C031G6U6, STM32C031K4T3, STM32C031K4T6, STM32C031K4U3, STM32C031K4U6, STM32C031K6T3, STM32C031K6T6, STM32C031K6U3, STM32C031K6U6, STM32C051C6T6, STM32C051C6U6, STM32C051C8T6, STM32C051C8U6, STM32C051D8Y6TR, STM32C051F6P6, STM32C051F8P6, STM32C051G6U6, STM32C051G8U6, STM32C051K6T6, STM32C051K6U6, STM32C051K8T6, STM32C071C8T6, STM32C071C8T6N, STM32C071C8U6, STM32C071C8U6N, STM32C071CBT6, STM32C071CBT6N, STM32C071CBU6, STM32C071CBU6N, STM32C071F8P6, STM32C071F8P6N, STM32C071FBP6, STM32C071FBP6N, STM32C071FBY6TR, STM32C071G8U6, STM32C071G8U6N, STM32C071GBU6, STM32C071GBU6N, STM32C071K8T6, STM32C071K8T6N, STM32C071K8U6, STM32C071K8U6N, STM32C071KBT6, STM32C071KBT6N, STM32C071KBU6, STM32C071KBU6N, STM32C071R8T6, STM32C071R8T6N, STM32C071RBI6N, STM32C071RBT6, STM32C071RBT6N, STM32C091CBT6, STM32C091CBU6, STM32C091CCT6, STM32C091CCU6, STM32C091ECY6TR, STM32C091FBP6, STM32C091FCP6, STM32C091GBU6, STM32C091GCU6, STM32C091KBT6, STM32C091KBU6, STM32C091KCT6, STM32C091KCU6, STM32C091RBT6, STM32C091RCI6, STM32C091RCT6, STM32C092CBT6, STM32C092CBU6, STM32C092CCT6, STM32C092CCU6, STM32C092ECY6TR, STM32C092FBP6, STM32C092FCP6, STM32C092GBU6, STM32C092GCU6, STM32C092KBT6, STM32C092KBU6, STM32C092KCT6, STM32C092KCU6, STM32C092RBT6, STM32C092RCI6, STM32C092RCT6, STM32G071K8TXN, STM32G071K8UXN, STM32G081GBU6N, STM32G081KBT6N, STM32G081KBUXN, STM32G0B1CCT6N, STM32G0B1KCT6, STM32G0B1NEY6TR, STM32G0B1RCT6N, STM32G0C1CCT6, STM32G0C1CCT6N, STM32G0C1CCU6N, STM32G0C1CET6N, STM32G0C1CEU6N, STM32G0C1KCT6, STM32G0C1NEY6TR, STM32G0C1RCI6N, STM32G0C1RCT6N, STM32G0C1REI6N, STM32G0C1RET6N, STM32G0C1VCI6, STM32G0C1VEI6, STM32G411C6T3, STM32G411C6T6, STM32G411C6U3, STM32G411C6U6, STM32G411C8T3, STM32G411C8T6, STM32G411C8U3, STM32G411C8U6, STM32G411CBT3, STM32G411CBT6, STM32G411CBU3, STM32G411CBU6, STM32G411K6T3, STM32G411K6T6, STM32G411K6U3, STM32G411K6U6, STM32G411K8T3, STM32G411K8T6, STM32G411K8U3, STM32G411K8U6, STM32G411KBT3, STM32G411KBT6, STM32G411KBU3, STM32G411KBU6, STM32G411M6T3, STM32G411M6T6, STM32G411M8T3, STM32G411M8T6, STM32G411MBT3, STM32G411MBT6, STM32G411R6T3, STM32G411R6T6, STM32G411R8T3, STM32G411R8T6, STM32G411RBT3, STM32G411RBT6, STM32G414CBT3, STM32G414CBT6, STM32G414CBU3, STM32G414CBU6, STM32G414CCT3, STM32G414CCT6, STM32G414CCU3, STM32G414CCU6, STM32G414MBT3, STM32G414MBT6, STM32G414MCT3, STM32G414MCT6, STM32G414RBT3, STM32G414RBT6, STM32G414RCT3, STM32G414RCT6, STM32G414VBT3, STM32G414VBT6, STM32G414VCT3, STM32G414VCT6, STM32G431CBT3Z, STM32G431RBT3Z, STM32G471CCT6, STM32G471CCU6, STM32G471CET3, STM32G471CET6, STM32G471CEU3, STM32G471CEU6, STM32G471MCT6, STM32G471MET3, STM32G471MET6, STM32G471MEY6TR, STM32G471QCT6, STM32G471QET3, STM32G471RCT6, STM32G471RET3, STM32G471RET6, STM32G471VCH6, STM32G471VCI6, STM32G471VCT6, STM32G471VEH3, STM32G471VEH6, STM32G471VEI3, STM32G471VEI6, STM32G471VET3, STM32G471VET6, STM32G473QET3Z, STM32G473RET3Z, STM32G474CCT6, STM32G491RET3Z, STM32H503CBT6, STM32H503CBU6, STM32H503EBY6TR, STM32H503KBU6, STM32H503RBT6, STM32H523CCT6, STM32H523CCU6, STM32H523CET6, STM32H523CEU6, STM32H523HEY6TR, STM32H523RCT6, STM32H523RET6, STM32H523VCI6, STM32H523VCT6, STM32H523VEI6, STM32H523VET6, STM32H523ZCJ6, STM32H523ZCT6, STM32H523ZEJ6, STM32H523ZET6, STM32H533CET6, STM32H533CEU6, STM32H533HEY6TR, STM32H533RET6, STM32H533VEI6, STM32H533VET6, STM32H533ZEJ6, STM32H533ZET6, STM32H562AGI6, STM32H562AII6, STM32H562IGK6, STM32H562IGT6, STM32H562IIK6, STM32H562IIT6, STM32H562RGT6, STM32H562RGV6, STM32H562RIT6, STM32H562RIV6, STM32H562VGT6, STM32H562VIT6, STM32H562ZGT6, STM32H562ZIT6, STM32H563AGI6, STM32H563AII3Q, STM32H563AII6, STM32H563IGK6, STM32H563IGT6, STM32H563IIK3Q, STM32H563IIK6, STM32H563IIT3Q, STM32H563IIT6, STM32H563MIY3QTR, STM32H563RGT6, STM32H563RGV6, STM32H563RIT6, STM32H563RIV6, STM32H563VGT6, STM32H563VIT3Q, STM32H563VIT6, STM32H563ZGT6, STM32H563ZIT3Q, STM32H563ZIT6, STM32H573AII3Q, STM32H573AII6, STM32H573I-DK, STM32H573IIK3Q, STM32H573IIK6, STM32H573IIT3Q, STM32H573IIT6, STM32H573MIY3QTR, STM32H573RIT6, STM32H573RIV6, STM32H573VIT3Q, STM32H573VIT6, STM32H573ZIT3Q, STM32H573ZIT6, STM32H7R3A8I6, STM32H7R3I8K6, STM32H7R3I8T6, STM32H7R3L8H6, STM32H7R3L8H6H, STM32H7R3R8V6, STM32H7R3V8H6, STM32H7R3V8T6, STM32H7R3V8Y6TR, STM32H7R3Z8J6, STM32H7R3Z8T6, STM32H7R7A8I6, STM32H7R7I8K6, STM32H7R7I8T6, STM32H7R7L8H6, STM32H7R7L8H6H, STM32H7R7Z8J6, STM32H7S3A8I6, STM32H7S3I8K6, STM32H7S3I8T6, STM32H7S3L8H6, STM32H7S3L8H6H, STM32H7S3R8V6, STM32H7S3V8H6, STM32H7S3V8T6, STM32H7S3V8Y6TR, STM32H7S3Z8J6, STM32H7S3Z8T6, STM32H7S78-DK, STM32H7S7A8I6, STM32H7S7I8K6, STM32H7S7I8T6, STM32H7S7L8H6, STM32H7S7L8H6H, STM32H7S7Z8J6, STM32L4R5QGI6STR, STM32MP131AAE3, STM32MP131AAF3, STM32MP131AAG3, STM32MP131CAE3, STM32MP131CAF3, STM32MP131CAG3, STM32MP131DAE7, STM32MP131DAF7, STM32MP131DAG7, STM32MP131FAE7, STM32MP131FAF7, STM32MP131FAG7, STM32MP133AAE3, STM32MP133AAF3, STM32MP133AAG3, STM32MP133CAE3, STM32MP133CAF3, STM32MP133CAG3, STM32MP133DAE7, STM32MP133DAF7, STM32MP133DAG7, STM32MP133FAE7, STM32MP133FAF7, STM32MP133FAG7, STM32MP135AAE3, STM32MP135AAF3, STM32MP135AAG3, STM32MP135CAE3, STM32MP135CAF3, STM32MP135CAG3, STM32MP135DAE7, STM32MP135DAF7, STM32MP135DAG7, STM32MP135F-DK, STM32MP135FAE7, STM32MP135FAF7, STM32MP135FAF7T, STM32MP135FAF7U, STM32MP135FAG7, STM32MP211AAL3, STM32MP211AAM3, STM32MP211AAN3, STM32MP211AAO3, STM32MP211CAL3, STM32MP211CAM3, STM32MP211CAN3, STM32MP211CAO3, STM32MP211DAL3, STM32MP211DAM3, STM32MP211DAN3, STM32MP211DAO3, STM32MP211FAL3, STM32MP211FAM3, STM32MP211FAN3, STM32MP211FAO3, STM32MP213AAL3, STM32MP213AAM3, STM32MP213AAN3, STM32MP213AAO3, STM32MP213CAL3, STM32MP213CAM3, STM32MP213CAN3, STM32MP213CAO3, STM32MP213DAL3, STM32MP213DAM3, STM32MP213DAN3, STM32MP213DAO3, STM32MP213FAL3, STM32MP213FAM3, STM32MP213FAN3, STM32MP213FAO3, STM32MP215AAL3, STM32MP215AAM3, STM32MP215AAN3, STM32MP215AAO3, STM32MP215CAL3, STM32MP215CAM3, STM32MP215CAN3, STM32MP215CAO3, STM32MP215DAL3, STM32MP215DAM3, STM32MP215DAN3, STM32MP215DAO3, STM32MP215F-DK, STM32MP215FAL3, STM32MP215FAM3, STM32MP215FAN3, STM32MP215FAO3, STM32MP231AAJ3, STM32MP231AAK3, STM32MP231AAL3, STM32MP231CAJ3, STM32MP231CAK3, STM32MP231CAL3, STM32MP231DAJ3, STM32MP231DAK3, STM32MP231DAL3, STM32MP231FAJ3, STM32MP231FAK3, STM32MP231FAL3, STM32MP233AAJ3, STM32MP233AAK3, STM32MP233AAL3, STM32MP233CAJ3, STM32MP233CAK3, STM32MP233CAL3, STM32MP233DAJ3, STM32MP233DAK3, STM32MP233DAL3, STM32MP233FAJ3, STM32MP233FAK3, STM32MP233FAL3, STM32MP235AAJ3, STM32MP235AAK3, STM32MP235AAL3, STM32MP235CAJ3, STM32MP235CAK3, STM32MP235CAL3, STM32MP235DAJ3, STM32MP235DAK3, STM32MP235DAL3, STM32MP235FAJ3, STM32MP235FAK3, STM32MP235FAL3, STM32MP251AAI3, STM32MP251AAK3, STM32MP251AAL3, STM32MP251CAI3, STM32MP251CAK3, STM32MP251CAL3, STM32MP251DAI3, STM32MP251DAK3, STM32MP251DAL3, STM32MP251FAI3, STM32MP251FAK3, STM32MP251FAL3, STM32MP253AAI3, STM32MP253AAK3, STM32MP253AAL3, STM32MP253CAI3, STM32MP253CAK3, STM32MP253CAL3, STM32MP253DAI3, STM32MP253DAK3, STM32MP253DAL3, STM32MP253FAI3, STM32MP253FAK3, STM32MP253FAL3, STM32MP255AAI3, STM32MP255AAK3, STM32MP255AAL3, STM32MP255CAI3, STM32MP255CAK3, STM32MP255CAL3, STM32MP255DAI3, STM32MP255DAK3, STM32MP255DAL3, STM32MP255FAI3, STM32MP255FAK3, STM32MP255FAL3, STM32MP257AAI3, STM32MP257AAK3, STM32MP257AAL3, STM32MP257CAI3, STM32MP257CAK3, STM32MP257CAL3, STM32MP257DAI3, STM32MP257DAK3, STM32MP257DAL3, STM32MP257F-DK, STM32MP257F-EV1, STM32MP257FAI3, STM32MP257FAK3, STM32MP257FAL3, STM32N645A0H3Q, STM32N645B0H3Q, STM32N645I0H3Q, STM32N645L0H3Q, STM32N645X0H3Q, STM32N645Z0H3Q, STM32N647A0H3Q, STM32N647B0H3Q, STM32N647I0H3Q, STM32N647L0H3Q, STM32N647X0H3Q, STM32N647Z0H3Q, STM32N655A0H3Q, STM32N655B0H3Q, STM32N655I0H3Q, STM32N655L0H3Q, STM32N655X0H3Q, STM32N655Z0H3Q, STM32N6570-DK, STM32N657A0H3Q, STM32N657B0H3Q, STM32N657I0H3Q, STM32N657L0H3Q, STM32N657X0H3Q, STM32N657Z0H3Q, STM32U031C6T6, STM32U031C6U6, STM32U031C8T6, STM32U031C8U6, STM32U031F4P6, STM32U031F6P6, STM32U031F8P6, STM32U031G6Y6TR, STM32U031G8Y6TR, STM32U031K4U6, STM32U031K6U6, STM32U031K8U6, STM32U031R6I6, STM32U031R6T6, STM32U031R8I6, STM32U031R8T6, STM32U073C8T6, STM32U073C8U6, STM32U073CBT6, STM32U073CBU6, STM32U073CCT6, STM32U073CCU6, STM32U073H8Y6TR, STM32U073HBY6TR, STM32U073HCY6TR, STM32U073K8U6, STM32U073KBU6, STM32U073KCU6, STM32U073M8I6, STM32U073M8T6, STM32U073MBI6, STM32U073MBT6, STM32U073MCI6, STM32U073MCT6, STM32U073R8I6, STM32U073R8T6, STM32U073RBI6, STM32U073RBT6, STM32U073RCI6, STM32U073RCT6, STM32U083C-DK, STM32U083CCT6, STM32U083CCU6, STM32U083HCY6TR, STM32U083KCU6, STM32U083MCI6, STM32U083MCT6, STM32U083RCI6, STM32U083RCT6, STM32U375CET6, STM32U375CET6Q, STM32U375CEU6, STM32U375CEU6Q, STM32U375CEY6QTR, STM32U375CGT6, STM32U375CGT6Q, STM32U375CGU6, STM32U375CGU6Q, STM32U375CGY6QTR, STM32U375KEU6, STM32U375KGU6, STM32U375REI6, STM32U375REI6Q, STM32U375RET6, STM32U375RET6Q, STM32U375REY6GTR, STM32U375REY6QTR, STM32U375RGI6, STM32U375RGI6Q, STM32U375RGT6, STM32U375RGT6Q, STM32U375RGY6GTR, STM32U375RGY6QTR, STM32U375VEI6, STM32U375VEI6Q, STM32U375VET6, STM32U375VET6Q, STM32U375VGI6, STM32U375VGI6Q, STM32U375VGT6, STM32U375VGT6Q, STM32U385CGT6, STM32U385CGT6Q, STM32U385CGU6, STM32U385CGU6Q, STM32U385CGY6QTR, STM32U385KGU6, STM32U385RGI6, STM32U385RGI6Q, STM32U385RGT6, STM32U385RGT6Q, STM32U385RGY6GTR, STM32U385RGY6QTR, STM32U385VGI6, STM32U385VGI6Q, STM32U385VGT6, STM32U385VGT6Q, STM32U535CBT6, STM32U535CBT6Q, STM32U535CBU6, STM32U535CBU6Q, STM32U535CCT6, STM32U535CCT6Q, STM32U535CCU6, STM32U535CCU6Q, STM32U535CET6, STM32U535CET6Q, STM32U535CEU6, STM32U535CEU6Q, STM32U535JEY6QTR, STM32U535NCY6QTR, STM32U535NEY6QTR, STM32U535RBI6, STM32U535RBI6Q, STM32U535RBT6, STM32U535RBT6Q, STM32U535RCI6, STM32U535RCI6Q, STM32U535RCT6, STM32U535RCT6Q, STM32U535REI6, STM32U535REI6Q, STM32U535RET6, STM32U535RET6Q, STM32U535VCI6, STM32U535VCI6Q, STM32U535VCT6, STM32U535VCT6Q, STM32U535VEI6, STM32U535VEI6Q, STM32U535VET6, STM32U535VET6Q, STM32U545CET6, STM32U545CET6Q, STM32U545CEU6, STM32U545CEU6Q, STM32U545JEY6QTR, STM32U545NEY6QTR, STM32U545REI6, STM32U545REI6Q, STM32U545RET6, STM32U545RET6Q, STM32U545VEI6, STM32U545VEI6Q, STM32U545VET6, STM32U545VET6Q, STM32U595AIH6, STM32U595AIH6Q, STM32U595AJH6, STM32U595AJH6Q, STM32U595QII6, STM32U595QII6Q, STM32U595QJI6, STM32U595QJI6Q, STM32U595RIT6, STM32U595RIT6Q, STM32U595RJT6, STM32U595RJT6Q, STM32U595VIT6, STM32U595VIT6Q, STM32U595VJT6, STM32U595VJT6Q, STM32U595ZIT6, STM32U595ZIT6Q, STM32U595ZIY6QTR, STM32U595ZJT6, STM32U595ZJT6Q, STM32U595ZJY6QTR, STM32U599BJY6QTR, STM32U599NIH6Q, STM32U599NJH6Q, STM32U599VIT6Q, STM32U599VJT6, STM32U599VJT6Q, STM32U599ZIT6Q, STM32U599ZIY6QTR, STM32U599ZJT6Q, STM32U599ZJY6QTR, STM32U5A5AJH6, STM32U5A5AJH6Q, STM32U5A5QII3Q , STM32U5A5QJI6, STM32U5A5QJI6Q, STM32U5A5RJT6, STM32U5A5RJT6Q, STM32U5A5VJT6, STM32U5A5VJT6Q, STM32U5A5ZJT6, STM32U5A5ZJT6Q, STM32U5A5ZJY6QTR, STM32U5A9BJY6QTR, STM32U5A9J-DK, STM32U5A9NJH6Q, STM32U5A9VJT6Q, STM32U5A9ZJT6Q, STM32U5A9ZJY6QTR, STM32U5F7VIT6, STM32U5F7VIT6Q, STM32U5F7VJT6, STM32U5F7VJT6Q, STM32U5F9BJY6QTR, STM32U5F9NJH6Q, STM32U5F9VIT6Q, STM32U5F9VJT6Q, STM32U5F9ZIJ6QTR, STM32U5F9ZIT6Q, STM32U5F9ZJJ6QTR, STM32U5F9ZJT6Q, STM32U5G7VJT6, STM32U5G7VJT6Q, STM32U5G9BJY6QTR, STM32U5G9J-DK1, STM32U5G9J-DK2, STM32U5G9NJH6Q, STM32U5G9VJT6Q, STM32U5G9ZJJ6QTR, STM32U5G9ZJT6Q, STM32WB05KZV6TR, STM32WB05KZV7TR, STM32WB05TZF6TR, STM32WB05TZF7TR, STM32WB06CCF6TR, STM32WB06CCF7TR, STM32WB06CCV6TR, STM32WB06CCV7TR, STM32WB06KCV6TR, STM32WB06KCV7TR, STM32WB07CCF6TR, STM32WB07CCF7TR, STM32WB07CCV6TR, STM32WB07CCV7TR, STM32WB07KCV6TR, STM32WB07KCV7TR, STM32WB09KEV6TR, STM32WB09KEV7TR, STM32WB09TEF6TR, STM32WB09TEF7TR, STM32WB1MMCH6, STM32WBA50KGU6, STM32WBA50KGU6TR, STM32WBA52CEU6, STM32WBA52CEU6TR, STM32WBA52CEU7, STM32WBA52CEU7TR, STM32WBA52CGU6, STM32WBA52CGU6TR, STM32WBA52CGU6U, STM32WBA52CGU7, STM32WBA52CGU7TR, STM32WBA52KEU6, STM32WBA52KEU6TR, STM32WBA52KGU6, STM32WBA52KGU6TR, STM32WBA54CEU6, STM32WBA54CEU6TR, STM32WBA54CEU7, STM32WBA54CEU7TR, STM32WBA54CGU6, STM32WBA54CGU6TR, STM32WBA54CGU7, STM32WBA54CGU7TR, STM32WBA54KEU6, STM32WBA54KEU6TR, STM32WBA54KEU7, STM32WBA54KEU7TR, STM32WBA54KGU6, STM32WBA54KGU6TR, STM32WBA54KGU7, STM32WBA54KGU7TR, STM32WBA55CEU6, STM32WBA55CEU6TR, STM32WBA55CEU7, STM32WBA55CEU7TR, STM32WBA55CGU6, STM32WBA55CGU6TR, STM32WBA55CGU6U, STM32WBA55CGU7, STM32WBA55CGU7TR, STM32WBA55G-DK1, STM32WBA55HEF6, STM32WBA55HEF7, STM32WBA55HGF6, STM32WBA55HGF7, STM32WBA55UEI6, STM32WBA55UEI6TR, STM32WBA55UEI7, STM32WBA55UEI7TR, STM32WBA55UGI6, STM32WBA55UGI6TR, STM32WBA55UGI7, STM32WBA55UGI7TR, STM32WBA5MMGH6TR, STM32WBA62MGF6, STM32WBA62MIF6, STM32WBA65MGF7, STM32WBA65MIF6, STM32WBA65MIF7, STM32WL30K8V6, STM32WL30KBV6, STM32WL31C8V6, STM32WL31CBV6, STM32WL31K8V6, STM32WL31KBV6, STM32WL33C8V6, STM32WL33C8V6X, STM32WL33CBV6, STM32WL33CBV6X, STM32WL33CCV6, STM32WL33CCV6A, STM32WL33CCV6X, STM32WL33K8V7, STM32WL33K8V7X, STM32WL33KBV7 , STM32WL33KBV7X, STM32WL33KCV7, STM32WL33KCV7X, STM32WL5MOCH6, STM32WL5MOCH6TR]
2026-03-14 13:24:31,617 [INFO] DbMcus:218 - Found 4876 MCUs, 4876 are supported
2026-03-14 13:24:31,620 [INFO] ApiDb:423 - Load user favorites file /Users/karthikkurapati/.stm32cubeide/favorites.mcus.txt: 0 item(s)
2026-03-14 13:24:31,621 [INFO] ApiDb:427 - User favorites MCUs=[]
2026-03-14 13:24:31,621 [INFO] DbMcus:224 - Set 0 / 0 favorites MCUs
2026-03-14 13:24:32,851 [INFO] BoardInfo:889 - No configuration file found for board P-NUCLEO-WB55
2026-03-14 13:24:32,889 [INFO] DbBoards:161 - Kit is not supported: P-NUCLEO-WB55
2026-03-14 13:24:32,903 [INFO] BoardInfo:889 - No configuration file found for board STEVAL-BFA001V1B
2026-03-14 13:24:32,904 [INFO] DbBoards:161 - Kit is not supported: STEVAL-BFA001V1B
2026-03-14 13:24:32,906 [INFO] BoardInfo:889 - No configuration file found for board STEVAL-BFA001V2B
2026-03-14 13:24:32,907 [INFO] DbBoards:161 - Kit is not supported: STEVAL-BFA001V2B
2026-03-14 13:24:33,182 [INFO] DbBoards:168 - Found 212 boards, 209 are supported
2026-03-14 13:24:33,183 [INFO] DbBoards:169 - Found 212 boards, 43 of them is supported for  Bsp
2026-03-14 13:24:33,201 [INFO] ApiDb:423 - Load user favorites file /Users/karthikkurapati/.stm32cubeide/favorites.boards.txt: 0 item(s)
2026-03-14 13:24:33,203 [INFO] ApiDb:427 - User favorites Boards=[]
2026-03-14 13:24:33,203 [INFO] DbBoards:198 - Set 0 / 0 favorites Boards
2026-03-14 13:24:33,511 [INFO] UtilMem:75 - End LoadConfig() Used Memory: 288866320 Bytes (392167424)
2026-03-14 13:24:33,914 [WARN] ThirdParty:833 - waiting for thirdparty lock release [change project]
2026-03-14 13:24:33,925 [INFO] ThirdParty:835 - entering critical section [change project]
2026-03-14 13:24:33,927 [INFO] ThirdParty:1030 - CMSIS Pack Vendor :STMicroelectronics X-CUBE-AZRTOS-H7 3.5.0
2026-03-14 13:24:33,928 [INFO] ThirdParty:1030 - CMSIS Pack Vendor :STMicroelectronics X-CUBE-PM33A1 1.0.0
2026-03-14 13:24:33,928 [INFO] ThirdParty:1030 - CMSIS Pack Vendor :STMicroelectronics USBPD 4.1
2026-03-14 13:24:33,928 [INFO] ThirdParty:1030 - CMSIS Pack Vendor :STMicroelectronics USB_HOST 2.0.0
2026-03-14 13:24:33,928 [INFO] ThirdParty:1030 - CMSIS Pack Vendor :STMicroelectronics FP-SNS-MOTENVWB1 1.4.0
2026-03-14 13:24:33,928 [INFO] ThirdParty:1030 - CMSIS Pack Vendor :STMicroelectronics X-CUBE-AZRTOS-F4 1.1.0
2026-03-14 13:24:33,928 [INFO] ThirdParty:1030 - CMSIS Pack Vendor :STMicroelectronics LIBJPEG 8.0.0
2026-03-14 13:24:33,928 [INFO] ThirdParty:1030 - CMSIS Pack Vendor :STMicroelectronics FP-ATR-ASTRA1 2.0.2
2026-03-14 13:24:33,928 [INFO] ThirdParty:1030 - CMSIS Pack Vendor :Avnet-IotConnect X-CUBE-IoTC-DA16k-PMOD 1.0.0
2026-03-14 13:24:33,928 [INFO] ThirdParty:1030 - CMSIS Pack Vendor :STMicroelectronics X-CUBE-SMBUS 2.1.0
2026-03-14 13:24:33,928 [INFO] ThirdParty:1030 - CMSIS Pack Vendor :STMicroelectronics X-CUBE-ISPU 2.1.0
2026-03-14 13:24:33,928 [INFO] ThirdParty:1030 - CMSIS Pack Vendor :STMicroelectronics X-CUBE-IPS 3.2.0
2026-03-14 13:24:33,928 [INFO] ThirdParty:1030 - CMSIS Pack Vendor :STMicroelectronics X-CUBE-ST60 1.0.0
2026-03-14 13:24:33,928 [INFO] ThirdParty:1030 - CMSIS Pack Vendor :STMicroelectronics X-CUBE-NFC12 1.0.0
2026-03-14 13:24:33,929 [INFO] ThirdParty:1030 - CMSIS Pack Vendor :STMicroelectronics X-CUBE-AZRTOS-F7 1.1.0
2026-03-14 13:24:33,929 [INFO] ThirdParty:1030 - CMSIS Pack Vendor :STMicroelectronics X-CUBE-AZRTOS-L5 2.0.0
2026-03-14 13:24:33,929 [INFO] ThirdParty:1030 - CMSIS Pack Vendor :STMicroelectronics USB_DEVICE 2.0.0
2026-03-14 13:24:33,929 [INFO] ThirdParty:1030 - CMSIS Pack Vendor :STMicroelectronics X-CUBE-NFC6 3.1.0
2026-03-14 13:24:33,929 [INFO] ThirdParty:1030 - CMSIS Pack Vendor :STMicroelectronics FP-SNS-MOTENV1 5.1.0
2026-03-14 13:24:33,929 [INFO] ThirdParty:1030 - CMSIS Pack Vendor :STMicroelectronics FreeRTOS 0.0.1
2026-03-14 13:24:33,929 [INFO] ThirdParty:1030 - CMSIS Pack Vendor :WES I-CUBE-Cesium 1.4.0
2026-03-14 13:24:33,929 [INFO] ThirdParty:1030 - CMSIS Pack Vendor :Infineon AIROC-Wi-Fi-Bluetooth-STM32 1.7.1
2026-03-14 13:24:33,929 [INFO] ThirdParty:1030 - CMSIS Pack Vendor :STMicroelectronics PDM2PCM 3.3.0
2026-03-14 13:24:33,929 [INFO] ThirdParty:1030 - CMSIS Pack Vendor :STMicroelectronics X-CUBE-AZRTOS-H7 3.4.0
2026-03-14 13:24:33,929 [INFO] ThirdParty:1030 - CMSIS Pack Vendor :STMicroelectronics X-CUBE-DISPLAY 3.0.0
2026-03-14 13:24:33,929 [INFO] ThirdParty:1030 - CMSIS Pack Vendor :STMicroelectronics FP-SNS-MOTENVWB1 1.5.0
2026-03-14 13:24:33,929 [INFO] ThirdParty:1030 - CMSIS Pack Vendor :STMicroelectronics X-CUBE-NFC10 1.0.0
2026-03-14 13:24:33,929 [INFO] ThirdParty:1030 - CMSIS Pack Vendor :STMicroelectronics X-CUBE-FREERTOS 1.3.1
2026-03-14 13:24:33,929 [INFO] ThirdParty:1030 - CMSIS Pack Vendor :STMicroelectronics HAL Drivers 0.0.0
2026-03-14 13:24:33,929 [INFO] ThirdParty:1030 - CMSIS Pack Vendor :STMicroelectronics X-CUBE-ST60 1.1.0
2026-03-14 13:24:33,929 [INFO] ThirdParty:1030 - CMSIS Pack Vendor :emotas I-CUBE-CANOPEN 1.3.0
2026-03-14 13:24:33,929 [INFO] ThirdParty:1030 - CMSIS Pack Vendor :STMicroelectronics MBEDTLS 2.14.1
2026-03-14 13:24:33,929 [INFO] ThirdParty:1030 - CMSIS Pack Vendor :STMicroelectronics X-CUBE-GNSS1 7.1.0
2026-03-14 13:24:33,929 [INFO] ThirdParty:1030 - CMSIS Pack Vendor :STMicroelectronics X-CUBE-TOUCHGFX 4.26.0
2026-03-14 13:24:33,929 [INFO] ThirdParty:1030 - CMSIS Pack Vendor :STMicroelectronics X-CUBE-TOUCHGFX 4.26.1
2026-03-14 13:24:33,929 [INFO] ThirdParty:1030 - CMSIS Pack Vendor :STMicroelectronics FP-SNS-STBOX1 2.1.0
2026-03-14 13:24:33,930 [INFO] ThirdParty:1030 - CMSIS Pack Vendor :STMicroelectronics FP-SNS-STAIOTCFT 1.0.0
2026-03-14 13:24:33,930 [INFO] ThirdParty:1030 - CMSIS Pack Vendor :STMicroelectronics FP-SNS-SMARTAG2 1.2.0
2026-03-14 13:24:33,930 [INFO] ThirdParty:1030 - CMSIS Pack Vendor :STMicroelectronics FP-SNS-FLIGHT1 5.1.0
2026-03-14 13:24:33,930 [INFO] ThirdParty:1030 - CMSIS Pack Vendor :STMicroelectronics X-CUBE-AZRTOS-WL 2.0.0
2026-03-14 13:24:33,930 [INFO] ThirdParty:1030 - CMSIS Pack Vendor :STMicroelectronics X-CUBE-DPower 1.3.0
2026-03-14 13:24:33,930 [INFO] ThirdParty:1030 - CMSIS Pack Vendor :STMicroelectronics FP-SNS-MOTENV1 5.0.0
2026-03-14 13:24:33,930 [INFO] ThirdParty:1030 - CMSIS Pack Vendor :STMicroelectronics USB_DEVICE 1.0.0
2026-03-14 13:24:33,930 [INFO] ThirdParty:1030 - CMSIS Pack Vendor :STMicroelectronics X-CUBE-AZRTOS-H7RS 1.2.0
2026-03-14 13:24:33,930 [INFO] ThirdParty:1030 - CMSIS Pack Vendor :STMicroelectronics X-CUBE-AZRTOS-L4 2.0.0
2026-03-14 13:24:33,930 [INFO] ThirdParty:1030 - CMSIS Pack Vendor :STMicroelectronics ThreadX 0.0.2
2026-03-14 13:24:33,930 [INFO] ThirdParty:1030 - CMSIS Pack Vendor :STMicroelectronics lwIP 2.1.2
2026-03-14 13:24:33,930 [INFO] ThirdParty:1030 - CMSIS Pack Vendor :STMicroelectronics X-CUBE-SFXS2LP1 4.0.0
2026-03-14 13:24:33,930 [INFO] ThirdParty:1030 - CMSIS Pack Vendor :STMicroelectronics X-CUBE-BLE2 3.3.0
2026-03-14 13:24:33,930 [INFO] ThirdParty:1030 - CMSIS Pack Vendor :Avnet-IOTCONNECT X-CUBE-iotc-st67-sdk 1.0.0
2026-03-14 13:24:33,930 [INFO] ThirdParty:1030 - CMSIS Pack Vendor :STMicroelectronics PDM2PCM 3.2.0
2026-03-14 13:24:33,930 [INFO] ThirdParty:1030 - CMSIS Pack Vendor :STMicroelectronics X-CUBE-ST67W61 1.2.0
2026-03-14 13:24:33,930 [INFO] ThirdParty:1030 - CMSIS Pack Vendor :STMicroelectronics X-CUBE-NFC9 1.0.0
2026-03-14 13:24:33,930 [INFO] ThirdParty:1030 - CMSIS Pack Vendor :wolfSSL I-CUBE-wolfSSL 5.8.2
2026-03-14 13:24:33,930 [INFO] ThirdParty:1030 - CMSIS Pack Vendor :STMicroelectronics X-CUBE-BLE1 7.1.0
2026-03-14 13:24:33,930 [INFO] ThirdParty:1030 - CMSIS Pack Vendor :wolfSSL I-CUBE-wolfMQTT 1.19.2
2026-03-14 13:24:33,930 [INFO] ThirdParty:1030 - CMSIS Pack Vendor :STMicroelectronics USB_DEVICE 3.0.0
2026-03-14 13:24:33,930 [INFO] ThirdParty:1030 - CMSIS Pack Vendor :STMicroelectronics X-CUBE-FREERTOS 1.4.0
2026-03-14 13:24:33,930 [INFO] ThirdParty:1030 - CMSIS Pack Vendor :STMicroelectronics X-CUBE-EEPRMA1 5.2.0
2026-03-14 13:24:33,931 [INFO] ThirdParty:1030 - CMSIS Pack Vendor :STMicroelectronics X-CUBE-BLEMGR 4.1.0
2026-03-14 13:24:33,931 [INFO] ThirdParty:1030 - CMSIS Pack Vendor :STMicroelectronics X-CUBE-AZRTOS-WB 2.0.0
2026-03-14 13:24:33,931 [INFO] ThirdParty:1030 - CMSIS Pack Vendor :STMicroelectronics X-CUBE-GNSS1 7.0.1
2026-03-14 13:24:33,931 [INFO] ThirdParty:1030 - CMSIS Pack Vendor :STMicroelectronics X-CUBE-TOUCHGFX 4.25.0
2026-03-14 13:24:33,931 [INFO] ThirdParty:1030 - CMSIS Pack Vendor :STMicroelectronics X-CUBE-ST67W61 1.1.0
2026-03-14 13:24:33,931 [INFO] ThirdParty:1030 - CMSIS Pack Vendor :quantropi X-CUBE-qispace-sdk-base 2.1.0
2026-03-14 13:24:33,931 [INFO] ThirdParty:1030 - CMSIS Pack Vendor :STMicroelectronics X-CUBE-MEMS1 12.0.0
2026-03-14 13:24:33,931 [INFO] ThirdParty:1030 - CMSIS Pack Vendor :STMicroelectronics X-CUBE-STSE01 2.0.0
2026-03-14 13:24:33,931 [INFO] ThirdParty:1030 - CMSIS Pack Vendor :STMicroelectronics X-CUBE-AZRTOS-G0 1.1.0
2026-03-14 13:24:33,931 [INFO] ThirdParty:1030 - CMSIS Pack Vendor :STMicroelectronics X-CUBE-SAFEA1 1.2.2
2026-03-14 13:24:33,931 [INFO] ThirdParty:1030 - CMSIS Pack Vendor :STMicroelectronics X-CUBE-NFC4 3.0.0
2026-03-14 13:24:33,932 [INFO] ThirdParty:1030 - CMSIS Pack Vendor :STMicroelectronics X-CUBE-SUBG2 5.0.0
2026-03-14 13:24:33,933 [INFO] ThirdParty:1030 - CMSIS Pack Vendor :STMicroelectronics X-CUBE-AZRTOS-H7RS 1.1.0
2026-03-14 13:24:33,933 [INFO] ThirdParty:1030 - CMSIS Pack Vendor :STMicroelectronics STM32_WPAN 1.0.0
2026-03-14 13:24:33,933 [INFO] ThirdParty:1030 - CMSIS Pack Vendor :EmbeddedOffice I-CUBE-FS-RTOS 1.0.1
2026-03-14 13:24:33,933 [INFO] ThirdParty:1030 - CMSIS Pack Vendor :STMicroelectronics lwIP 2.0.3
2026-03-14 13:24:33,933 [INFO] ThirdParty:1030 - CMSIS Pack Vendor :Cesanta I-CUBE-Mongoose 7.13.0
2026-03-14 13:24:33,933 [INFO] ThirdParty:1030 - CMSIS Pack Vendor :STMicroelectronics USB_HOST 1.0.0
2026-03-14 13:24:33,933 [INFO] ThirdParty:1030 - CMSIS Pack Vendor :STMicroelectronics X-CUBE-AZRTOS-G4 2.0.0
2026-03-14 13:24:33,933 [INFO] ThirdParty:1030 - CMSIS Pack Vendor :STMicroelectronics X-CUBE-WB05N 2.0.0
2026-03-14 13:24:33,933 [INFO] ThirdParty:1030 - CMSIS Pack Vendor :STMicroelectronics PDM2PCM 3.1.0
2026-03-14 13:24:33,933 [INFO] ThirdParty:1030 - CMSIS Pack Vendor :wolfSSL I-CUBE-wolfTPM 3.8.0
2026-03-14 13:24:33,933 [INFO] ThirdParty:1030 - CMSIS Pack Vendor :wolfSSL I-CUBE-wolfSSH 1.4.20
2026-03-14 13:24:33,933 [INFO] ThirdParty:1030 - CMSIS Pack Vendor :STMicroelectronics X-CUBE-NFC7 2.0.0
2026-03-14 13:24:33,933 [INFO] ThirdParty:1030 - CMSIS Pack Vendor :STMicroelectronics X-CUBE-TCPP 4.2.0
2026-03-14 13:24:33,933 [INFO] ThirdParty:1030 - CMSIS Pack Vendor :RealThread X-CUBE-RT-Thread_Nano 4.1.1
2026-03-14 13:24:33,933 [INFO] ThirdParty:1030 - CMSIS Pack Vendor :STMicroelectronics FP-ATR-SIGFOX1 3.2.0
2026-03-14 13:24:33,933 [INFO] ThirdParty:1030 - CMSIS Pack Vendor :STMicroelectronics X-CUBE-FREERTOS 1.5.0
2026-03-14 13:24:33,933 [INFO] ThirdParty:1030 - CMSIS Pack Vendor :STMicroelectronics MBEDTLS 2.16.2
2026-03-14 13:24:33,933 [INFO] ThirdParty:1030 - CMSIS Pack Vendor :STMicroelectronics X-CUBE-IPS 3.1.0
2026-03-14 13:24:33,933 [INFO] ThirdParty:1030 - CMSIS Pack Vendor :STMicroelectronics X-CUBE-ALS 1.0.2
2026-03-14 13:24:33,934 [INFO] ThirdParty:1030 - CMSIS Pack Vendor :ITTIA_DB I-CUBE-ITTIADB 8.9.0
2026-03-14 13:24:33,934 [INFO] ThirdParty:1030 - CMSIS Pack Vendor :STMicroelectronics X-CUBE-STSE01 1.0.0
2026-03-14 13:24:33,934 [INFO] ThirdParty:1030 - CMSIS Pack Vendor :STMicroelectronics X-CUBE-NFC6 3.2.0
2026-03-14 13:24:33,934 [INFO] ThirdParty:1030 - CMSIS Pack Vendor :STMicroelectronics X-CUBE-ST67W61 1.0.0
2026-03-14 13:24:33,934 [INFO] ThirdParty:1030 - CMSIS Pack Vendor :STMicroelectronics X-CUBE-AI 10.2.0
2026-03-14 13:24:33,934 [INFO] ThirdParty:1030 - CMSIS Pack Vendor :STMicroelectronics ThreadX 1.0.0
2026-03-14 13:24:33,934 [INFO] ThirdParty:1030 - CMSIS Pack Vendor :SEGGER I-CUBE-embOS 1.3.1
2026-03-14 13:24:33,934 [INFO] ThirdParty:1030 - CMSIS Pack Vendor :STMicroelectronics X-CUBE-ALGOBUILD 1.4.0
2026-03-14 13:24:33,934 [INFO] ThirdParty:1030 - CMSIS Pack Vendor :STMicroelectronics X-CUBE-MEMS1 11.3.0
2026-03-14 13:24:33,934 [INFO] ThirdParty:1030 - CMSIS Pack Vendor :STMicroelectronics X-CUBE-TOF1 3.4.3
2026-03-14 13:24:33,942 [INFO] ThirdParty:841 - exiting critical section [change project]
2026-03-14 13:24:35,617 [INFO] PinOutPanel:1589 - setPackage(No Configuration,No Configuration)
2026-03-14 13:24:35,639 [INFO] PinOutPanel:1589 - setPackage(STM32L431CBTx,LQFP48)
2026-03-14 13:24:39,152 [INFO] UtilMem:75 - Before build in PCC Used Memory: 333128080 Bytes (392167424)
2026-03-14 13:24:44,116 [INFO] UtilMem:75 - After build in PCC Used Memory: 344081280 Bytes (408944640)
2026-03-14 13:24:44,467 [INFO] IPUIPlugin:80 - create IPUIPlugin
2026-03-14 13:24:44,493 [INFO] IPUIPlugin:80 - create IPUIPlugin
2026-03-14 13:24:44,510 [INFO] IPUIPlugin:80 - create IPUIPlugin
2026-03-14 13:24:44,514 [INFO] IPUIPlugin:80 - create IPUIPlugin
2026-03-14 13:24:44,521 [INFO] IPUIPlugin:80 - create IPUIPlugin
2026-03-14 13:24:44,523 [INFO] IPUIPlugin:80 - create IPUIPlugin
2026-03-14 13:24:44,525 [INFO] IPUIPlugin:80 - create IPUIPlugin
2026-03-14 13:24:44,526 [INFO] IPUIPlugin:80 - create IPUIPlugin
2026-03-14 13:24:44,526 [INFO] IPUIPlugin:80 - create IPUIPlugin
2026-03-14 13:24:44,527 [INFO] IPUIPlugin:80 - create IPUIPlugin
2026-03-14 13:24:44,528 [INFO] IPUIPlugin:80 - create IPUIPlugin
2026-03-14 13:24:44,529 [INFO] IPUIPlugin:80 - create IPUIPlugin
2026-03-14 13:24:44,529 [INFO] IPUIPlugin:80 - create IPUIPlugin
2026-03-14 13:24:44,530 [INFO] IPUIPlugin:80 - create IPUIPlugin
2026-03-14 13:24:44,539 [INFO] IPUIPlugin:80 - create IPUIPlugin
2026-03-14 13:24:44,540 [INFO] IPUIPlugin:80 - create IPUIPlugin
2026-03-14 13:24:44,541 [INFO] IPUIPlugin:80 - create IPUIPlugin
2026-03-14 13:24:44,541 [INFO] IPUIPlugin:80 - create IPUIPlugin
2026-03-14 13:24:44,542 [INFO] IPUIPlugin:80 - create IPUIPlugin
2026-03-14 13:24:44,542 [INFO] IPUIPlugin:80 - create IPUIPlugin
2026-03-14 13:24:44,542 [INFO] IPUIPlugin:80 - create IPUIPlugin
2026-03-14 13:24:44,543 [INFO] IPUIPlugin:80 - create IPUIPlugin
2026-03-14 13:24:44,591 [INFO] IPUIPlugin:80 - create IPUIPlugin
2026-03-14 13:24:44,787 [INFO] IPUIPlugin:80 - create IPUIPlugin
2026-03-14 13:24:45,079 [INFO] IPUIPlugin:80 - create IPUIPlugin
2026-03-14 13:24:45,100 [INFO] IPUIPlugin:80 - create IPUIPlugin
2026-03-14 13:24:45,103 [INFO] IPUIPlugin:80 - create IPUIPlugin
2026-03-14 13:24:45,103 [INFO] IPUIPlugin:80 - create IPUIPlugin
2026-03-14 13:24:45,103 [INFO] IPUIPlugin:80 - create IPUIPlugin
2026-03-14 13:24:45,104 [INFO] IPUIPlugin:80 - create IPUIPlugin
2026-03-14 13:24:45,104 [INFO] IPUIPlugin:80 - create IPUIPlugin
2026-03-14 13:24:45,104 [INFO] IPUIPlugin:80 - create IPUIPlugin
2026-03-14 13:24:45,104 [INFO] IPUIPlugin:80 - create IPUIPlugin
2026-03-14 13:24:45,104 [INFO] IPUIPlugin:80 - create IPUIPlugin
2026-03-14 13:24:45,104 [INFO] IPUIPlugin:80 - create IPUIPlugin
2026-03-14 13:24:45,104 [INFO] IPUIPlugin:80 - create IPUIPlugin
2026-03-14 13:24:45,105 [INFO] IPUIPlugin:80 - create IPUIPlugin
2026-03-14 13:24:45,134 [INFO] IPUIPlugin:80 - create IPUIPlugin
2026-03-14 13:24:45,134 [INFO] IPUIPlugin:80 - create IPUIPlugin
2026-03-14 13:24:45,135 [INFO] IPUIPlugin:80 - create IPUIPlugin
2026-03-14 13:24:45,135 [INFO] IPUIPlugin:80 - create IPUIPlugin
2026-03-14 13:24:45,135 [INFO] IPUIPlugin:80 - create IPUIPlugin
2026-03-14 13:24:45,553 [INFO] Can:71 - Can Add PropertyChangeListener com.st.microxplorer.plugins.ip.can.Can@4dff3845
2026-03-14 13:24:46,952 [INFO] CADModel:165 - CPN selected for project levelSTM32L431CBT3
2026-03-14 13:24:46,953 [INFO] CADModel:114 - Register for checkConnection events
2026-03-14 13:24:47,008 [INFO] OpenFileManager:386 - Restore cursor
2026-03-14 13:26:29,427 [INFO] NvicIntPanel:101 - NVIC parent = com.st.microxplorer.plugins.ip.nvic.MultiNvicIntPanel[,0,0,450x320,layout=javax.swing.BoxLayout,alignmentX=0.0,alignmentY=0.0,border=,flags=9,maximumSize=,minimumSize=,preferredSize=]
2026-03-14 13:46:28,513 [ERROR] LogOutputStream:75 - [STDERR_REDIRECT] 
2026-03-14 13:52:19,672 [INFO] Activator:176 - 


2026-03-14 13:52:19,676 [INFO] Activator:177 - !SESSION log4j initialized
2026-03-14 13:52:27,399 [INFO] LogOutputStream:77 - [STDOUT_REDIRECT] 
2026-03-14 13:52:28,233 [ERROR] LogOutputStream:75 - [STDERR_REDIRECT] 
2026-03-14 13:52:32,247 [INFO] LogOutputStream:77 - [STDOUT_REDIRECT] 
2026-03-14 13:52:33,612 [INFO] ApplicationProperties:184 - Using Application install path: /Applications/STM32CubeIDE.app/Contents/Eclipse/plugins/com.st.stm32cube.common.mx_6.15.0.202507011659
2026-03-14 13:52:33,632 [INFO] DbMcusXml:78 - Set database path to: /Applications/STM32CubeIDE.app/Contents/Eclipse/plugins/com.st.stm32cube.common.mx_6.15.0.202507011659//db//mcu/
2026-03-14 13:52:33,632 [INFO] ApiDb:274 - Set plugin database path to: /Applications/STM32CubeIDE.app/Contents/Eclipse/plugins/com.st.stm32cube.common.mx_6.15.0.202507011659//db//plugins/boardmanager/
2026-03-14 13:52:33,633 [WARN] ApiDb:259 - Overriding images path with different value:  => /Applications/STM32CubeIDE.app/Contents/Eclipse/plugins/com.st.stm32cube.common.mx_6.15.0.202507011659//db//plugins/mcufinder/images/
2026-03-14 13:52:33,642 [INFO] ApiDb:250 - Set database path to: /Users/karthikkurapati/.stmcufinder/plugins/mcufinder//mcu/
2026-03-14 13:52:33,644 [INFO] DbMcusAds:125 - Set database path to: /Users/karthikkurapati/.stmcufinder/plugins/mcufinder//mcu/
2026-03-14 13:52:33,646 [INFO] CrossReferenceDbSqlite:203 - Set database path to: /Users/karthikkurapati/.stmcufinder/plugins/mcufinder//mcu/cs/
2026-03-14 13:52:33,866 [INFO] RulesReader:64 - Compatibility file has been processed (317 Rules)
2026-03-14 13:52:33,953 [INFO] DbMcusXml:78 - Set database path to: /Applications/STM32CubeIDE.app/Contents/Eclipse/plugins/com.st.stm32cube.common.mx_6.15.0.202507011659//db//mcu/
2026-03-14 13:52:33,953 [INFO] ApiDb:274 - Set plugin database path to: /Applications/STM32CubeIDE.app/Contents/Eclipse/plugins/com.st.stm32cube.common.mx_6.15.0.202507011659//db//plugins/boardmanager/
2026-03-14 13:52:33,953 [INFO] ApiDb:261 - Set plugin images path to: /Applications/STM32CubeIDE.app/Contents/Eclipse/plugins/com.st.stm32cube.common.mx_6.15.0.202507011659//db//plugins/mcufinder/images/
2026-03-14 13:52:33,954 [WARN] DbFile:41 - Overriding database path with different value: /Users/karthikkurapati/.stmcufinder/plugins/mcufinder/ => /Users/karthikkurapati/.stmcufinder/plugins/mcufinder
2026-03-14 13:52:33,954 [INFO] ApiDb:250 - Set database path to: /Users/karthikkurapati/.stmcufinder/plugins/mcufinder//mcu/
2026-03-14 13:52:33,954 [WARN] DbFile:41 - Overriding database path with different value: /Users/karthikkurapati/.stmcufinder/plugins/mcufinder/ => /Users/karthikkurapati/.stmcufinder/plugins/mcufinder
2026-03-14 13:52:33,954 [INFO] DbMcusAds:125 - Set database path to: /Users/karthikkurapati/.stmcufinder/plugins/mcufinder//mcu/
2026-03-14 13:52:33,954 [WARN] DbFile:41 - Overriding database path with different value: /Users/karthikkurapati/.stmcufinder/plugins/mcufinder/ => /Users/karthikkurapati/.stmcufinder/plugins/mcufinder
2026-03-14 13:52:33,954 [WARN] DbFile:41 - Overriding database path with different value: /Users/karthikkurapati/.stmcufinder/plugins/mcufinder/ => /Users/karthikkurapati/.stmcufinder/plugins/mcufinder
2026-03-14 13:52:33,954 [INFO] CrossReferenceDbSqlite:203 - Set database path to: /Users/karthikkurapati/.stmcufinder/plugins/mcufinder//mcu/cs/
2026-03-14 13:52:34,054 [INFO] MainPanel:274 - HeapMemory: 268435456
2026-03-14 13:52:34,396 [INFO] DbMcusXml:78 - Set database path to: /Applications/STM32CubeIDE.app/Contents/Eclipse/plugins/com.st.stm32cube.common.mx_6.15.0.202507011659//db//mcu/
2026-03-14 13:52:34,396 [INFO] ApiDb:274 - Set plugin database path to: /Applications/STM32CubeIDE.app/Contents/Eclipse/plugins/com.st.stm32cube.common.mx_6.15.0.202507011659//db//plugins/boardmanager/
2026-03-14 13:52:34,396 [INFO] ApiDb:261 - Set plugin images path to: /Applications/STM32CubeIDE.app/Contents/Eclipse/plugins/com.st.stm32cube.common.mx_6.15.0.202507011659//db//plugins/mcufinder/images/
2026-03-14 13:52:34,397 [WARN] DbFile:41 - Overriding database path with different value: /Users/karthikkurapati/.stmcufinder/plugins/mcufinder/ => /Users/karthikkurapati/.stmcufinder/plugins/mcufinder
2026-03-14 13:52:34,397 [INFO] ApiDb:250 - Set database path to: /Users/karthikkurapati/.stmcufinder/plugins/mcufinder//mcu/
2026-03-14 13:52:34,397 [WARN] DbFile:41 - Overriding database path with different value: /Users/karthikkurapati/.stmcufinder/plugins/mcufinder/ => /Users/karthikkurapati/.stmcufinder/plugins/mcufinder
2026-03-14 13:52:34,397 [INFO] DbMcusAds:125 - Set database path to: /Users/karthikkurapati/.stmcufinder/plugins/mcufinder//mcu/
2026-03-14 13:52:34,397 [WARN] DbFile:41 - Overriding database path with different value: /Users/karthikkurapati/.stmcufinder/plugins/mcufinder/ => /Users/karthikkurapati/.stmcufinder/plugins/mcufinder
2026-03-14 13:52:34,397 [WARN] DbFile:41 - Overriding database path with different value: /Users/karthikkurapati/.stmcufinder/plugins/mcufinder/ => /Users/karthikkurapati/.stmcufinder/plugins/mcufinder
2026-03-14 13:52:34,397 [INFO] CrossReferenceDbSqlite:203 - Set database path to: /Users/karthikkurapati/.stmcufinder/plugins/mcufinder//mcu/cs/
2026-03-14 13:52:34,423 [INFO] ApplicationProperties:184 - Using Application install path: /Applications/STM32CubeIDE.app/Contents/Eclipse/plugins/com.st.stm32cube.common.mx_6.15.0.202507011659
2026-03-14 13:52:34,424 [INFO] PluginManage:196 - Search for loadable plugins [exclusion list=, ]
2026-03-14 13:52:34,427 [INFO] PluginManage:310 - Check plugin analytics
2026-03-14 13:52:34,773 [INFO] AnalyticsPlugin:253 - Accepted Software Licenses: 
2026-03-14 13:52:34,773 [INFO] AnalyticsPlugin:255 - Accepted CMSIS Pack Licenses: 
2026-03-14 13:52:34,773 [INFO] AnalyticsPlugin:257 - Accepted Firmware Licenses: FW.L4.1.18.0
2026-03-14 13:52:34,793 [INFO] PluginManage:359 - Loaded plugin analytics (category:tool,tabindex:-1)
2026-03-14 13:52:34,794 [INFO] PluginManage:310 - Check plugin cadmodel
2026-03-14 13:52:34,811 [INFO] CADModel:105 - Init CAD model plugin
2026-03-14 13:52:34,811 [INFO] PluginManage:359 - Loaded plugin cadmodel (category:power,tabindex:5)
2026-03-14 13:52:34,812 [INFO] PluginManage:310 - Check plugin clock
2026-03-14 13:52:34,828 [INFO] PluginManage:359 - Loaded plugin clock (category:base,tabindex:2)
2026-03-14 13:52:34,829 [INFO] PluginManage:310 - Check plugin ddr
2026-03-14 13:52:34,834 [INFO] PluginManage:359 - Loaded plugin ddr (category:tool,tabindex:6)
2026-03-14 13:52:34,835 [INFO] PluginManage:310 - Check plugin filemanager
2026-03-14 13:52:35,126 [INFO] PluginManage:359 - Loaded plugin filemanager (category:base,tabindex:10)
2026-03-14 13:52:35,128 [INFO] PluginManage:310 - Check plugin ipmanager
2026-03-14 13:52:35,142 [INFO] PluginManage:359 - Loaded plugin ipmanager (category:base,tabindex:5)
2026-03-14 13:52:35,142 [INFO] PluginManage:310 - Check plugin lpbam
2026-03-14 13:52:35,157 [INFO] PluginManage:359 - Loaded plugin lpbam (category:base,tabindex:0)
2026-03-14 13:52:35,158 [INFO] PluginManage:310 - Check plugin memorymap
2026-03-14 13:52:35,182 [INFO] PluginManage:359 - Loaded plugin memorymap (category:base,tabindex:4)
2026-03-14 13:52:35,183 [INFO] PluginManage:310 - Check plugin pinoutandconfiguration
2026-03-14 13:52:35,196 [INFO] PluginManage:359 - Loaded plugin pinoutandconfiguration (category:base,tabindex:1)
2026-03-14 13:52:35,197 [INFO] PluginManage:310 - Check plugin pinoutconfig
2026-03-14 13:52:35,360 [WARN] SupportedApi:132 - Cannot load RTOS API schema: s4s-elt-must-match.1: The content of 'definitions' must match (annotation?, (simpleType | complexType)?, (unique | key | keyref)*)). A problem was found starting at: attribute.
2026-03-14 13:52:35,602 [INFO] PluginManage:359 - Loaded plugin pinoutconfig (category:base,tabindex:0)
2026-03-14 13:52:35,602 [INFO] PluginManage:310 - Check plugin power
2026-03-14 13:52:35,616 [INFO] PluginManage:359 - Loaded plugin power (category:power,tabindex:4)
2026-03-14 13:52:35,617 [INFO] PluginManage:310 - Check plugin projectmanager
2026-03-14 13:52:35,659 [INFO] PluginManage:359 - Loaded plugin projectmanager (category:projectmanager,tabindex:4)
2026-03-14 13:52:35,659 [INFO] PluginManage:310 - Check plugin rif
2026-03-14 13:52:35,673 [INFO] PluginManage:359 - Loaded plugin rif (category:base,tabindex:3)
2026-03-14 13:52:35,673 [INFO] PluginManage:310 - Check plugin thirdparty
2026-03-14 13:52:35,954 [INFO] PluginManage:359 - Loaded plugin thirdparty (category:base,tabindex:-1)
2026-03-14 13:52:35,955 [INFO] PluginManage:310 - Check plugin tools
2026-03-14 13:52:35,954 [WARN] IntegrityCheckThread:84 - waiting for thirdparty lock release [integrity check]
2026-03-14 13:52:35,956 [INFO] IntegrityCheckThread:86 - entering critical section [integrity check]
2026-03-14 13:52:35,958 [INFO] ThirdPartyUpdaterWithRetryManager:70 - Updater plugin not ready yet. [1/15]
2026-03-14 13:52:35,960 [INFO] PluginManage:359 - Loaded plugin tools (category:base,tabindex:7)
2026-03-14 13:52:35,960 [INFO] PluginManage:310 - Check plugin tutovideos
2026-03-14 13:52:36,285 [INFO] PluginManage:359 - Loaded plugin tutovideos (category:base,tabindex:-1)
2026-03-14 13:52:36,285 [INFO] PluginManage:310 - Check plugin updater
2026-03-14 13:52:36,344 [INFO] PluginManage:359 - Loaded plugin updater (category:base,tabindex:12)
2026-03-14 13:52:36,345 [INFO] PluginManage:310 - Check plugin userauth
2026-03-14 13:52:36,351 [INFO] UserAuth:118 - Init User Auth plugin
2026-03-14 13:52:36,352 [INFO] PluginManage:359 - Loaded plugin userauth (category:base,tabindex:14)
2026-03-14 13:52:36,353 [INFO] PluginManage:283 - PluginManage : Loaded plugins [18]
2026-03-14 13:52:36,804 [INFO] PinOutPanel:1589 - setPackage(No Configuration,No Configuration)
2026-03-14 13:52:36,920 [INFO] CADModel:165 - CPN selected for project level
2026-03-14 13:52:36,921 [INFO] CADModel:114 - Register for checkConnection events
2026-03-14 13:52:36,937 [INFO] IPUIPlugin:80 - create IPUIPlugin
2026-03-14 13:52:36,937 [INFO] PluginManager:220 - loadIPPluginJar : add mdma
2026-03-14 13:52:36,945 [INFO] IPUIPlugin:80 - create IPUIPlugin
2026-03-14 13:52:36,946 [INFO] PluginManager:220 - loadIPPluginJar : add freertos
2026-03-14 13:52:36,951 [INFO] IPUIPlugin:80 - create IPUIPlugin
2026-03-14 13:52:36,951 [INFO] PluginManager:220 - loadIPPluginJar : add gic
2026-03-14 13:52:36,961 [INFO] IPUIPlugin:80 - create IPUIPlugin
2026-03-14 13:52:36,961 [INFO] PluginManager:220 - loadIPPluginJar : add adc
2026-03-14 13:52:36,964 [INFO] IPUIPlugin:80 - create IPUIPlugin
2026-03-14 13:52:36,964 [INFO] PluginManager:220 - loadIPPluginJar : add gtzc
2026-03-14 13:52:36,965 [INFO] IPUIPlugin:80 - create IPUIPlugin
2026-03-14 13:52:36,965 [INFO] PluginManager:220 - loadIPPluginJar : add quadspi
2026-03-14 13:52:36,968 [INFO] IPUIPlugin:80 - create IPUIPlugin
2026-03-14 13:52:36,968 [INFO] PluginManager:220 - loadIPPluginJar : add aes
2026-03-14 13:52:36,970 [INFO] IPUIPlugin:80 - create IPUIPlugin
2026-03-14 13:52:36,970 [INFO] PluginManager:220 - loadIPPluginJar : add pdm2pcm
2026-03-14 13:52:36,972 [INFO] IPUIPlugin:80 - create IPUIPlugin
2026-03-14 13:52:36,972 [INFO] PluginManager:220 - loadIPPluginJar : add hash
2026-03-14 13:52:36,974 [INFO] IPUIPlugin:80 - create IPUIPlugin
2026-03-14 13:52:36,974 [INFO] PluginManager:220 - loadIPPluginJar : add tim
2026-03-14 13:52:36,976 [INFO] IPUIPlugin:80 - create IPUIPlugin
2026-03-14 13:52:36,976 [INFO] PluginManager:220 - loadIPPluginJar : add tsc
2026-03-14 13:52:36,979 [INFO] IPUIPlugin:80 - create IPUIPlugin
2026-03-14 13:52:36,979 [INFO] PluginManager:220 - loadIPPluginJar : add extmemmanager
2026-03-14 13:52:36,983 [INFO] IPUIPlugin:80 - create IPUIPlugin
2026-03-14 13:52:36,983 [INFO] PluginManager:220 - loadIPPluginJar : add ts
2026-03-14 13:52:36,986 [INFO] IPUIPlugin:80 - create IPUIPlugin
2026-03-14 13:52:36,986 [INFO] PluginManager:220 - loadIPPluginJar : add radio
2026-03-14 13:52:36,989 [INFO] IPUIPlugin:80 - create IPUIPlugin
2026-03-14 13:52:36,989 [INFO] PluginManager:220 - loadIPPluginJar : add can
2026-03-14 13:52:36,991 [INFO] IPUIPlugin:80 - create IPUIPlugin
2026-03-14 13:52:36,991 [INFO] PluginManager:220 - loadIPPluginJar : add dma3
2026-03-14 13:52:36,993 [INFO] IPUIPlugin:80 - create IPUIPlugin
2026-03-14 13:52:36,993 [INFO] PluginManager:220 - loadIPPluginJar : add dfsdm
2026-03-14 13:52:36,994 [INFO] IPUIPlugin:80 - create IPUIPlugin
2026-03-14 13:52:36,994 [INFO] PluginManager:220 - loadIPPluginJar : add spi
2026-03-14 13:52:36,996 [INFO] IPUIPlugin:80 - create IPUIPlugin
2026-03-14 13:52:36,996 [INFO] PluginManager:220 - loadIPPluginJar : add gfxmmu
2026-03-14 13:52:36,999 [INFO] IPUIPlugin:80 - create IPUIPlugin
2026-03-14 13:52:36,999 [INFO] PluginManager:220 - loadIPPluginJar : add genericplugin
2026-03-14 13:52:37,001 [INFO] IPUIPlugin:80 - create IPUIPlugin
2026-03-14 13:52:37,001 [INFO] PluginManager:220 - loadIPPluginJar : add cryp
2026-03-14 13:52:37,007 [INFO] IPUIPlugin:80 - create IPUIPlugin
2026-03-14 13:52:37,007 [INFO] PluginManager:220 - loadIPPluginJar : add gpio
2026-03-14 13:52:37,010 [INFO] IPUIPlugin:80 - create IPUIPlugin
2026-03-14 13:52:37,010 [INFO] PluginManager:220 - loadIPPluginJar : add ddr_ctrl_phy
2026-03-14 13:52:37,012 [INFO] IPUIPlugin:80 - create IPUIPlugin
2026-03-14 13:52:37,013 [INFO] PluginManager:220 - loadIPPluginJar : add comp
2026-03-14 13:52:37,016 [INFO] IPUIPlugin:80 - create IPUIPlugin
2026-03-14 13:52:37,017 [INFO] PluginManager:220 - loadIPPluginJar : add tracer_emb
2026-03-14 13:52:37,019 [INFO] IPUIPlugin:80 - create IPUIPlugin
2026-03-14 13:52:37,019 [INFO] PluginManager:220 - loadIPPluginJar : add openamp
2026-03-14 13:52:37,025 [INFO] IPUIPlugin:80 - create IPUIPlugin
2026-03-14 13:52:37,025 [INFO] PluginManager:220 - loadIPPluginJar : add stm32_wpan
2026-03-14 13:52:37,031 [INFO] IPUIPlugin:80 - create IPUIPlugin
2026-03-14 13:52:37,034 [INFO] PluginManager:220 - loadIPPluginJar : add plateformsettings
2026-03-14 13:52:37,037 [INFO] IPUIPlugin:80 - create IPUIPlugin
2026-03-14 13:52:37,037 [INFO] PluginManager:220 - loadIPPluginJar : add ipddr
2026-03-14 13:52:37,041 [INFO] IPUIPlugin:80 - create IPUIPlugin
2026-03-14 13:52:37,041 [INFO] PluginManager:220 - loadIPPluginJar : add usart
2026-03-14 13:52:37,042 [INFO] IPUIPlugin:80 - create IPUIPlugin
2026-03-14 13:52:37,042 [INFO] PluginManager:220 - loadIPPluginJar : add ltdc
2026-03-14 13:52:37,045 [INFO] IPUIPlugin:80 - create IPUIPlugin
2026-03-14 13:52:37,045 [INFO] PluginManager:220 - loadIPPluginJar : add nvic
2026-03-14 13:52:37,046 [INFO] IPUIPlugin:80 - create IPUIPlugin
2026-03-14 13:52:37,046 [INFO] PluginManager:220 - loadIPPluginJar : add fatfs
2026-03-14 13:52:37,053 [INFO] IPUIPlugin:80 - create IPUIPlugin
2026-03-14 13:52:37,053 [INFO] PluginManager:220 - loadIPPluginJar : add linkedlist
2026-03-14 13:52:37,059 [INFO] IPUIPlugin:80 - create IPUIPlugin
2026-03-14 13:52:37,060 [INFO] PluginManager:220 - loadIPPluginJar : add dma
2026-03-14 13:52:37,064 [INFO] IPUIPlugin:80 - create IPUIPlugin
2026-03-14 13:52:37,064 [INFO] PluginManager:220 - loadIPPluginJar : add fmc
2026-03-14 13:52:37,066 [INFO] IPUIPlugin:80 - create IPUIPlugin
2026-03-14 13:52:37,066 [INFO] PluginManager:220 - loadIPPluginJar : add i2s
2026-03-14 13:52:37,067 [INFO] IPUIPlugin:80 - create IPUIPlugin
2026-03-14 13:52:37,067 [INFO] PluginManager:220 - loadIPPluginJar : add ucpd
2026-03-14 13:52:37,069 [INFO] IPUIPlugin:80 - create IPUIPlugin
2026-03-14 13:52:37,070 [INFO] PluginManager:220 - loadIPPluginJar : add lorawan
2026-03-14 13:52:37,073 [INFO] IPUIPlugin:80 - create IPUIPlugin
2026-03-14 13:52:37,073 [INFO] PluginManager:220 - loadIPPluginJar : add opamp
2026-03-14 13:52:37,075 [INFO] IPUIPlugin:80 - create IPUIPlugin
2026-03-14 13:52:37,076 [INFO] PluginManager:220 - loadIPPluginJar : add i3c
2026-03-14 13:52:37,080 [INFO] IPUIPlugin:80 - create IPUIPlugin
2026-03-14 13:52:37,080 [INFO] PluginManager:220 - loadIPPluginJar : add touchsensing
2026-03-14 13:52:37,083 [INFO] IPUIPlugin:80 - create IPUIPlugin
2026-03-14 13:52:37,083 [INFO] PluginManager:220 - loadIPPluginJar : add i2c
2026-03-14 13:52:37,086 [INFO] IPUIPlugin:80 - create IPUIPlugin
2026-03-14 13:52:37,086 [INFO] PluginManager:220 - loadIPPluginJar : add resmgrutility
2026-03-14 13:52:37,089 [INFO] IPUIPlugin:80 - create IPUIPlugin
2026-03-14 13:52:37,090 [INFO] PluginManager:220 - loadIPPluginJar : add sai
2026-03-14 13:52:37,096 [INFO] IPUIPlugin:80 - create IPUIPlugin
2026-03-14 13:52:37,096 [INFO] PluginManager:220 - loadIPPluginJar : add usbx
2026-03-14 13:52:37,237 [FATAL] Updater:351 - Updater called before beeing initialized
2026-03-14 13:52:37,293 [INFO] RulesReader:64 - Compatibility file has been processed (317 Rules)
2026-03-14 13:52:37,312 [INFO] RulesReader:64 - Compatibility file has been processed (317 Rules)
2026-03-14 13:52:37,321 [INFO] CADModel:165 - CPN selected for project level
2026-03-14 13:52:37,321 [INFO] CADModel:114 - Register for checkConnection events
2026-03-14 13:52:37,322 [FATAL] Updater:351 - Updater called before beeing initialized
2026-03-14 13:52:37,322 [ERROR] CADModel:125 - Updater not yet initialized, retry later 
2026-03-14 13:52:37,613 [FATAL] Updater:351 - Updater called before beeing initialized
2026-03-14 13:52:37,616 [INFO] CADModel:165 - CPN selected for project level
2026-03-14 13:52:37,616 [INFO] CADModel:114 - Register for checkConnection events
2026-03-14 13:52:37,616 [FATAL] Updater:351 - Updater called before beeing initialized
2026-03-14 13:52:37,616 [ERROR] CADModel:125 - Updater not yet initialized, retry later 
2026-03-14 13:52:37,623 [FATAL] Updater:351 - Updater called before beeing initialized
2026-03-14 13:52:37,966 [FATAL] Updater:351 - Updater called before beeing initialized
2026-03-14 13:52:37,978 [INFO] DbMcusAds:53 - JSON generation date=Thu Jan 08 09:57:51 CST 2026 (1767887871456)
2026-03-14 13:52:37,980 [FATAL] Updater:351 - Updater called before beeing initialized
2026-03-14 13:52:38,354 [WARN] DetailPanel:346 - Failed to get advertising image, set to default
2026-03-14 13:52:38,809 [FATAL] Updater:351 - Updater called before beeing initialized
2026-03-14 13:52:38,840 [FATAL] Updater:351 - Updater called before beeing initialized
2026-03-14 13:52:38,841 [FATAL] Updater:351 - Updater called before beeing initialized
2026-03-14 13:52:38,842 [WARN] DetailPanel:346 - Failed to get advertising image, set to default
2026-03-14 13:52:38,845 [FATAL] Updater:351 - Updater called before beeing initialized
2026-03-14 13:52:38,964 [INFO] ThirdPartyUpdaterWithRetryManager:70 - Updater plugin not ready yet. [2/15]
2026-03-14 13:52:39,073 [ERROR] Updater:1198 - MainUpdater not yet initialized. External WinMGr cannot be set.
2026-03-14 13:52:39,092 [INFO] Updater:1134 - Updater Version found : 6.15.0
2026-03-14 13:52:39,117 [INFO] ApplicationProperties:184 - Using Application install path: /Applications/STM32CubeIDE.app/Contents/Eclipse/plugins/com.st.stm32cube.common.mx_6.15.0.202507011659
2026-03-14 13:52:39,726 [INFO] MainUpdater:2872 - connection check result : 10
2026-03-14 13:52:39,727 [INFO] MainUpdater:289 - Updater Check For Update Now.
2026-03-14 13:52:39,727 [INFO] MicroXplorer:498 - Change Database Version : DB.6.0.150
2026-03-14 13:52:39,742 [INFO] McuFinderGlobals:63 - Set McuFinder mode to 2 (CubeIDE integrated)
2026-03-14 13:52:39,746 [INFO] UserAuth:487 - Internet connection configuration mode: 1
2026-03-14 13:52:39,776 [INFO] JxBrowserEngine:152 - Initiate JxBrowser Engine with user profile folder
2026-03-14 13:52:40,205 [INFO] CheckServerUpdateThread:120 - End of CheckServer Thread
2026-03-14 13:52:42,357 [WARN] PackLoader:240 - Cannot read IP mode file for STMicroelectronics.X-CUBE-AZRTOS-H7.3.5.0
2026-03-14 13:52:42,397 [WARN] PackLoader:240 - Cannot read IP mode file for STMicroelectronics.FP-SNS-MOTENVWB1.1.4.0
2026-03-14 13:52:42,431 [WARN] PackLoader:240 - Cannot read IP mode file for STMicroelectronics.FP-ATR-ASTRA1.2.0.2
2026-03-14 13:52:42,446 [WARN] PackLoader:240 - Cannot read IP mode file for STMicroelectronics.X-CUBE-SMBUS.2.1.0
2026-03-14 13:52:42,455 [WARN] PackLoader:240 - Cannot read IP mode file for STMicroelectronics.X-CUBE-ST60.1.0.0
2026-03-14 13:52:42,491 [WARN] PackLoader:240 - Cannot read IP mode file for STMicroelectronics.X-CUBE-AZRTOS-F7.1.1.0
2026-03-14 13:52:42,521 [WARN] PackLoader:240 - Cannot read IP mode file for STMicroelectronics.FP-SNS-MOTENV1.5.1.0
2026-03-14 13:52:42,547 [WARN] PackLoader:240 - Cannot read IP mode file for WES.I-CUBE-Cesium.1.4.0
2026-03-14 13:52:42,597 [WARN] PackLoader:240 - Cannot read IP mode file for Infineon.AIROC-Wi-Fi-Bluetooth-STM32.1.7.1
2026-03-14 13:52:42,657 [WARN] PackLoader:240 - Cannot read IP mode file for STMicroelectronics.X-CUBE-AZRTOS-H7.3.4.0
2026-03-14 13:52:43,294 [WARN] PackLoader:240 - Cannot read IP mode file for STMicroelectronics.X-CUBE-DISPLAY.3.0.0
2026-03-14 13:52:43,401 [WARN] PackLoader:240 - Cannot read IP mode file for STMicroelectronics.FP-SNS-MOTENVWB1.1.5.0
2026-03-14 13:52:43,439 [WARN] PackLoader:240 - Cannot read IP mode file for STMicroelectronics.X-CUBE-NFC10.1.0.0
2026-03-14 13:52:43,476 [WARN] PackLoader:240 - Cannot read IP mode file for STMicroelectronics.X-CUBE-ST60.1.1.0
2026-03-14 13:52:43,490 [WARN] PackLoader:240 - Cannot read IP mode file for emotas.I-CUBE-CANOPEN.1.3.0
2026-03-14 13:52:43,504 [WARN] PackLoader:240 - Cannot read IP mode file for STMicroelectronics.X-CUBE-GNSS1.7.1.0
2026-03-14 13:52:43,527 [WARN] PackLoader:240 - Cannot read IP mode file for STMicroelectronics.FP-SNS-STBOX1.2.1.0
2026-03-14 13:52:43,541 [WARN] PackLoader:240 - Cannot read IP mode file for STMicroelectronics.FP-SNS-SMARTAG2.1.2.0
2026-03-14 13:52:43,546 [WARN] PackLoader:240 - Cannot read IP mode file for STMicroelectronics.FP-SNS-FLIGHT1.5.1.0
2026-03-14 13:52:43,562 [INFO] LogOutputStream:77 - [STDOUT_REDIRECT] 1 : Invalid condition id : UX_CORESTACK_Condition cause : null
2026-03-14 13:52:43,570 [INFO] LogOutputStream:77 - [STDOUT_REDIRECT] 1 : Invalid condition id : UX_CORESTACK_Condition cause : null
2026-03-14 13:52:43,570 [INFO] LogOutputStream:77 - [STDOUT_REDIRECT] 1 : Invalid condition id : UX_CORESTACK_Condition cause : null
2026-03-14 13:52:43,570 [INFO] LogOutputStream:77 - [STDOUT_REDIRECT] 1 : Invalid condition id : UX_CORESTACK_Condition cause : null
2026-03-14 13:52:43,571 [INFO] LogOutputStream:77 - [STDOUT_REDIRECT] 1 : Invalid condition id : UX_CORESTACK_Condition cause : null
2026-03-14 13:52:43,580 [WARN] PackLoader:240 - Cannot read IP mode file for STMicroelectronics.X-CUBE-AZRTOS-WL.2.0.0
2026-03-14 13:52:43,595 [WARN] PackLoader:240 - Cannot read IP mode file for STMicroelectronics.FP-SNS-MOTENV1.5.0.0
2026-03-14 13:52:43,632 [WARN] PackLoader:240 - Cannot read IP mode file for STMicroelectronics.X-CUBE-AZRTOS-H7RS.1.2.0
2026-03-14 13:52:43,662 [WARN] PackLoader:240 - Cannot read IP mode file for STMicroelectronics.X-CUBE-BLE2.3.3.0
2026-03-14 13:52:43,772 [WARN] PackLoader:240 - Cannot read IP mode file for STMicroelectronics.X-CUBE-NFC9.1.0.0
2026-03-14 13:52:43,791 [WARN] PackLoader:240 - Cannot read IP mode file for wolfSSL.I-CUBE-wolfSSL.5.8.2
2026-03-14 13:52:43,801 [WARN] PackLoader:240 - Cannot read IP mode file for STMicroelectronics.X-CUBE-BLE1.7.1.0
2026-03-14 13:52:43,807 [WARN] PackLoader:240 - Cannot read IP mode file for wolfSSL.I-CUBE-wolfMQTT.1.19.2
2026-03-14 13:52:43,844 [WARN] PackLoader:240 - Cannot read IP mode file for STMicroelectronics.X-CUBE-FREERTOS.1.4.0
2026-03-14 13:52:43,866 [WARN] PackLoader:240 - Cannot read IP mode file for STMicroelectronics.X-CUBE-EEPRMA1.5.2.0
2026-03-14 13:52:43,930 [WARN] PackLoader:240 - Cannot read IP mode file for STMicroelectronics.X-CUBE-ST67W61.1.1.0
2026-03-14 13:52:44,287 [WARN] PackLoader:240 - Cannot read IP mode file for STMicroelectronics.X-CUBE-MEMS1.12.0.0
2026-03-14 13:52:44,544 [WARN] PackLoader:240 - Cannot read IP mode file for STMicroelectronics.X-CUBE-AZRTOS-G0.1.1.0
2026-03-14 13:52:44,570 [WARN] PackLoader:240 - Cannot read IP mode file for STMicroelectronics.X-CUBE-SAFEA1.1.2.2
2026-03-14 13:52:44,582 [INFO] WebApp:169 - Instantiating new browser for Auth
2026-03-14 13:52:44,583 [WARN] PackLoader:240 - Cannot read IP mode file for STMicroelectronics.X-CUBE-NFC4.3.0.0
2026-03-14 13:52:44,607 [WARN] PackLoader:240 - Cannot read IP mode file for EmbeddedOffice.I-CUBE-FS-RTOS.1.0.1
2026-03-14 13:52:44,677 [WARN] PackLoader:240 - Cannot read IP mode file for STMicroelectronics.X-CUBE-WB05N.2.0.0
2026-03-14 13:52:44,696 [WARN] PackLoader:240 - Cannot read IP mode file for wolfSSL.I-CUBE-wolfTPM.3.8.0
2026-03-14 13:52:44,709 [WARN] PackLoader:240 - Cannot read IP mode file for STMicroelectronics.X-CUBE-TCPP.4.2.0
2026-03-14 13:52:44,728 [WARN] PackLoader:240 - Cannot read IP mode file for RealThread.X-CUBE-RT-Thread_Nano.4.1.1
2026-03-14 13:52:44,746 [WARN] PackLoader:240 - Cannot read IP mode file for STMicroelectronics.FP-ATR-SIGFOX1.3.2.0
2026-03-14 13:52:44,761 [WARN] PackLoader:240 - Cannot read IP mode file for STMicroelectronics.X-CUBE-FREERTOS.1.5.0
2026-03-14 13:52:44,776 [WARN] PackLoader:240 - Cannot read IP mode file for ITTIA_DB.I-CUBE-ITTIADB.8.9.0
2026-03-14 13:52:44,796 [WARN] PackLoader:240 - Cannot read IP mode file for STMicroelectronics.X-CUBE-NFC6.3.2.0
2026-03-14 13:52:44,818 [WARN] PackLoader:240 - Cannot read IP mode file for STMicroelectronics.X-CUBE-ST67W61.1.0.0
2026-03-14 13:52:44,829 [WARN] PackLoader:240 - Cannot read IP mode file for STMicroelectronics.X-CUBE-AI.10.2.0
2026-03-14 13:52:44,919 [WARN] PackLoader:240 - Cannot read IP mode file for SEGGER.I-CUBE-embOS.1.3.1
2026-03-14 13:52:45,005 [WARN] PackLoader:240 - Cannot read IP mode file for STMicroelectronics.X-CUBE-ALGOBUILD.1.4.0
2026-03-14 13:52:45,161 [WARN] PackLoader:240 - Cannot read IP mode file for STMicroelectronics.X-CUBE-MEMS1.11.3.0
2026-03-14 13:52:45,326 [WARN] PackLoader:240 - Cannot read IP mode file for STMicroelectronics.X-CUBE-PM33A1.1.0.0
2026-03-14 13:52:45,365 [WARN] PackLoader:240 - Cannot read IP mode file for STMicroelectronics.X-CUBE-AZRTOS-F4.1.1.0
2026-03-14 13:52:45,384 [WARN] PackLoader:240 - Cannot read IP mode file for Avnet-IotConnect.X-CUBE-IoTC-DA16k-PMOD.1.0.0
2026-03-14 13:52:45,393 [WARN] PackLoader:240 - Cannot read IP mode file for STMicroelectronics.X-CUBE-ISPU.2.1.0
2026-03-14 13:52:45,416 [WARN] PackLoader:240 - Cannot read IP mode file for STMicroelectronics.X-CUBE-IPS.3.2.0
2026-03-14 13:52:45,447 [WARN] PackLoader:240 - Cannot read IP mode file for STMicroelectronics.X-CUBE-NFC12.1.0.0
2026-03-14 13:52:45,812 [WARN] PackLoader:240 - Cannot read IP mode file for STMicroelectronics.X-CUBE-AZRTOS-L5.2.0.0
2026-03-14 13:52:46,361 [WARN] PackLoader:240 - Cannot read IP mode file for STMicroelectronics.X-CUBE-NFC6.3.1.0
2026-03-14 13:52:46,443 [WARN] PackLoader:240 - Cannot read IP mode file for STMicroelectronics.X-CUBE-FREERTOS.1.3.1
2026-03-14 13:52:46,474 [WARN] PackLoader:240 - Cannot read IP mode file for STMicroelectronics.X-CUBE-TOUCHGFX.4.26.0
2026-03-14 13:52:46,480 [WARN] PackLoader:240 - Cannot read IP mode file for STMicroelectronics.X-CUBE-TOUCHGFX.4.26.1
2026-03-14 13:52:46,494 [WARN] PackLoader:240 - Cannot read IP mode file for STMicroelectronics.FP-SNS-STAIOTCFT.1.0.0
2026-03-14 13:52:46,504 [WARN] PackLoader:240 - Cannot read IP mode file for STMicroelectronics.X-CUBE-DPower.1.3.0
2026-03-14 13:52:46,535 [WARN] ConditionMgr:438 - getConditionDescription Invalid condition id : LAN8742 Phy interface Condition cause : null
2026-03-14 13:52:46,538 [WARN] PackLoader:240 - Cannot read IP mode file for STMicroelectronics.X-CUBE-AZRTOS-L4.2.0.0
2026-03-14 13:52:46,542 [WARN] ConditionMgr:1044 - genDependencies : Invalid condition id : LAN8742 Phy interface Condition cause : null
2026-03-14 13:52:46,543 [WARN] ConditionMgr:1044 - genDependencies : Invalid condition id : LAN8742 Phy interface Condition cause : null
2026-03-14 13:52:46,545 [WARN] ConditionMgr:1044 - genDependencies : Invalid condition id : LAN8742 Phy interface Condition cause : null
2026-03-14 13:52:46,565 [WARN] PackLoader:240 - Cannot read IP mode file for STMicroelectronics.X-CUBE-SFXS2LP1.4.0.0
2026-03-14 13:52:46,582 [WARN] PackLoader:240 - Cannot read IP mode file for STMicroelectronics.X-CUBE-ST67W61.1.2.0
2026-03-14 13:52:46,611 [WARN] PackLoader:240 - Cannot read IP mode file for STMicroelectronics.X-CUBE-BLEMGR.4.1.0
2026-03-14 13:52:46,635 [WARN] ConditionMgr:438 - getConditionDescription Invalid condition id : UX DEVICE CLASS RTOS Condition cause : null
2026-03-14 13:52:46,635 [WARN] ConditionMgr:438 - getConditionDescription Invalid condition id : UX DEVICE CLASS RTOS Condition cause : null
2026-03-14 13:52:46,642 [WARN] PackLoader:240 - Cannot read IP mode file for STMicroelectronics.X-CUBE-AZRTOS-WB.2.0.0
2026-03-14 13:52:46,643 [WARN] ConditionMgr:1044 - genDependencies : Invalid condition id : UX DEVICE CLASS RTOS Condition cause : null
2026-03-14 13:52:46,644 [WARN] ConditionMgr:1044 - genDependencies : Invalid condition id : UX DEVICE CLASS RTOS Condition cause : null
2026-03-14 13:52:46,645 [WARN] ConditionMgr:1044 - genDependencies : Invalid condition id : UX DEVICE CLASS RTOS Condition cause : null
2026-03-14 13:52:46,645 [WARN] ConditionMgr:1044 - genDependencies : Invalid condition id : UX DEVICE CLASS RTOS Condition cause : null
2026-03-14 13:52:46,645 [WARN] ConditionMgr:1044 - genDependencies : Invalid condition id : UX DEVICE CLASS RTOS Condition cause : null
2026-03-14 13:52:46,660 [WARN] PackLoader:240 - Cannot read IP mode file for STMicroelectronics.X-CUBE-GNSS1.7.0.1
2026-03-14 13:52:46,667 [WARN] PackLoader:240 - Cannot read IP mode file for STMicroelectronics.X-CUBE-TOUCHGFX.4.25.0
2026-03-14 13:52:46,697 [WARN] ConditionMgr:438 - getConditionDescription Invalid condition id : Cortex-A Device cause : null
2026-03-14 13:52:46,782 [WARN] ConditionMgr:1044 - genDependencies : Invalid condition id : Cortex-A Device cause : null
2026-03-14 13:52:46,784 [WARN] ConditionMgr:1044 - genDependencies : Invalid condition id : Cortex-A Device cause : null
2026-03-14 13:52:46,788 [WARN] ConditionMgr:1044 - genDependencies : Invalid condition id : Cortex-A Device cause : null
2026-03-14 13:52:46,812 [WARN] PackLoader:240 - Cannot read IP mode file for STMicroelectronics.X-CUBE-STSE01.2.0.0
2026-03-14 13:52:46,850 [WARN] PackLoader:240 - Cannot read IP mode file for STMicroelectronics.X-CUBE-SUBG2.5.0.0
2026-03-14 13:52:46,918 [WARN] PackLoader:240 - Cannot read IP mode file for STMicroelectronics.X-CUBE-AZRTOS-H7RS.1.1.0
2026-03-14 13:52:46,943 [WARN] PackLoader:240 - Cannot read IP mode file for Cesanta.I-CUBE-Mongoose.7.13.0
2026-03-14 13:52:46,995 [WARN] PackLoader:240 - Cannot read IP mode file for STMicroelectronics.X-CUBE-AZRTOS-G4.2.0.0
2026-03-14 13:52:47,013 [WARN] PackLoader:240 - Cannot read IP mode file for wolfSSL.I-CUBE-wolfSSH.1.4.20
2026-03-14 13:52:47,023 [WARN] PackLoader:240 - Cannot read IP mode file for STMicroelectronics.X-CUBE-NFC7.2.0.0
2026-03-14 13:52:47,043 [WARN] PackLoader:240 - Cannot read IP mode file for STMicroelectronics.X-CUBE-IPS.3.1.0
2026-03-14 13:52:47,064 [WARN] PackLoader:240 - Cannot read IP mode file for STMicroelectronics.X-CUBE-ALS.1.0.2
2026-03-14 13:52:47,181 [WARN] PackLoader:240 - Cannot read IP mode file for STMicroelectronics.X-CUBE-STSE01.1.0.0
2026-03-14 13:52:47,229 [WARN] PackLoader:240 - Cannot read IP mode file for STMicroelectronics.X-CUBE-TOF1.3.4.3
2026-03-14 13:52:47,261 [INFO] ThirdParty:978 - Integrity check success = true
2026-03-14 13:52:47,262 [INFO] IntegrityCheckThread:100 - exiting critical section [integrity check]
2026-03-14 13:52:47,262 [INFO] IntegrityCheckThread:103 - End integrity checks thread
2026-03-14 13:52:47,317 [INFO] WebApp:463 - Apply proxy settings
2026-03-14 13:52:47,345 [INFO] WebApp:508 - Chromium authenticates against Manually configured proxy
2026-03-14 13:52:47,366 [INFO] WebApp:516 - Username used for proxy authentication: 
2026-03-14 13:52:47,441 [INFO] WebApp:900 - Register for checkConnection events
2026-03-14 13:52:47,442 [INFO] WebApp:463 - Apply proxy settings
2026-03-14 13:52:47,450 [INFO] WebApp:508 - Chromium authenticates against Manually configured proxy
2026-03-14 13:52:47,451 [INFO] WebApp:516 - Username used for proxy authentication: 
2026-03-14 13:52:47,725 [INFO] WebApp:225 - Starting web application
2026-03-14 13:52:47,725 [INFO] WebApp:593 - Web application path used /Applications/STM32CubeIDE.app/Contents/Eclipse/plugins/com.st.stm32cube.common.mx_6.15.0.202507011659/db/plugins/mcufinder/reactClient1/index.html
2026-03-14 13:52:48,283 [INFO] WebApp:191 - Connection restablished
2026-03-14 13:52:49,295 [INFO] UserAuth:487 - Internet connection configuration mode: 1
2026-03-14 13:52:52,080 [INFO] McuFinderGlobals:63 - Set McuFinder mode to 2 (CubeIDE integrated)
2026-03-14 13:52:52,090 [INFO] MainUpdater:2872 - connection check result : 10
2026-03-14 13:52:52,091 [INFO] MainUpdater:2872 - connection check result : 10
2026-03-14 13:52:52,956 [INFO] MicroXplorer:468 - Change Database Path : 
2026-03-14 13:52:52,958 [INFO] MicroXplorer:498 - Change Database Version : DB.6.0.150
2026-03-14 13:52:52,975 [WARN] ThirdParty:871 - waiting for thirdparty lock release [close project]
2026-03-14 13:52:52,975 [INFO] ThirdParty:873 - entering critical section [close project]
2026-03-14 13:52:52,984 [INFO] ThirdParty:883 - exiting critical section [close project]
2026-03-14 13:52:52,992 [INFO] PinOutPanel:1589 - setPackage(No Configuration,No Configuration)
2026-03-14 13:52:53,000 [INFO] UtilMem:75 - Begin LoadConfig() Used Memory: 163904960 Bytes (355467264)
2026-03-14 13:52:53,003 [INFO] MicroXplorer:468 - Change Database Path : 
2026-03-14 13:52:53,004 [INFO] MicroXplorer:498 - Change Database Version : DB.6.0.150
2026-03-14 13:52:53,004 [INFO] OpenFileManager:355 - Change cursor
2026-03-14 13:52:53,163 [INFO] Mcu:2029 - Initializing MCU STM32L431C(B-C)Tx STM32L431CBTx STM32L431CBT3
2026-03-14 13:52:56,267 [INFO] Context:786 - Trying to add GPIOservice into a context  which must be forbidden
2026-03-14 13:52:57,625 [INFO] ImportTextPane:234 - (OptionalMessage_ERROR) Pin15 (VP_RIF_VS_RIF1) cannot be retrieved for this MCU
2026-03-14 13:52:57,983 [INFO] RtosManager:558 - Registered RTOS mode: class=CMSIS, group=RTOS, mode=CMSIS_V1, owner=FREERTOS
2026-03-14 13:52:57,984 [INFO] RtosManager:558 - Registered RTOS mode: class=CMSIS, group=RTOS2, mode=CMSIS_V2, owner=FREERTOS
2026-03-14 13:52:57,985 [INFO] RtosManager:558 - Registered RTOS mode: class=RTOS, group=Core, mode=CMSIS_V1, owner=FREERTOS
2026-03-14 13:52:57,985 [INFO] RtosManager:558 - Registered RTOS mode: class=RTOS, group=Core, mode=CMSIS_V2, owner=FREERTOS
2026-03-14 13:52:57,985 [WARN] ModelIntegratedComponent:184 - Missing modes for component STMicroelectronics:FreeRTOS:0.0.1:STMicroelectronics:RTOS:FreeRTOS:Core:::10.2.0:
2026-03-14 13:52:58,015 [WARN] ModelIntegratedComponent:63 - No mode defined for component null
2026-03-14 13:52:58,016 [WARN] ModelIntegratedComponent:63 - No mode defined for component null
2026-03-14 13:52:58,017 [WARN] ModelIntegratedComponent:63 - No mode defined for component null
2026-03-14 13:52:58,017 [WARN] ModelIntegratedComponent:63 - No mode defined for component null
2026-03-14 13:52:58,017 [WARN] ModelIntegratedComponent:63 - No mode defined for component null
2026-03-14 13:52:58,017 [WARN] ModelIntegratedComponent:63 - No mode defined for component null
2026-03-14 13:52:58,017 [WARN] ModelIntegratedComponent:63 - No mode defined for component null
2026-03-14 13:52:58,017 [WARN] ModelIntegratedComponent:63 - No mode defined for component null
2026-03-14 13:52:58,017 [WARN] ModelIntegratedComponent:63 - No mode defined for component null
2026-03-14 13:52:58,017 [WARN] ModelIntegratedComponent:63 - No mode defined for component null
2026-03-14 13:52:58,017 [WARN] ModelIntegratedComponent:63 - No mode defined for component null
2026-03-14 13:52:58,017 [WARN] ModelIntegratedComponent:63 - No mode defined for component null
2026-03-14 13:52:58,017 [WARN] ModelIntegratedComponent:63 - No mode defined for component null
2026-03-14 13:52:58,017 [WARN] ModelIntegratedComponent:63 - No mode defined for component null
2026-03-14 13:52:58,017 [WARN] ModelIntegratedComponent:63 - No mode defined for component null
2026-03-14 13:52:58,018 [WARN] ModelIntegratedComponent:63 - No mode defined for component null
2026-03-14 13:52:58,018 [WARN] ModelIntegratedComponent:63 - No mode defined for component null
2026-03-14 13:52:58,018 [WARN] ModelIntegratedComponent:63 - No mode defined for component null
2026-03-14 13:52:58,018 [WARN] ModelIntegratedComponent:63 - No mode defined for component null
2026-03-14 13:52:58,018 [WARN] ModelIntegratedComponent:63 - No mode defined for component null
2026-03-14 13:52:58,018 [WARN] ModelIntegratedComponent:63 - No mode defined for component null
2026-03-14 13:52:58,018 [WARN] ModelIntegratedComponent:63 - No mode defined for component null
2026-03-14 13:52:58,018 [WARN] ModelIntegratedComponent:63 - No mode defined for component null
2026-03-14 13:52:58,018 [WARN] ModelIntegratedComponent:63 - No mode defined for component null
2026-03-14 13:52:58,018 [WARN] ModelIntegratedComponent:63 - No mode defined for component null
2026-03-14 13:52:58,018 [WARN] ModelIntegratedComponent:63 - No mode defined for component null
2026-03-14 13:52:58,018 [WARN] ModelIntegratedComponent:63 - No mode defined for component null
2026-03-14 13:52:58,018 [WARN] ModelIntegratedComponent:63 - No mode defined for component null
2026-03-14 13:52:58,018 [WARN] ModelIntegratedComponent:63 - No mode defined for component null
2026-03-14 13:52:58,018 [WARN] ModelIntegratedComponent:63 - No mode defined for component null
2026-03-14 13:52:58,019 [WARN] ModelIntegratedComponent:63 - No mode defined for component null
2026-03-14 13:52:58,019 [WARN] ModelIntegratedComponent:63 - No mode defined for component null
2026-03-14 13:52:58,019 [WARN] ModelIntegratedComponent:63 - No mode defined for component null
2026-03-14 13:52:58,019 [WARN] ModelIntegratedComponent:63 - No mode defined for component null
2026-03-14 13:52:58,019 [WARN] ModelIntegratedComponent:63 - No mode defined for component null
2026-03-14 13:52:58,020 [WARN] ModelPack:524 - Component already loaded: STMicroelectronics:HAL Drivers:0.0.0:STMicroelectronics:Device:STMicro_Driver:XSPI:HAL::0.0.1:HAL_XSPI
2026-03-14 13:52:58,470 [INFO] ThirdPartyModel:298 - Start build external matchings
2026-03-14 13:52:59,436 [INFO] ThirdPartyModel:316 - End build external matchings
2026-03-14 13:53:02,919 [INFO] ApiDb:581 - Connected to CubeFinder SQLite database (/Users/karthikkurapati/.stmcufinder/plugins/mcufinder/mcu/cube-finder-db.db)
2026-03-14 13:53:03,075 [INFO] ApiDb:668 - CubeFinder database Data Model version=2.1
2026-03-14 13:53:03,078 [INFO] ApiDb:669 - CubeFinder database Configuration version=3.0.39
2026-03-14 13:53:03,085 [INFO] ApiDb:670 - CubeFinder database generation date=2025-12-22 (1766407740)
2026-03-14 13:53:03,086 [INFO] ApiDb:671 - CubeFinder database FW Pack versions=[FP-ATR-ASTRA1_V2.0.0, FP-SNS-FLIGHT1_V5.1.0, FP-SNS-MOTENV1_V5.1.0, FP-SNS-MOTENVWB1_V1.4.0, FP-SNS-SMARTAG2_V1.2.0, FP-SNS-STBOX1_V2.1.0, STM32Cube_FW_C0_V1.4.0, STM32Cube_FW_F4_V1.28.3, STM32Cube_FW_F7_V1.17.4, STM32Cube_FW_G0_V1.6.2, STM32Cube_FW_G4_V1.6.1, STM32Cube_FW_H5_V1.5.1, STM32Cube_FW_H7RS_V1.3.0, STM32Cube_FW_H7_V1.12.1, STM32Cube_FW_L0_V1.12.2, STM32Cube_FW_L4_V1.18.1, STM32Cube_FW_L5_V1.6.0, STM32Cube_FW_N6_V1.3.0, STM32Cube_FW_U0_V1.3.0, STM32Cube_FW_U3_V1.2.1, STM32Cube_FW_U5_V1.8.0, STM32Cube_FW_WB0_V1.4.0, STM32Cube_FW_WBA_V1.8.0, STM32Cube_FW_WB_V1.24.0, STM32Cube_FW_WL3_V1.3.0, STM32Cube_FW_WL_V1.4.0, X-CUBE-ALGOBUILD_V1.4.0, X-CUBE-ALS_V1.0.2, X-CUBE-AZRTOS-F4_V1.1.0, X-CUBE-AZRTOS-F7_V1.1.0, X-CUBE-AZRTOS-G0_V1.1.0, X-CUBE-AZRTOS-G4_V2.0.0, X-CUBE-AZRTOS-H7RS_V1.1.0, X-CUBE-AZRTOS-H7_V3.4.0, X-CUBE-AZRTOS-L4_V2.0.0, X-CUBE-AZRTOS-L5_V2.0.0, X-CUBE-AZRTOS-WB_V2.0.0, X-CUBE-AZRTOS-WL_V2.0.0, X-CUBE-BLE1_V7.1.0, X-CUBE-BLE2_V3.3.0, X-CUBE-BLEMGR_V4.1.0, X-CUBE-EEPRMA1_V5.2.0, X-CUBE-FREERTOS_V1.3.1, X-CUBE-GNSS1_V6.0.0, X-CUBE-MEMS1_V12.0.0, X-CUBE-NFC4_V3.0.0, X-CUBE-NFC7_V2.0.0, X-CUBE-SFXS2LP1_V4.0.0, X-CUBE-ST67W61_V1.1.0, X-CUBE-SUBG2_V5.0.0, X-CUBE-TOF1_V3.4.3]
2026-03-14 13:53:03,250 [INFO] DbBoardsSqlite:226 - include board P-NUCLEO-WB55-NUCLEO as a kit item of type 'Nucleo-64'
2026-03-14 13:53:03,252 [INFO] DbBoardsSqlite:226 - include board P-NUCLEO-WB55-USBDONGLE as a kit item of type 'Nucleo USB Dongle'
2026-03-14 13:53:03,254 [INFO] DbBoardsSqlite:226 - include board STEVAL-IDP005V1 as a kit item of type 'Evaluation Board'
2026-03-14 13:53:03,254 [INFO] DbBoardsSqlite:226 - include board STEVAL-IDP005V2 as a kit item of type 'Evaluation Board'
2026-03-14 13:53:03,423 [INFO] ApiDb:240 - Found 880 in-development CPN: [B-G473E-ZEST1S, B-WB1M-WPAN1, B-WBA5M-WPAN, B-WL5M-SUBG1, NUCLEO-C031C6, NUCLEO-C051C8, NUCLEO-C071RB, NUCLEO-C092RC, NUCLEO-H503RB, NUCLEO-H533RE, NUCLEO-H563ZI, NUCLEO-H7S3L8, NUCLEO-N657X0-Q, NUCLEO-U031R8, NUCLEO-U083RC, NUCLEO-U385RG-Q, NUCLEO-U545RE-Q, NUCLEO-U5A5ZJ-Q, NUCLEO-WB05KZ, NUCLEO-WB07CC, NUCLEO-WB09KE, NUCLEO-WBA52CG, NUCLEO-WBA55CG, NUCLEO-WL33CC1, NUCLEO-WL33CC2, STEVAL-PROTEUS1, STEVAL-SMARTAG2, STEVAL-STWINBX1, STM320518-EVAL, STM32C0116-DK, STM32C011D6Y3TR, STM32C011D6Y6TR, STM32C011F4P3, STM32C011F4P6, STM32C011F4U3, STM32C011F4U6TR, STM32C011F6P3, STM32C011F6P6, STM32C011F6U3, STM32C011F6U6TR, STM32C011J4M3, STM32C011J4M6, STM32C011J6M3, STM32C011J6M6, STM32C0316-DK, STM32C031C4T3, STM32C031C4T6, STM32C031C4U3, STM32C031C4U6, STM32C031C6T3, STM32C031C6T6, STM32C031C6U3, STM32C031C6U6, STM32C031F4P3, STM32C031F4P6, STM32C031F6P3, STM32C031F6P6, STM32C031G4U3, STM32C031G4U6, STM32C031G6U3, STM32C031G6U6, STM32C031K4T3, STM32C031K4T6, STM32C031K4U3, STM32C031K4U6, STM32C031K6T3, STM32C031K6T6, STM32C031K6U3, STM32C031K6U6, STM32C051C6T6, STM32C051C6U6, STM32C051C8T6, STM32C051C8U6, STM32C051D8Y6TR, STM32C051F6P6, STM32C051F8P6, STM32C051G6U6, STM32C051G8U6, STM32C051K6T6, STM32C051K6U6, STM32C051K8T6, STM32C071C8T6, STM32C071C8T6N, STM32C071C8U6, STM32C071C8U6N, STM32C071CBT6, STM32C071CBT6N, STM32C071CBU6, STM32C071CBU6N, STM32C071F8P6, STM32C071F8P6N, STM32C071FBP6, STM32C071FBP6N, STM32C071FBY6TR, STM32C071G8U6, STM32C071G8U6N, STM32C071GBU6, STM32C071GBU6N, STM32C071K8T6, STM32C071K8T6N, STM32C071K8U6, STM32C071K8U6N, STM32C071KBT6, STM32C071KBT6N, STM32C071KBU6, STM32C071KBU6N, STM32C071R8T6, STM32C071R8T6N, STM32C071RBI6N, STM32C071RBT6, STM32C071RBT6N, STM32C091CBT6, STM32C091CBU6, STM32C091CCT6, STM32C091CCU6, STM32C091ECY6TR, STM32C091FBP6, STM32C091FCP6, STM32C091GBU6, STM32C091GCU6, STM32C091KBT6, STM32C091KBU6, STM32C091KCT6, STM32C091KCU6, STM32C091RBT6, STM32C091RCI6, STM32C091RCT6, STM32C092CBT6, STM32C092CBU6, STM32C092CCT6, STM32C092CCU6, STM32C092ECY6TR, STM32C092FBP6, STM32C092FCP6, STM32C092GBU6, STM32C092GCU6, STM32C092KBT6, STM32C092KBU6, STM32C092KCT6, STM32C092KCU6, STM32C092RBT6, STM32C092RCI6, STM32C092RCT6, STM32G071K8TXN, STM32G071K8UXN, STM32G081GBU6N, STM32G081KBT6N, STM32G081KBUXN, STM32G0B1CCT6N, STM32G0B1KCT6, STM32G0B1NEY6TR, STM32G0B1RCT6N, STM32G0C1CCT6, STM32G0C1CCT6N, STM32G0C1CCU6N, STM32G0C1CET6N, STM32G0C1CEU6N, STM32G0C1KCT6, STM32G0C1NEY6TR, STM32G0C1RCI6N, STM32G0C1RCT6N, STM32G0C1REI6N, STM32G0C1RET6N, STM32G0C1VCI6, STM32G0C1VEI6, STM32G411C6T3, STM32G411C6T6, STM32G411C6U3, STM32G411C6U6, STM32G411C8T3, STM32G411C8T6, STM32G411C8U3, STM32G411C8U6, STM32G411CBT3, STM32G411CBT6, STM32G411CBU3, STM32G411CBU6, STM32G411K6T3, STM32G411K6T6, STM32G411K6U3, STM32G411K6U6, STM32G411K8T3, STM32G411K8T6, STM32G411K8U3, STM32G411K8U6, STM32G411KBT3, STM32G411KBT6, STM32G411KBU3, STM32G411KBU6, STM32G411M6T3, STM32G411M6T6, STM32G411M8T3, STM32G411M8T6, STM32G411MBT3, STM32G411MBT6, STM32G411R6T3, STM32G411R6T6, STM32G411R8T3, STM32G411R8T6, STM32G411RBT3, STM32G411RBT6, STM32G414CBT3, STM32G414CBT6, STM32G414CBU3, STM32G414CBU6, STM32G414CCT3, STM32G414CCT6, STM32G414CCU3, STM32G414CCU6, STM32G414MBT3, STM32G414MBT6, STM32G414MCT3, STM32G414MCT6, STM32G414RBT3, STM32G414RBT6, STM32G414RCT3, STM32G414RCT6, STM32G414VBT3, STM32G414VBT6, STM32G414VCT3, STM32G414VCT6, STM32G431CBT3Z, STM32G431RBT3Z, STM32G471CCT6, STM32G471CCU6, STM32G471CET3, STM32G471CET6, STM32G471CEU3, STM32G471CEU6, STM32G471MCT6, STM32G471MET3, STM32G471MET6, STM32G471MEY6TR, STM32G471QCT6, STM32G471QET3, STM32G471RCT6, STM32G471RET3, STM32G471RET6, STM32G471VCH6, STM32G471VCI6, STM32G471VCT6, STM32G471VEH3, STM32G471VEH6, STM32G471VEI3, STM32G471VEI6, STM32G471VET3, STM32G471VET6, STM32G473QET3Z, STM32G473RET3Z, STM32G474CCT6, STM32G491RET3Z, STM32H503CBT6, STM32H503CBU6, STM32H503EBY6TR, STM32H503KBU6, STM32H503RBT6, STM32H523CCT6, STM32H523CCU6, STM32H523CET6, STM32H523CEU6, STM32H523HEY6TR, STM32H523RCT6, STM32H523RET6, STM32H523VCI6, STM32H523VCT6, STM32H523VEI6, STM32H523VET6, STM32H523ZCJ6, STM32H523ZCT6, STM32H523ZEJ6, STM32H523ZET6, STM32H533CET6, STM32H533CEU6, STM32H533HEY6TR, STM32H533RET6, STM32H533VEI6, STM32H533VET6, STM32H533ZEJ6, STM32H533ZET6, STM32H562AGI6, STM32H562AII6, STM32H562IGK6, STM32H562IGT6, STM32H562IIK6, STM32H562IIT6, STM32H562RGT6, STM32H562RGV6, STM32H562RIT6, STM32H562RIV6, STM32H562VGT6, STM32H562VIT6, STM32H562ZGT6, STM32H562ZIT6, STM32H563AGI6, STM32H563AII3Q, STM32H563AII6, STM32H563IGK6, STM32H563IGT6, STM32H563IIK3Q, STM32H563IIK6, STM32H563IIT3Q, STM32H563IIT6, STM32H563MIY3QTR, STM32H563RGT6, STM32H563RGV6, STM32H563RIT6, STM32H563RIV6, STM32H563VGT6, STM32H563VIT3Q, STM32H563VIT6, STM32H563ZGT6, STM32H563ZIT3Q, STM32H563ZIT6, STM32H573AII3Q, STM32H573AII6, STM32H573I-DK, STM32H573IIK3Q, STM32H573IIK6, STM32H573IIT3Q, STM32H573IIT6, STM32H573MIY3QTR, STM32H573RIT6, STM32H573RIV6, STM32H573VIT3Q, STM32H573VIT6, STM32H573ZIT3Q, STM32H573ZIT6, STM32H7R3A8I6, STM32H7R3I8K6, STM32H7R3I8T6, STM32H7R3L8H6, STM32H7R3L8H6H, STM32H7R3R8V6, STM32H7R3V8H6, STM32H7R3V8T6, STM32H7R3V8Y6TR, STM32H7R3Z8J6, STM32H7R3Z8T6, STM32H7R7A8I6, STM32H7R7I8K6, STM32H7R7I8T6, STM32H7R7L8H6, STM32H7R7L8H6H, STM32H7R7Z8J6, STM32H7S3A8I6, STM32H7S3I8K6, STM32H7S3I8T6, STM32H7S3L8H6, STM32H7S3L8H6H, STM32H7S3R8V6, STM32H7S3V8H6, STM32H7S3V8T6, STM32H7S3V8Y6TR, STM32H7S3Z8J6, STM32H7S3Z8T6, STM32H7S78-DK, STM32H7S7A8I6, STM32H7S7I8K6, STM32H7S7I8T6, STM32H7S7L8H6, STM32H7S7L8H6H, STM32H7S7Z8J6, STM32L4R5QGI6STR, STM32MP131AAE3, STM32MP131AAF3, STM32MP131AAG3, STM32MP131CAE3, STM32MP131CAF3, STM32MP131CAG3, STM32MP131DAE7, STM32MP131DAF7, STM32MP131DAG7, STM32MP131FAE7, STM32MP131FAF7, STM32MP131FAG7, STM32MP133AAE3, STM32MP133AAF3, STM32MP133AAG3, STM32MP133CAE3, STM32MP133CAF3, STM32MP133CAG3, STM32MP133DAE7, STM32MP133DAF7, STM32MP133DAG7, STM32MP133FAE7, STM32MP133FAF7, STM32MP133FAG7, STM32MP135AAE3, STM32MP135AAF3, STM32MP135AAG3, STM32MP135CAE3, STM32MP135CAF3, STM32MP135CAG3, STM32MP135DAE7, STM32MP135DAF7, STM32MP135DAG7, STM32MP135F-DK, STM32MP135FAE7, STM32MP135FAF7, STM32MP135FAF7T, STM32MP135FAF7U, STM32MP135FAG7, STM32MP211AAL3, STM32MP211AAM3, STM32MP211AAN3, STM32MP211AAO3, STM32MP211CAL3, STM32MP211CAM3, STM32MP211CAN3, STM32MP211CAO3, STM32MP211DAL3, STM32MP211DAM3, STM32MP211DAN3, STM32MP211DAO3, STM32MP211FAL3, STM32MP211FAM3, STM32MP211FAN3, STM32MP211FAO3, STM32MP213AAL3, STM32MP213AAM3, STM32MP213AAN3, STM32MP213AAO3, STM32MP213CAL3, STM32MP213CAM3, STM32MP213CAN3, STM32MP213CAO3, STM32MP213DAL3, STM32MP213DAM3, STM32MP213DAN3, STM32MP213DAO3, STM32MP213FAL3, STM32MP213FAM3, STM32MP213FAN3, STM32MP213FAO3, STM32MP215AAL3, STM32MP215AAM3, STM32MP215AAN3, STM32MP215AAO3, STM32MP215CAL3, STM32MP215CAM3, STM32MP215CAN3, STM32MP215CAO3, STM32MP215DAL3, STM32MP215DAM3, STM32MP215DAN3, STM32MP215DAO3, STM32MP215F-DK, STM32MP215FAL3, STM32MP215FAM3, STM32MP215FAN3, STM32MP215FAO3, STM32MP231AAJ3, STM32MP231AAK3, STM32MP231AAL3, STM32MP231CAJ3, STM32MP231CAK3, STM32MP231CAL3, STM32MP231DAJ3, STM32MP231DAK3, STM32MP231DAL3, STM32MP231FAJ3, STM32MP231FAK3, STM32MP231FAL3, STM32MP233AAJ3, STM32MP233AAK3, STM32MP233AAL3, STM32MP233CAJ3, STM32MP233CAK3, STM32MP233CAL3, STM32MP233DAJ3, STM32MP233DAK3, STM32MP233DAL3, STM32MP233FAJ3, STM32MP233FAK3, STM32MP233FAL3, STM32MP235AAJ3, STM32MP235AAK3, STM32MP235AAL3, STM32MP235CAJ3, STM32MP235CAK3, STM32MP235CAL3, STM32MP235DAJ3, STM32MP235DAK3, STM32MP235DAL3, STM32MP235FAJ3, STM32MP235FAK3, STM32MP235FAL3, STM32MP251AAI3, STM32MP251AAK3, STM32MP251AAL3, STM32MP251CAI3, STM32MP251CAK3, STM32MP251CAL3, STM32MP251DAI3, STM32MP251DAK3, STM32MP251DAL3, STM32MP251FAI3, STM32MP251FAK3, STM32MP251FAL3, STM32MP253AAI3, STM32MP253AAK3, STM32MP253AAL3, STM32MP253CAI3, STM32MP253CAK3, STM32MP253CAL3, STM32MP253DAI3, STM32MP253DAK3, STM32MP253DAL3, STM32MP253FAI3, STM32MP253FAK3, STM32MP253FAL3, STM32MP255AAI3, STM32MP255AAK3, STM32MP255AAL3, STM32MP255CAI3, STM32MP255CAK3, STM32MP255CAL3, STM32MP255DAI3, STM32MP255DAK3, STM32MP255DAL3, STM32MP255FAI3, STM32MP255FAK3, STM32MP255FAL3, STM32MP257AAI3, STM32MP257AAK3, STM32MP257AAL3, STM32MP257CAI3, STM32MP257CAK3, STM32MP257CAL3, STM32MP257DAI3, STM32MP257DAK3, STM32MP257DAL3, STM32MP257F-DK, STM32MP257F-EV1, STM32MP257FAI3, STM32MP257FAK3, STM32MP257FAL3, STM32N645A0H3Q, STM32N645B0H3Q, STM32N645I0H3Q, STM32N645L0H3Q, STM32N645X0H3Q, STM32N645Z0H3Q, STM32N647A0H3Q, STM32N647B0H3Q, STM32N647I0H3Q, STM32N647L0H3Q, STM32N647X0H3Q, STM32N647Z0H3Q, STM32N655A0H3Q, STM32N655B0H3Q, STM32N655I0H3Q, STM32N655L0H3Q, STM32N655X0H3Q, STM32N655Z0H3Q, STM32N6570-DK, STM32N657A0H3Q, STM32N657B0H3Q, STM32N657I0H3Q, STM32N657L0H3Q, STM32N657X0H3Q, STM32N657Z0H3Q, STM32U031C6T6, STM32U031C6U6, STM32U031C8T6, STM32U031C8U6, STM32U031F4P6, STM32U031F6P6, STM32U031F8P6, STM32U031G6Y6TR, STM32U031G8Y6TR, STM32U031K4U6, STM32U031K6U6, STM32U031K8U6, STM32U031R6I6, STM32U031R6T6, STM32U031R8I6, STM32U031R8T6, STM32U073C8T6, STM32U073C8U6, STM32U073CBT6, STM32U073CBU6, STM32U073CCT6, STM32U073CCU6, STM32U073H8Y6TR, STM32U073HBY6TR, STM32U073HCY6TR, STM32U073K8U6, STM32U073KBU6, STM32U073KCU6, STM32U073M8I6, STM32U073M8T6, STM32U073MBI6, STM32U073MBT6, STM32U073MCI6, STM32U073MCT6, STM32U073R8I6, STM32U073R8T6, STM32U073RBI6, STM32U073RBT6, STM32U073RCI6, STM32U073RCT6, STM32U083C-DK, STM32U083CCT6, STM32U083CCU6, STM32U083HCY6TR, STM32U083KCU6, STM32U083MCI6, STM32U083MCT6, STM32U083RCI6, STM32U083RCT6, STM32U375CET6, STM32U375CET6Q, STM32U375CEU6, STM32U375CEU6Q, STM32U375CEY6QTR, STM32U375CGT6, STM32U375CGT6Q, STM32U375CGU6, STM32U375CGU6Q, STM32U375CGY6QTR, STM32U375KEU6, STM32U375KGU6, STM32U375REI6, STM32U375REI6Q, STM32U375RET6, STM32U375RET6Q, STM32U375REY6GTR, STM32U375REY6QTR, STM32U375RGI6, STM32U375RGI6Q, STM32U375RGT6, STM32U375RGT6Q, STM32U375RGY6GTR, STM32U375RGY6QTR, STM32U375VEI6, STM32U375VEI6Q, STM32U375VET6, STM32U375VET6Q, STM32U375VGI6, STM32U375VGI6Q, STM32U375VGT6, STM32U375VGT6Q, STM32U385CGT6, STM32U385CGT6Q, STM32U385CGU6, STM32U385CGU6Q, STM32U385CGY6QTR, STM32U385KGU6, STM32U385RGI6, STM32U385RGI6Q, STM32U385RGT6, STM32U385RGT6Q, STM32U385RGY6GTR, STM32U385RGY6QTR, STM32U385VGI6, STM32U385VGI6Q, STM32U385VGT6, STM32U385VGT6Q, STM32U535CBT6, STM32U535CBT6Q, STM32U535CBU6, STM32U535CBU6Q, STM32U535CCT6, STM32U535CCT6Q, STM32U535CCU6, STM32U535CCU6Q, STM32U535CET6, STM32U535CET6Q, STM32U535CEU6, STM32U535CEU6Q, STM32U535JEY6QTR, STM32U535NCY6QTR, STM32U535NEY6QTR, STM32U535RBI6, STM32U535RBI6Q, STM32U535RBT6, STM32U535RBT6Q, STM32U535RCI6, STM32U535RCI6Q, STM32U535RCT6, STM32U535RCT6Q, STM32U535REI6, STM32U535REI6Q, STM32U535RET6, STM32U535RET6Q, STM32U535VCI6, STM32U535VCI6Q, STM32U535VCT6, STM32U535VCT6Q, STM32U535VEI6, STM32U535VEI6Q, STM32U535VET6, STM32U535VET6Q, STM32U545CET6, STM32U545CET6Q, STM32U545CEU6, STM32U545CEU6Q, STM32U545JEY6QTR, STM32U545NEY6QTR, STM32U545REI6, STM32U545REI6Q, STM32U545RET6, STM32U545RET6Q, STM32U545VEI6, STM32U545VEI6Q, STM32U545VET6, STM32U545VET6Q, STM32U595AIH6, STM32U595AIH6Q, STM32U595AJH6, STM32U595AJH6Q, STM32U595QII6, STM32U595QII6Q, STM32U595QJI6, STM32U595QJI6Q, STM32U595RIT6, STM32U595RIT6Q, STM32U595RJT6, STM32U595RJT6Q, STM32U595VIT6, STM32U595VIT6Q, STM32U595VJT6, STM32U595VJT6Q, STM32U595ZIT6, STM32U595ZIT6Q, STM32U595ZIY6QTR, STM32U595ZJT6, STM32U595ZJT6Q, STM32U595ZJY6QTR, STM32U599BJY6QTR, STM32U599NIH6Q, STM32U599NJH6Q, STM32U599VIT6Q, STM32U599VJT6, STM32U599VJT6Q, STM32U599ZIT6Q, STM32U599ZIY6QTR, STM32U599ZJT6Q, STM32U599ZJY6QTR, STM32U5A5AJH6, STM32U5A5AJH6Q, STM32U5A5QII3Q , STM32U5A5QJI6, STM32U5A5QJI6Q, STM32U5A5RJT6, STM32U5A5RJT6Q, STM32U5A5VJT6, STM32U5A5VJT6Q, STM32U5A5ZJT6, STM32U5A5ZJT6Q, STM32U5A5ZJY6QTR, STM32U5A9BJY6QTR, STM32U5A9J-DK, STM32U5A9NJH6Q, STM32U5A9VJT6Q, STM32U5A9ZJT6Q, STM32U5A9ZJY6QTR, STM32U5F7VIT6, STM32U5F7VIT6Q, STM32U5F7VJT6, STM32U5F7VJT6Q, STM32U5F9BJY6QTR, STM32U5F9NJH6Q, STM32U5F9VIT6Q, STM32U5F9VJT6Q, STM32U5F9ZIJ6QTR, STM32U5F9ZIT6Q, STM32U5F9ZJJ6QTR, STM32U5F9ZJT6Q, STM32U5G7VJT6, STM32U5G7VJT6Q, STM32U5G9BJY6QTR, STM32U5G9J-DK1, STM32U5G9J-DK2, STM32U5G9NJH6Q, STM32U5G9VJT6Q, STM32U5G9ZJJ6QTR, STM32U5G9ZJT6Q, STM32WB05KZV6TR, STM32WB05KZV7TR, STM32WB05TZF6TR, STM32WB05TZF7TR, STM32WB06CCF6TR, STM32WB06CCF7TR, STM32WB06CCV6TR, STM32WB06CCV7TR, STM32WB06KCV6TR, STM32WB06KCV7TR, STM32WB07CCF6TR, STM32WB07CCF7TR, STM32WB07CCV6TR, STM32WB07CCV7TR, STM32WB07KCV6TR, STM32WB07KCV7TR, STM32WB09KEV6TR, STM32WB09KEV7TR, STM32WB09TEF6TR, STM32WB09TEF7TR, STM32WB1MMCH6, STM32WBA50KGU6, STM32WBA50KGU6TR, STM32WBA52CEU6, STM32WBA52CEU6TR, STM32WBA52CEU7, STM32WBA52CEU7TR, STM32WBA52CGU6, STM32WBA52CGU6TR, STM32WBA52CGU6U, STM32WBA52CGU7, STM32WBA52CGU7TR, STM32WBA52KEU6, STM32WBA52KEU6TR, STM32WBA52KGU6, STM32WBA52KGU6TR, STM32WBA54CEU6, STM32WBA54CEU6TR, STM32WBA54CEU7, STM32WBA54CEU7TR, STM32WBA54CGU6, STM32WBA54CGU6TR, STM32WBA54CGU7, STM32WBA54CGU7TR, STM32WBA54KEU6, STM32WBA54KEU6TR, STM32WBA54KEU7, STM32WBA54KEU7TR, STM32WBA54KGU6, STM32WBA54KGU6TR, STM32WBA54KGU7, STM32WBA54KGU7TR, STM32WBA55CEU6, STM32WBA55CEU6TR, STM32WBA55CEU7, STM32WBA55CEU7TR, STM32WBA55CGU6, STM32WBA55CGU6TR, STM32WBA55CGU6U, STM32WBA55CGU7, STM32WBA55CGU7TR, STM32WBA55G-DK1, STM32WBA55HEF6, STM32WBA55HEF7, STM32WBA55HGF6, STM32WBA55HGF7, STM32WBA55UEI6, STM32WBA55UEI6TR, STM32WBA55UEI7, STM32WBA55UEI7TR, STM32WBA55UGI6, STM32WBA55UGI6TR, STM32WBA55UGI7, STM32WBA55UGI7TR, STM32WBA5MMGH6TR, STM32WBA62MGF6, STM32WBA62MIF6, STM32WBA65MGF7, STM32WBA65MIF6, STM32WBA65MIF7, STM32WL30K8V6, STM32WL30KBV6, STM32WL31C8V6, STM32WL31CBV6, STM32WL31K8V6, STM32WL31KBV6, STM32WL33C8V6, STM32WL33C8V6X, STM32WL33CBV6, STM32WL33CBV6X, STM32WL33CCV6, STM32WL33CCV6A, STM32WL33CCV6X, STM32WL33K8V7, STM32WL33K8V7X, STM32WL33KBV7 , STM32WL33KBV7X, STM32WL33KCV7, STM32WL33KCV7X, STM32WL5MOCH6, STM32WL5MOCH6TR]
2026-03-14 13:53:03,433 [INFO] ApiDb:668 - CubeFinder database Data Model version=2.1
2026-03-14 13:53:03,434 [INFO] ApiDb:669 - CubeFinder database Configuration version=3.0.39
2026-03-14 13:53:03,436 [INFO] ApiDb:670 - CubeFinder database generation date=2025-12-22 (1766407740)
2026-03-14 13:53:03,437 [INFO] ApiDb:671 - CubeFinder database FW Pack versions=[FP-ATR-ASTRA1_V2.0.0, FP-SNS-FLIGHT1_V5.1.0, FP-SNS-MOTENV1_V5.1.0, FP-SNS-MOTENVWB1_V1.4.0, FP-SNS-SMARTAG2_V1.2.0, FP-SNS-STBOX1_V2.1.0, STM32Cube_FW_C0_V1.4.0, STM32Cube_FW_F4_V1.28.3, STM32Cube_FW_F7_V1.17.4, STM32Cube_FW_G0_V1.6.2, STM32Cube_FW_G4_V1.6.1, STM32Cube_FW_H5_V1.5.1, STM32Cube_FW_H7RS_V1.3.0, STM32Cube_FW_H7_V1.12.1, STM32Cube_FW_L0_V1.12.2, STM32Cube_FW_L4_V1.18.1, STM32Cube_FW_L5_V1.6.0, STM32Cube_FW_N6_V1.3.0, STM32Cube_FW_U0_V1.3.0, STM32Cube_FW_U3_V1.2.1, STM32Cube_FW_U5_V1.8.0, STM32Cube_FW_WB0_V1.4.0, STM32Cube_FW_WBA_V1.8.0, STM32Cube_FW_WB_V1.24.0, STM32Cube_FW_WL3_V1.3.0, STM32Cube_FW_WL_V1.4.0, X-CUBE-ALGOBUILD_V1.4.0, X-CUBE-ALS_V1.0.2, X-CUBE-AZRTOS-F4_V1.1.0, X-CUBE-AZRTOS-F7_V1.1.0, X-CUBE-AZRTOS-G0_V1.1.0, X-CUBE-AZRTOS-G4_V2.0.0, X-CUBE-AZRTOS-H7RS_V1.1.0, X-CUBE-AZRTOS-H7_V3.4.0, X-CUBE-AZRTOS-L4_V2.0.0, X-CUBE-AZRTOS-L5_V2.0.0, X-CUBE-AZRTOS-WB_V2.0.0, X-CUBE-AZRTOS-WL_V2.0.0, X-CUBE-BLE1_V7.1.0, X-CUBE-BLE2_V3.3.0, X-CUBE-BLEMGR_V4.1.0, X-CUBE-EEPRMA1_V5.2.0, X-CUBE-FREERTOS_V1.3.1, X-CUBE-GNSS1_V6.0.0, X-CUBE-MEMS1_V12.0.0, X-CUBE-NFC4_V3.0.0, X-CUBE-NFC7_V2.0.0, X-CUBE-SFXS2LP1_V4.0.0, X-CUBE-ST67W61_V1.1.0, X-CUBE-SUBG2_V5.0.0, X-CUBE-TOF1_V3.4.3]
2026-03-14 13:53:05,727 [INFO] ApiDb:240 - Found 880 in-development CPN: [B-G473E-ZEST1S, B-WB1M-WPAN1, B-WBA5M-WPAN, B-WL5M-SUBG1, NUCLEO-C031C6, NUCLEO-C051C8, NUCLEO-C071RB, NUCLEO-C092RC, NUCLEO-H503RB, NUCLEO-H533RE, NUCLEO-H563ZI, NUCLEO-H7S3L8, NUCLEO-N657X0-Q, NUCLEO-U031R8, NUCLEO-U083RC, NUCLEO-U385RG-Q, NUCLEO-U545RE-Q, NUCLEO-U5A5ZJ-Q, NUCLEO-WB05KZ, NUCLEO-WB07CC, NUCLEO-WB09KE, NUCLEO-WBA52CG, NUCLEO-WBA55CG, NUCLEO-WL33CC1, NUCLEO-WL33CC2, STEVAL-PROTEUS1, STEVAL-SMARTAG2, STEVAL-STWINBX1, STM320518-EVAL, STM32C0116-DK, STM32C011D6Y3TR, STM32C011D6Y6TR, STM32C011F4P3, STM32C011F4P6, STM32C011F4U3, STM32C011F4U6TR, STM32C011F6P3, STM32C011F6P6, STM32C011F6U3, STM32C011F6U6TR, STM32C011J4M3, STM32C011J4M6, STM32C011J6M3, STM32C011J6M6, STM32C0316-DK, STM32C031C4T3, STM32C031C4T6, STM32C031C4U3, STM32C031C4U6, STM32C031C6T3, STM32C031C6T6, STM32C031C6U3, STM32C031C6U6, STM32C031F4P3, STM32C031F4P6, STM32C031F6P3, STM32C031F6P6, STM32C031G4U3, STM32C031G4U6, STM32C031G6U3, STM32C031G6U6, STM32C031K4T3, STM32C031K4T6, STM32C031K4U3, STM32C031K4U6, STM32C031K6T3, STM32C031K6T6, STM32C031K6U3, STM32C031K6U6, STM32C051C6T6, STM32C051C6U6, STM32C051C8T6, STM32C051C8U6, STM32C051D8Y6TR, STM32C051F6P6, STM32C051F8P6, STM32C051G6U6, STM32C051G8U6, STM32C051K6T6, STM32C051K6U6, STM32C051K8T6, STM32C071C8T6, STM32C071C8T6N, STM32C071C8U6, STM32C071C8U6N, STM32C071CBT6, STM32C071CBT6N, STM32C071CBU6, STM32C071CBU6N, STM32C071F8P6, STM32C071F8P6N, STM32C071FBP6, STM32C071FBP6N, STM32C071FBY6TR, STM32C071G8U6, STM32C071G8U6N, STM32C071GBU6, STM32C071GBU6N, STM32C071K8T6, STM32C071K8T6N, STM32C071K8U6, STM32C071K8U6N, STM32C071KBT6, STM32C071KBT6N, STM32C071KBU6, STM32C071KBU6N, STM32C071R8T6, STM32C071R8T6N, STM32C071RBI6N, STM32C071RBT6, STM32C071RBT6N, STM32C091CBT6, STM32C091CBU6, STM32C091CCT6, STM32C091CCU6, STM32C091ECY6TR, STM32C091FBP6, STM32C091FCP6, STM32C091GBU6, STM32C091GCU6, STM32C091KBT6, STM32C091KBU6, STM32C091KCT6, STM32C091KCU6, STM32C091RBT6, STM32C091RCI6, STM32C091RCT6, STM32C092CBT6, STM32C092CBU6, STM32C092CCT6, STM32C092CCU6, STM32C092ECY6TR, STM32C092FBP6, STM32C092FCP6, STM32C092GBU6, STM32C092GCU6, STM32C092KBT6, STM32C092KBU6, STM32C092KCT6, STM32C092KCU6, STM32C092RBT6, STM32C092RCI6, STM32C092RCT6, STM32G071K8TXN, STM32G071K8UXN, STM32G081GBU6N, STM32G081KBT6N, STM32G081KBUXN, STM32G0B1CCT6N, STM32G0B1KCT6, STM32G0B1NEY6TR, STM32G0B1RCT6N, STM32G0C1CCT6, STM32G0C1CCT6N, STM32G0C1CCU6N, STM32G0C1CET6N, STM32G0C1CEU6N, STM32G0C1KCT6, STM32G0C1NEY6TR, STM32G0C1RCI6N, STM32G0C1RCT6N, STM32G0C1REI6N, STM32G0C1RET6N, STM32G0C1VCI6, STM32G0C1VEI6, STM32G411C6T3, STM32G411C6T6, STM32G411C6U3, STM32G411C6U6, STM32G411C8T3, STM32G411C8T6, STM32G411C8U3, STM32G411C8U6, STM32G411CBT3, STM32G411CBT6, STM32G411CBU3, STM32G411CBU6, STM32G411K6T3, STM32G411K6T6, STM32G411K6U3, STM32G411K6U6, STM32G411K8T3, STM32G411K8T6, STM32G411K8U3, STM32G411K8U6, STM32G411KBT3, STM32G411KBT6, STM32G411KBU3, STM32G411KBU6, STM32G411M6T3, STM32G411M6T6, STM32G411M8T3, STM32G411M8T6, STM32G411MBT3, STM32G411MBT6, STM32G411R6T3, STM32G411R6T6, STM32G411R8T3, STM32G411R8T6, STM32G411RBT3, STM32G411RBT6, STM32G414CBT3, STM32G414CBT6, STM32G414CBU3, STM32G414CBU6, STM32G414CCT3, STM32G414CCT6, STM32G414CCU3, STM32G414CCU6, STM32G414MBT3, STM32G414MBT6, STM32G414MCT3, STM32G414MCT6, STM32G414RBT3, STM32G414RBT6, STM32G414RCT3, STM32G414RCT6, STM32G414VBT3, STM32G414VBT6, STM32G414VCT3, STM32G414VCT6, STM32G431CBT3Z, STM32G431RBT3Z, STM32G471CCT6, STM32G471CCU6, STM32G471CET3, STM32G471CET6, STM32G471CEU3, STM32G471CEU6, STM32G471MCT6, STM32G471MET3, STM32G471MET6, STM32G471MEY6TR, STM32G471QCT6, STM32G471QET3, STM32G471RCT6, STM32G471RET3, STM32G471RET6, STM32G471VCH6, STM32G471VCI6, STM32G471VCT6, STM32G471VEH3, STM32G471VEH6, STM32G471VEI3, STM32G471VEI6, STM32G471VET3, STM32G471VET6, STM32G473QET3Z, STM32G473RET3Z, STM32G474CCT6, STM32G491RET3Z, STM32H503CBT6, STM32H503CBU6, STM32H503EBY6TR, STM32H503KBU6, STM32H503RBT6, STM32H523CCT6, STM32H523CCU6, STM32H523CET6, STM32H523CEU6, STM32H523HEY6TR, STM32H523RCT6, STM32H523RET6, STM32H523VCI6, STM32H523VCT6, STM32H523VEI6, STM32H523VET6, STM32H523ZCJ6, STM32H523ZCT6, STM32H523ZEJ6, STM32H523ZET6, STM32H533CET6, STM32H533CEU6, STM32H533HEY6TR, STM32H533RET6, STM32H533VEI6, STM32H533VET6, STM32H533ZEJ6, STM32H533ZET6, STM32H562AGI6, STM32H562AII6, STM32H562IGK6, STM32H562IGT6, STM32H562IIK6, STM32H562IIT6, STM32H562RGT6, STM32H562RGV6, STM32H562RIT6, STM32H562RIV6, STM32H562VGT6, STM32H562VIT6, STM32H562ZGT6, STM32H562ZIT6, STM32H563AGI6, STM32H563AII3Q, STM32H563AII6, STM32H563IGK6, STM32H563IGT6, STM32H563IIK3Q, STM32H563IIK6, STM32H563IIT3Q, STM32H563IIT6, STM32H563MIY3QTR, STM32H563RGT6, STM32H563RGV6, STM32H563RIT6, STM32H563RIV6, STM32H563VGT6, STM32H563VIT3Q, STM32H563VIT6, STM32H563ZGT6, STM32H563ZIT3Q, STM32H563ZIT6, STM32H573AII3Q, STM32H573AII6, STM32H573I-DK, STM32H573IIK3Q, STM32H573IIK6, STM32H573IIT3Q, STM32H573IIT6, STM32H573MIY3QTR, STM32H573RIT6, STM32H573RIV6, STM32H573VIT3Q, STM32H573VIT6, STM32H573ZIT3Q, STM32H573ZIT6, STM32H7R3A8I6, STM32H7R3I8K6, STM32H7R3I8T6, STM32H7R3L8H6, STM32H7R3L8H6H, STM32H7R3R8V6, STM32H7R3V8H6, STM32H7R3V8T6, STM32H7R3V8Y6TR, STM32H7R3Z8J6, STM32H7R3Z8T6, STM32H7R7A8I6, STM32H7R7I8K6, STM32H7R7I8T6, STM32H7R7L8H6, STM32H7R7L8H6H, STM32H7R7Z8J6, STM32H7S3A8I6, STM32H7S3I8K6, STM32H7S3I8T6, STM32H7S3L8H6, STM32H7S3L8H6H, STM32H7S3R8V6, STM32H7S3V8H6, STM32H7S3V8T6, STM32H7S3V8Y6TR, STM32H7S3Z8J6, STM32H7S3Z8T6, STM32H7S78-DK, STM32H7S7A8I6, STM32H7S7I8K6, STM32H7S7I8T6, STM32H7S7L8H6, STM32H7S7L8H6H, STM32H7S7Z8J6, STM32L4R5QGI6STR, STM32MP131AAE3, STM32MP131AAF3, STM32MP131AAG3, STM32MP131CAE3, STM32MP131CAF3, STM32MP131CAG3, STM32MP131DAE7, STM32MP131DAF7, STM32MP131DAG7, STM32MP131FAE7, STM32MP131FAF7, STM32MP131FAG7, STM32MP133AAE3, STM32MP133AAF3, STM32MP133AAG3, STM32MP133CAE3, STM32MP133CAF3, STM32MP133CAG3, STM32MP133DAE7, STM32MP133DAF7, STM32MP133DAG7, STM32MP133FAE7, STM32MP133FAF7, STM32MP133FAG7, STM32MP135AAE3, STM32MP135AAF3, STM32MP135AAG3, STM32MP135CAE3, STM32MP135CAF3, STM32MP135CAG3, STM32MP135DAE7, STM32MP135DAF7, STM32MP135DAG7, STM32MP135F-DK, STM32MP135FAE7, STM32MP135FAF7, STM32MP135FAF7T, STM32MP135FAF7U, STM32MP135FAG7, STM32MP211AAL3, STM32MP211AAM3, STM32MP211AAN3, STM32MP211AAO3, STM32MP211CAL3, STM32MP211CAM3, STM32MP211CAN3, STM32MP211CAO3, STM32MP211DAL3, STM32MP211DAM3, STM32MP211DAN3, STM32MP211DAO3, STM32MP211FAL3, STM32MP211FAM3, STM32MP211FAN3, STM32MP211FAO3, STM32MP213AAL3, STM32MP213AAM3, STM32MP213AAN3, STM32MP213AAO3, STM32MP213CAL3, STM32MP213CAM3, STM32MP213CAN3, STM32MP213CAO3, STM32MP213DAL3, STM32MP213DAM3, STM32MP213DAN3, STM32MP213DAO3, STM32MP213FAL3, STM32MP213FAM3, STM32MP213FAN3, STM32MP213FAO3, STM32MP215AAL3, STM32MP215AAM3, STM32MP215AAN3, STM32MP215AAO3, STM32MP215CAL3, STM32MP215CAM3, STM32MP215CAN3, STM32MP215CAO3, STM32MP215DAL3, STM32MP215DAM3, STM32MP215DAN3, STM32MP215DAO3, STM32MP215F-DK, STM32MP215FAL3, STM32MP215FAM3, STM32MP215FAN3, STM32MP215FAO3, STM32MP231AAJ3, STM32MP231AAK3, STM32MP231AAL3, STM32MP231CAJ3, STM32MP231CAK3, STM32MP231CAL3, STM32MP231DAJ3, STM32MP231DAK3, STM32MP231DAL3, STM32MP231FAJ3, STM32MP231FAK3, STM32MP231FAL3, STM32MP233AAJ3, STM32MP233AAK3, STM32MP233AAL3, STM32MP233CAJ3, STM32MP233CAK3, STM32MP233CAL3, STM32MP233DAJ3, STM32MP233DAK3, STM32MP233DAL3, STM32MP233FAJ3, STM32MP233FAK3, STM32MP233FAL3, STM32MP235AAJ3, STM32MP235AAK3, STM32MP235AAL3, STM32MP235CAJ3, STM32MP235CAK3, STM32MP235CAL3, STM32MP235DAJ3, STM32MP235DAK3, STM32MP235DAL3, STM32MP235FAJ3, STM32MP235FAK3, STM32MP235FAL3, STM32MP251AAI3, STM32MP251AAK3, STM32MP251AAL3, STM32MP251CAI3, STM32MP251CAK3, STM32MP251CAL3, STM32MP251DAI3, STM32MP251DAK3, STM32MP251DAL3, STM32MP251FAI3, STM32MP251FAK3, STM32MP251FAL3, STM32MP253AAI3, STM32MP253AAK3, STM32MP253AAL3, STM32MP253CAI3, STM32MP253CAK3, STM32MP253CAL3, STM32MP253DAI3, STM32MP253DAK3, STM32MP253DAL3, STM32MP253FAI3, STM32MP253FAK3, STM32MP253FAL3, STM32MP255AAI3, STM32MP255AAK3, STM32MP255AAL3, STM32MP255CAI3, STM32MP255CAK3, STM32MP255CAL3, STM32MP255DAI3, STM32MP255DAK3, STM32MP255DAL3, STM32MP255FAI3, STM32MP255FAK3, STM32MP255FAL3, STM32MP257AAI3, STM32MP257AAK3, STM32MP257AAL3, STM32MP257CAI3, STM32MP257CAK3, STM32MP257CAL3, STM32MP257DAI3, STM32MP257DAK3, STM32MP257DAL3, STM32MP257F-DK, STM32MP257F-EV1, STM32MP257FAI3, STM32MP257FAK3, STM32MP257FAL3, STM32N645A0H3Q, STM32N645B0H3Q, STM32N645I0H3Q, STM32N645L0H3Q, STM32N645X0H3Q, STM32N645Z0H3Q, STM32N647A0H3Q, STM32N647B0H3Q, STM32N647I0H3Q, STM32N647L0H3Q, STM32N647X0H3Q, STM32N647Z0H3Q, STM32N655A0H3Q, STM32N655B0H3Q, STM32N655I0H3Q, STM32N655L0H3Q, STM32N655X0H3Q, STM32N655Z0H3Q, STM32N6570-DK, STM32N657A0H3Q, STM32N657B0H3Q, STM32N657I0H3Q, STM32N657L0H3Q, STM32N657X0H3Q, STM32N657Z0H3Q, STM32U031C6T6, STM32U031C6U6, STM32U031C8T6, STM32U031C8U6, STM32U031F4P6, STM32U031F6P6, STM32U031F8P6, STM32U031G6Y6TR, STM32U031G8Y6TR, STM32U031K4U6, STM32U031K6U6, STM32U031K8U6, STM32U031R6I6, STM32U031R6T6, STM32U031R8I6, STM32U031R8T6, STM32U073C8T6, STM32U073C8U6, STM32U073CBT6, STM32U073CBU6, STM32U073CCT6, STM32U073CCU6, STM32U073H8Y6TR, STM32U073HBY6TR, STM32U073HCY6TR, STM32U073K8U6, STM32U073KBU6, STM32U073KCU6, STM32U073M8I6, STM32U073M8T6, STM32U073MBI6, STM32U073MBT6, STM32U073MCI6, STM32U073MCT6, STM32U073R8I6, STM32U073R8T6, STM32U073RBI6, STM32U073RBT6, STM32U073RCI6, STM32U073RCT6, STM32U083C-DK, STM32U083CCT6, STM32U083CCU6, STM32U083HCY6TR, STM32U083KCU6, STM32U083MCI6, STM32U083MCT6, STM32U083RCI6, STM32U083RCT6, STM32U375CET6, STM32U375CET6Q, STM32U375CEU6, STM32U375CEU6Q, STM32U375CEY6QTR, STM32U375CGT6, STM32U375CGT6Q, STM32U375CGU6, STM32U375CGU6Q, STM32U375CGY6QTR, STM32U375KEU6, STM32U375KGU6, STM32U375REI6, STM32U375REI6Q, STM32U375RET6, STM32U375RET6Q, STM32U375REY6GTR, STM32U375REY6QTR, STM32U375RGI6, STM32U375RGI6Q, STM32U375RGT6, STM32U375RGT6Q, STM32U375RGY6GTR, STM32U375RGY6QTR, STM32U375VEI6, STM32U375VEI6Q, STM32U375VET6, STM32U375VET6Q, STM32U375VGI6, STM32U375VGI6Q, STM32U375VGT6, STM32U375VGT6Q, STM32U385CGT6, STM32U385CGT6Q, STM32U385CGU6, STM32U385CGU6Q, STM32U385CGY6QTR, STM32U385KGU6, STM32U385RGI6, STM32U385RGI6Q, STM32U385RGT6, STM32U385RGT6Q, STM32U385RGY6GTR, STM32U385RGY6QTR, STM32U385VGI6, STM32U385VGI6Q, STM32U385VGT6, STM32U385VGT6Q, STM32U535CBT6, STM32U535CBT6Q, STM32U535CBU6, STM32U535CBU6Q, STM32U535CCT6, STM32U535CCT6Q, STM32U535CCU6, STM32U535CCU6Q, STM32U535CET6, STM32U535CET6Q, STM32U535CEU6, STM32U535CEU6Q, STM32U535JEY6QTR, STM32U535NCY6QTR, STM32U535NEY6QTR, STM32U535RBI6, STM32U535RBI6Q, STM32U535RBT6, STM32U535RBT6Q, STM32U535RCI6, STM32U535RCI6Q, STM32U535RCT6, STM32U535RCT6Q, STM32U535REI6, STM32U535REI6Q, STM32U535RET6, STM32U535RET6Q, STM32U535VCI6, STM32U535VCI6Q, STM32U535VCT6, STM32U535VCT6Q, STM32U535VEI6, STM32U535VEI6Q, STM32U535VET6, STM32U535VET6Q, STM32U545CET6, STM32U545CET6Q, STM32U545CEU6, STM32U545CEU6Q, STM32U545JEY6QTR, STM32U545NEY6QTR, STM32U545REI6, STM32U545REI6Q, STM32U545RET6, STM32U545RET6Q, STM32U545VEI6, STM32U545VEI6Q, STM32U545VET6, STM32U545VET6Q, STM32U595AIH6, STM32U595AIH6Q, STM32U595AJH6, STM32U595AJH6Q, STM32U595QII6, STM32U595QII6Q, STM32U595QJI6, STM32U595QJI6Q, STM32U595RIT6, STM32U595RIT6Q, STM32U595RJT6, STM32U595RJT6Q, STM32U595VIT6, STM32U595VIT6Q, STM32U595VJT6, STM32U595VJT6Q, STM32U595ZIT6, STM32U595ZIT6Q, STM32U595ZIY6QTR, STM32U595ZJT6, STM32U595ZJT6Q, STM32U595ZJY6QTR, STM32U599BJY6QTR, STM32U599NIH6Q, STM32U599NJH6Q, STM32U599VIT6Q, STM32U599VJT6, STM32U599VJT6Q, STM32U599ZIT6Q, STM32U599ZIY6QTR, STM32U599ZJT6Q, STM32U599ZJY6QTR, STM32U5A5AJH6, STM32U5A5AJH6Q, STM32U5A5QII3Q , STM32U5A5QJI6, STM32U5A5QJI6Q, STM32U5A5RJT6, STM32U5A5RJT6Q, STM32U5A5VJT6, STM32U5A5VJT6Q, STM32U5A5ZJT6, STM32U5A5ZJT6Q, STM32U5A5ZJY6QTR, STM32U5A9BJY6QTR, STM32U5A9J-DK, STM32U5A9NJH6Q, STM32U5A9VJT6Q, STM32U5A9ZJT6Q, STM32U5A9ZJY6QTR, STM32U5F7VIT6, STM32U5F7VIT6Q, STM32U5F7VJT6, STM32U5F7VJT6Q, STM32U5F9BJY6QTR, STM32U5F9NJH6Q, STM32U5F9VIT6Q, STM32U5F9VJT6Q, STM32U5F9ZIJ6QTR, STM32U5F9ZIT6Q, STM32U5F9ZJJ6QTR, STM32U5F9ZJT6Q, STM32U5G7VJT6, STM32U5G7VJT6Q, STM32U5G9BJY6QTR, STM32U5G9J-DK1, STM32U5G9J-DK2, STM32U5G9NJH6Q, STM32U5G9VJT6Q, STM32U5G9ZJJ6QTR, STM32U5G9ZJT6Q, STM32WB05KZV6TR, STM32WB05KZV7TR, STM32WB05TZF6TR, STM32WB05TZF7TR, STM32WB06CCF6TR, STM32WB06CCF7TR, STM32WB06CCV6TR, STM32WB06CCV7TR, STM32WB06KCV6TR, STM32WB06KCV7TR, STM32WB07CCF6TR, STM32WB07CCF7TR, STM32WB07CCV6TR, STM32WB07CCV7TR, STM32WB07KCV6TR, STM32WB07KCV7TR, STM32WB09KEV6TR, STM32WB09KEV7TR, STM32WB09TEF6TR, STM32WB09TEF7TR, STM32WB1MMCH6, STM32WBA50KGU6, STM32WBA50KGU6TR, STM32WBA52CEU6, STM32WBA52CEU6TR, STM32WBA52CEU7, STM32WBA52CEU7TR, STM32WBA52CGU6, STM32WBA52CGU6TR, STM32WBA52CGU6U, STM32WBA52CGU7, STM32WBA52CGU7TR, STM32WBA52KEU6, STM32WBA52KEU6TR, STM32WBA52KGU6, STM32WBA52KGU6TR, STM32WBA54CEU6, STM32WBA54CEU6TR, STM32WBA54CEU7, STM32WBA54CEU7TR, STM32WBA54CGU6, STM32WBA54CGU6TR, STM32WBA54CGU7, STM32WBA54CGU7TR, STM32WBA54KEU6, STM32WBA54KEU6TR, STM32WBA54KEU7, STM32WBA54KEU7TR, STM32WBA54KGU6, STM32WBA54KGU6TR, STM32WBA54KGU7, STM32WBA54KGU7TR, STM32WBA55CEU6, STM32WBA55CEU6TR, STM32WBA55CEU7, STM32WBA55CEU7TR, STM32WBA55CGU6, STM32WBA55CGU6TR, STM32WBA55CGU6U, STM32WBA55CGU7, STM32WBA55CGU7TR, STM32WBA55G-DK1, STM32WBA55HEF6, STM32WBA55HEF7, STM32WBA55HGF6, STM32WBA55HGF7, STM32WBA55UEI6, STM32WBA55UEI6TR, STM32WBA55UEI7, STM32WBA55UEI7TR, STM32WBA55UGI6, STM32WBA55UGI6TR, STM32WBA55UGI7, STM32WBA55UGI7TR, STM32WBA5MMGH6TR, STM32WBA62MGF6, STM32WBA62MIF6, STM32WBA65MGF7, STM32WBA65MIF6, STM32WBA65MIF7, STM32WL30K8V6, STM32WL30KBV6, STM32WL31C8V6, STM32WL31CBV6, STM32WL31K8V6, STM32WL31KBV6, STM32WL33C8V6, STM32WL33C8V6X, STM32WL33CBV6, STM32WL33CBV6X, STM32WL33CCV6, STM32WL33CCV6A, STM32WL33CCV6X, STM32WL33K8V7, STM32WL33K8V7X, STM32WL33KBV7 , STM32WL33KBV7X, STM32WL33KCV7, STM32WL33KCV7X, STM32WL5MOCH6, STM32WL5MOCH6TR]
2026-03-14 13:53:05,741 [INFO] DbMcus:218 - Found 4876 MCUs, 4876 are supported
2026-03-14 13:53:05,744 [INFO] ApiDb:423 - Load user favorites file /Users/karthikkurapati/.stm32cubeide/favorites.mcus.txt: 0 item(s)
2026-03-14 13:53:05,746 [INFO] ApiDb:427 - User favorites MCUs=[]
2026-03-14 13:53:05,746 [INFO] DbMcus:224 - Set 0 / 0 favorites MCUs
2026-03-14 13:53:06,943 [INFO] BoardInfo:889 - No configuration file found for board P-NUCLEO-WB55
2026-03-14 13:53:06,945 [INFO] DbBoards:161 - Kit is not supported: P-NUCLEO-WB55
2026-03-14 13:53:06,956 [INFO] BoardInfo:889 - No configuration file found for board STEVAL-BFA001V1B
2026-03-14 13:53:06,956 [INFO] DbBoards:161 - Kit is not supported: STEVAL-BFA001V1B
2026-03-14 13:53:06,958 [INFO] BoardInfo:889 - No configuration file found for board STEVAL-BFA001V2B
2026-03-14 13:53:06,959 [INFO] DbBoards:161 - Kit is not supported: STEVAL-BFA001V2B
2026-03-14 13:53:07,268 [INFO] DbBoards:168 - Found 212 boards, 209 are supported
2026-03-14 13:53:07,362 [INFO] DbBoards:169 - Found 212 boards, 43 of them is supported for  Bsp
2026-03-14 13:53:07,414 [INFO] ApiDb:423 - Load user favorites file /Users/karthikkurapati/.stm32cubeide/favorites.boards.txt: 0 item(s)
2026-03-14 13:53:07,423 [INFO] ApiDb:427 - User favorites Boards=[]
2026-03-14 13:53:07,431 [INFO] DbBoards:198 - Set 0 / 0 favorites Boards
2026-03-14 13:53:07,799 [INFO] UtilMem:75 - End LoadConfig() Used Memory: 227051944 Bytes (377487360)
2026-03-14 13:53:08,154 [WARN] ThirdParty:833 - waiting for thirdparty lock release [change project]
2026-03-14 13:53:08,181 [INFO] ThirdParty:835 - entering critical section [change project]
2026-03-14 13:53:08,190 [INFO] ThirdParty:1030 - CMSIS Pack Vendor :STMicroelectronics X-CUBE-AZRTOS-H7 3.5.0
2026-03-14 13:53:08,193 [INFO] ThirdParty:1030 - CMSIS Pack Vendor :STMicroelectronics X-CUBE-PM33A1 1.0.0
2026-03-14 13:53:08,193 [INFO] ThirdParty:1030 - CMSIS Pack Vendor :STMicroelectronics USBPD 4.1
2026-03-14 13:53:08,193 [INFO] ThirdParty:1030 - CMSIS Pack Vendor :STMicroelectronics USB_HOST 2.0.0
2026-03-14 13:53:08,193 [INFO] ThirdParty:1030 - CMSIS Pack Vendor :STMicroelectronics FP-SNS-MOTENVWB1 1.4.0
2026-03-14 13:53:08,194 [INFO] ThirdParty:1030 - CMSIS Pack Vendor :STMicroelectronics X-CUBE-AZRTOS-F4 1.1.0
2026-03-14 13:53:08,194 [INFO] ThirdParty:1030 - CMSIS Pack Vendor :STMicroelectronics LIBJPEG 8.0.0
2026-03-14 13:53:08,194 [INFO] ThirdParty:1030 - CMSIS Pack Vendor :STMicroelectronics FP-ATR-ASTRA1 2.0.2
2026-03-14 13:53:08,194 [INFO] ThirdParty:1030 - CMSIS Pack Vendor :Avnet-IotConnect X-CUBE-IoTC-DA16k-PMOD 1.0.0
2026-03-14 13:53:08,194 [INFO] ThirdParty:1030 - CMSIS Pack Vendor :STMicroelectronics X-CUBE-SMBUS 2.1.0
2026-03-14 13:53:08,194 [INFO] ThirdParty:1030 - CMSIS Pack Vendor :STMicroelectronics X-CUBE-ISPU 2.1.0
2026-03-14 13:53:08,194 [INFO] ThirdParty:1030 - CMSIS Pack Vendor :STMicroelectronics X-CUBE-IPS 3.2.0
2026-03-14 13:53:08,194 [INFO] ThirdParty:1030 - CMSIS Pack Vendor :STMicroelectronics X-CUBE-ST60 1.0.0
2026-03-14 13:53:08,194 [INFO] ThirdParty:1030 - CMSIS Pack Vendor :STMicroelectronics X-CUBE-NFC12 1.0.0
2026-03-14 13:53:08,194 [INFO] ThirdParty:1030 - CMSIS Pack Vendor :STMicroelectronics X-CUBE-AZRTOS-F7 1.1.0
2026-03-14 13:53:08,194 [INFO] ThirdParty:1030 - CMSIS Pack Vendor :STMicroelectronics X-CUBE-AZRTOS-L5 2.0.0
2026-03-14 13:53:08,194 [INFO] ThirdParty:1030 - CMSIS Pack Vendor :STMicroelectronics USB_DEVICE 2.0.0
2026-03-14 13:53:08,195 [INFO] ThirdParty:1030 - CMSIS Pack Vendor :STMicroelectronics X-CUBE-NFC6 3.1.0
2026-03-14 13:53:08,195 [INFO] ThirdParty:1030 - CMSIS Pack Vendor :STMicroelectronics FP-SNS-MOTENV1 5.1.0
2026-03-14 13:53:08,195 [INFO] ThirdParty:1030 - CMSIS Pack Vendor :STMicroelectronics FreeRTOS 0.0.1
2026-03-14 13:53:08,195 [INFO] ThirdParty:1030 - CMSIS Pack Vendor :WES I-CUBE-Cesium 1.4.0
2026-03-14 13:53:08,195 [INFO] ThirdParty:1030 - CMSIS Pack Vendor :Infineon AIROC-Wi-Fi-Bluetooth-STM32 1.7.1
2026-03-14 13:53:08,195 [INFO] ThirdParty:1030 - CMSIS Pack Vendor :STMicroelectronics PDM2PCM 3.3.0
2026-03-14 13:53:08,195 [INFO] ThirdParty:1030 - CMSIS Pack Vendor :STMicroelectronics X-CUBE-AZRTOS-H7 3.4.0
2026-03-14 13:53:08,195 [INFO] ThirdParty:1030 - CMSIS Pack Vendor :STMicroelectronics X-CUBE-DISPLAY 3.0.0
2026-03-14 13:53:08,195 [INFO] ThirdParty:1030 - CMSIS Pack Vendor :STMicroelectronics FP-SNS-MOTENVWB1 1.5.0
2026-03-14 13:53:08,195 [INFO] ThirdParty:1030 - CMSIS Pack Vendor :STMicroelectronics X-CUBE-NFC10 1.0.0
2026-03-14 13:53:08,195 [INFO] ThirdParty:1030 - CMSIS Pack Vendor :STMicroelectronics X-CUBE-FREERTOS 1.3.1
2026-03-14 13:53:08,195 [INFO] ThirdParty:1030 - CMSIS Pack Vendor :STMicroelectronics HAL Drivers 0.0.0
2026-03-14 13:53:08,195 [INFO] ThirdParty:1030 - CMSIS Pack Vendor :STMicroelectronics X-CUBE-ST60 1.1.0
2026-03-14 13:53:08,195 [INFO] ThirdParty:1030 - CMSIS Pack Vendor :emotas I-CUBE-CANOPEN 1.3.0
2026-03-14 13:53:08,195 [INFO] ThirdParty:1030 - CMSIS Pack Vendor :STMicroelectronics MBEDTLS 2.14.1
2026-03-14 13:53:08,195 [INFO] ThirdParty:1030 - CMSIS Pack Vendor :STMicroelectronics X-CUBE-GNSS1 7.1.0
2026-03-14 13:53:08,196 [INFO] ThirdParty:1030 - CMSIS Pack Vendor :STMicroelectronics X-CUBE-TOUCHGFX 4.26.0
2026-03-14 13:53:08,196 [INFO] ThirdParty:1030 - CMSIS Pack Vendor :STMicroelectronics X-CUBE-TOUCHGFX 4.26.1
2026-03-14 13:53:08,196 [INFO] ThirdParty:1030 - CMSIS Pack Vendor :STMicroelectronics FP-SNS-STBOX1 2.1.0
2026-03-14 13:53:08,196 [INFO] ThirdParty:1030 - CMSIS Pack Vendor :STMicroelectronics FP-SNS-STAIOTCFT 1.0.0
2026-03-14 13:53:08,196 [INFO] ThirdParty:1030 - CMSIS Pack Vendor :STMicroelectronics FP-SNS-SMARTAG2 1.2.0
2026-03-14 13:53:08,196 [INFO] ThirdParty:1030 - CMSIS Pack Vendor :STMicroelectronics FP-SNS-FLIGHT1 5.1.0
2026-03-14 13:53:08,196 [INFO] ThirdParty:1030 - CMSIS Pack Vendor :STMicroelectronics X-CUBE-AZRTOS-WL 2.0.0
2026-03-14 13:53:08,196 [INFO] ThirdParty:1030 - CMSIS Pack Vendor :STMicroelectronics X-CUBE-DPower 1.3.0
2026-03-14 13:53:08,196 [INFO] ThirdParty:1030 - CMSIS Pack Vendor :STMicroelectronics FP-SNS-MOTENV1 5.0.0
2026-03-14 13:53:08,196 [INFO] ThirdParty:1030 - CMSIS Pack Vendor :STMicroelectronics USB_DEVICE 1.0.0
2026-03-14 13:53:08,196 [INFO] ThirdParty:1030 - CMSIS Pack Vendor :STMicroelectronics X-CUBE-AZRTOS-H7RS 1.2.0
2026-03-14 13:53:08,196 [INFO] ThirdParty:1030 - CMSIS Pack Vendor :STMicroelectronics X-CUBE-AZRTOS-L4 2.0.0
2026-03-14 13:53:08,196 [INFO] ThirdParty:1030 - CMSIS Pack Vendor :STMicroelectronics ThreadX 0.0.2
2026-03-14 13:53:08,196 [INFO] ThirdParty:1030 - CMSIS Pack Vendor :STMicroelectronics lwIP 2.1.2
2026-03-14 13:53:08,196 [INFO] ThirdParty:1030 - CMSIS Pack Vendor :STMicroelectronics X-CUBE-SFXS2LP1 4.0.0
2026-03-14 13:53:08,196 [INFO] ThirdParty:1030 - CMSIS Pack Vendor :STMicroelectronics X-CUBE-BLE2 3.3.0
2026-03-14 13:53:08,196 [INFO] ThirdParty:1030 - CMSIS Pack Vendor :Avnet-IOTCONNECT X-CUBE-iotc-st67-sdk 1.0.0
2026-03-14 13:53:08,196 [INFO] ThirdParty:1030 - CMSIS Pack Vendor :STMicroelectronics PDM2PCM 3.2.0
2026-03-14 13:53:08,196 [INFO] ThirdParty:1030 - CMSIS Pack Vendor :STMicroelectronics X-CUBE-ST67W61 1.2.0
2026-03-14 13:53:08,196 [INFO] ThirdParty:1030 - CMSIS Pack Vendor :STMicroelectronics X-CUBE-NFC9 1.0.0
2026-03-14 13:53:08,196 [INFO] ThirdParty:1030 - CMSIS Pack Vendor :wolfSSL I-CUBE-wolfSSL 5.8.2
2026-03-14 13:53:08,197 [INFO] ThirdParty:1030 - CMSIS Pack Vendor :STMicroelectronics X-CUBE-BLE1 7.1.0
2026-03-14 13:53:08,197 [INFO] ThirdParty:1030 - CMSIS Pack Vendor :wolfSSL I-CUBE-wolfMQTT 1.19.2
2026-03-14 13:53:08,197 [INFO] ThirdParty:1030 - CMSIS Pack Vendor :STMicroelectronics USB_DEVICE 3.0.0
2026-03-14 13:53:08,197 [INFO] ThirdParty:1030 - CMSIS Pack Vendor :STMicroelectronics X-CUBE-FREERTOS 1.4.0
2026-03-14 13:53:08,197 [INFO] ThirdParty:1030 - CMSIS Pack Vendor :STMicroelectronics X-CUBE-EEPRMA1 5.2.0
2026-03-14 13:53:08,197 [INFO] ThirdParty:1030 - CMSIS Pack Vendor :STMicroelectronics X-CUBE-BLEMGR 4.1.0
2026-03-14 13:53:08,197 [INFO] ThirdParty:1030 - CMSIS Pack Vendor :STMicroelectronics X-CUBE-AZRTOS-WB 2.0.0
2026-03-14 13:53:08,197 [INFO] ThirdParty:1030 - CMSIS Pack Vendor :STMicroelectronics X-CUBE-GNSS1 7.0.1
2026-03-14 13:53:08,197 [INFO] ThirdParty:1030 - CMSIS Pack Vendor :STMicroelectronics X-CUBE-TOUCHGFX 4.25.0
2026-03-14 13:53:08,197 [INFO] ThirdParty:1030 - CMSIS Pack Vendor :STMicroelectronics X-CUBE-ST67W61 1.1.0
2026-03-14 13:53:08,197 [INFO] ThirdParty:1030 - CMSIS Pack Vendor :quantropi X-CUBE-qispace-sdk-base 2.1.0
2026-03-14 13:53:08,197 [INFO] ThirdParty:1030 - CMSIS Pack Vendor :STMicroelectronics X-CUBE-MEMS1 12.0.0
2026-03-14 13:53:08,197 [INFO] ThirdParty:1030 - CMSIS Pack Vendor :STMicroelectronics X-CUBE-STSE01 2.0.0
2026-03-14 13:53:08,197 [INFO] ThirdParty:1030 - CMSIS Pack Vendor :STMicroelectronics X-CUBE-AZRTOS-G0 1.1.0
2026-03-14 13:53:08,197 [INFO] ThirdParty:1030 - CMSIS Pack Vendor :STMicroelectronics X-CUBE-SAFEA1 1.2.2
2026-03-14 13:53:08,197 [INFO] ThirdParty:1030 - CMSIS Pack Vendor :STMicroelectronics X-CUBE-NFC4 3.0.0
2026-03-14 13:53:08,197 [INFO] ThirdParty:1030 - CMSIS Pack Vendor :STMicroelectronics X-CUBE-SUBG2 5.0.0
2026-03-14 13:53:08,197 [INFO] ThirdParty:1030 - CMSIS Pack Vendor :STMicroelectronics X-CUBE-AZRTOS-H7RS 1.1.0
2026-03-14 13:53:08,197 [INFO] ThirdParty:1030 - CMSIS Pack Vendor :STMicroelectronics STM32_WPAN 1.0.0
2026-03-14 13:53:08,197 [INFO] ThirdParty:1030 - CMSIS Pack Vendor :EmbeddedOffice I-CUBE-FS-RTOS 1.0.1
2026-03-14 13:53:08,197 [INFO] ThirdParty:1030 - CMSIS Pack Vendor :STMicroelectronics lwIP 2.0.3
2026-03-14 13:53:08,197 [INFO] ThirdParty:1030 - CMSIS Pack Vendor :Cesanta I-CUBE-Mongoose 7.13.0
2026-03-14 13:53:08,197 [INFO] ThirdParty:1030 - CMSIS Pack Vendor :STMicroelectronics USB_HOST 1.0.0
2026-03-14 13:53:08,198 [INFO] ThirdParty:1030 - CMSIS Pack Vendor :STMicroelectronics X-CUBE-AZRTOS-G4 2.0.0
2026-03-14 13:53:08,198 [INFO] ThirdParty:1030 - CMSIS Pack Vendor :STMicroelectronics X-CUBE-WB05N 2.0.0
2026-03-14 13:53:08,198 [INFO] ThirdParty:1030 - CMSIS Pack Vendor :STMicroelectronics PDM2PCM 3.1.0
2026-03-14 13:53:08,198 [INFO] ThirdParty:1030 - CMSIS Pack Vendor :wolfSSL I-CUBE-wolfTPM 3.8.0
2026-03-14 13:53:08,198 [INFO] ThirdParty:1030 - CMSIS Pack Vendor :wolfSSL I-CUBE-wolfSSH 1.4.20
2026-03-14 13:53:08,198 [INFO] ThirdParty:1030 - CMSIS Pack Vendor :STMicroelectronics X-CUBE-NFC7 2.0.0
2026-03-14 13:53:08,198 [INFO] ThirdParty:1030 - CMSIS Pack Vendor :STMicroelectronics X-CUBE-TCPP 4.2.0
2026-03-14 13:53:08,198 [INFO] ThirdParty:1030 - CMSIS Pack Vendor :RealThread X-CUBE-RT-Thread_Nano 4.1.1
2026-03-14 13:53:08,198 [INFO] ThirdParty:1030 - CMSIS Pack Vendor :STMicroelectronics FP-ATR-SIGFOX1 3.2.0
2026-03-14 13:53:08,198 [INFO] ThirdParty:1030 - CMSIS Pack Vendor :STMicroelectronics X-CUBE-FREERTOS 1.5.0
2026-03-14 13:53:08,198 [INFO] ThirdParty:1030 - CMSIS Pack Vendor :STMicroelectronics MBEDTLS 2.16.2
2026-03-14 13:53:08,198 [INFO] ThirdParty:1030 - CMSIS Pack Vendor :STMicroelectronics X-CUBE-IPS 3.1.0
2026-03-14 13:53:08,198 [INFO] ThirdParty:1030 - CMSIS Pack Vendor :STMicroelectronics X-CUBE-ALS 1.0.2
2026-03-14 13:53:08,198 [INFO] ThirdParty:1030 - CMSIS Pack Vendor :ITTIA_DB I-CUBE-ITTIADB 8.9.0
2026-03-14 13:53:08,198 [INFO] ThirdParty:1030 - CMSIS Pack Vendor :STMicroelectronics X-CUBE-STSE01 1.0.0
2026-03-14 13:53:08,198 [INFO] ThirdParty:1030 - CMSIS Pack Vendor :STMicroelectronics X-CUBE-NFC6 3.2.0
2026-03-14 13:53:08,198 [INFO] ThirdParty:1030 - CMSIS Pack Vendor :STMicroelectronics X-CUBE-ST67W61 1.0.0
2026-03-14 13:53:08,198 [INFO] ThirdParty:1030 - CMSIS Pack Vendor :STMicroelectronics X-CUBE-AI 10.2.0
2026-03-14 13:53:08,199 [INFO] ThirdParty:1030 - CMSIS Pack Vendor :STMicroelectronics ThreadX 1.0.0
2026-03-14 13:53:08,199 [INFO] ThirdParty:1030 - CMSIS Pack Vendor :SEGGER I-CUBE-embOS 1.3.1
2026-03-14 13:53:08,199 [INFO] ThirdParty:1030 - CMSIS Pack Vendor :STMicroelectronics X-CUBE-ALGOBUILD 1.4.0
2026-03-14 13:53:08,199 [INFO] ThirdParty:1030 - CMSIS Pack Vendor :STMicroelectronics X-CUBE-MEMS1 11.3.0
2026-03-14 13:53:08,199 [INFO] ThirdParty:1030 - CMSIS Pack Vendor :STMicroelectronics X-CUBE-TOF1 3.4.3
2026-03-14 13:53:08,210 [INFO] ThirdParty:841 - exiting critical section [change project]
2026-03-14 13:53:09,753 [INFO] PinOutPanel:1589 - setPackage(No Configuration,No Configuration)
2026-03-14 13:53:09,786 [INFO] PinOutPanel:1589 - setPackage(STM32L431CBTx,LQFP48)
2026-03-14 13:53:11,624 [INFO] UtilMem:75 - Before build in PCC Used Memory: 221460352 Bytes (377487360)
2026-03-14 13:53:17,996 [INFO] UtilMem:75 - After build in PCC Used Memory: 382856928 Bytes (414187520)
2026-03-14 13:53:19,780 [INFO] IPUIPlugin:80 - create IPUIPlugin
2026-03-14 13:53:19,855 [INFO] IPUIPlugin:80 - create IPUIPlugin
2026-03-14 13:53:19,867 [INFO] IPUIPlugin:80 - create IPUIPlugin
2026-03-14 13:53:19,870 [INFO] IPUIPlugin:80 - create IPUIPlugin
2026-03-14 13:53:19,871 [INFO] IPUIPlugin:80 - create IPUIPlugin
2026-03-14 13:53:19,872 [INFO] IPUIPlugin:80 - create IPUIPlugin
2026-03-14 13:53:19,873 [INFO] IPUIPlugin:80 - create IPUIPlugin
2026-03-14 13:53:19,873 [INFO] IPUIPlugin:80 - create IPUIPlugin
2026-03-14 13:53:19,873 [INFO] IPUIPlugin:80 - create IPUIPlugin
2026-03-14 13:53:19,874 [INFO] IPUIPlugin:80 - create IPUIPlugin
2026-03-14 13:53:19,874 [INFO] IPUIPlugin:80 - create IPUIPlugin
2026-03-14 13:53:19,874 [INFO] IPUIPlugin:80 - create IPUIPlugin
2026-03-14 13:53:19,874 [INFO] IPUIPlugin:80 - create IPUIPlugin
2026-03-14 13:53:19,874 [INFO] IPUIPlugin:80 - create IPUIPlugin
2026-03-14 13:53:19,874 [INFO] IPUIPlugin:80 - create IPUIPlugin
2026-03-14 13:53:19,876 [INFO] IPUIPlugin:80 - create IPUIPlugin
2026-03-14 13:53:19,881 [INFO] IPUIPlugin:80 - create IPUIPlugin
2026-03-14 13:53:19,882 [INFO] IPUIPlugin:80 - create IPUIPlugin
2026-03-14 13:53:19,882 [INFO] IPUIPlugin:80 - create IPUIPlugin
2026-03-14 13:53:19,882 [INFO] IPUIPlugin:80 - create IPUIPlugin
2026-03-14 13:53:19,882 [INFO] IPUIPlugin:80 - create IPUIPlugin
2026-03-14 13:53:19,883 [INFO] IPUIPlugin:80 - create IPUIPlugin
2026-03-14 13:53:19,883 [INFO] IPUIPlugin:80 - create IPUIPlugin
2026-03-14 13:53:19,883 [INFO] IPUIPlugin:80 - create IPUIPlugin
2026-03-14 13:53:19,884 [INFO] IPUIPlugin:80 - create IPUIPlugin
2026-03-14 13:53:19,884 [INFO] IPUIPlugin:80 - create IPUIPlugin
2026-03-14 13:53:19,884 [INFO] IPUIPlugin:80 - create IPUIPlugin
2026-03-14 13:53:19,884 [INFO] IPUIPlugin:80 - create IPUIPlugin
2026-03-14 13:53:19,884 [INFO] IPUIPlugin:80 - create IPUIPlugin
2026-03-14 13:53:19,885 [INFO] IPUIPlugin:80 - create IPUIPlugin
2026-03-14 13:53:19,885 [INFO] IPUIPlugin:80 - create IPUIPlugin
2026-03-14 13:53:19,885 [INFO] IPUIPlugin:80 - create IPUIPlugin
2026-03-14 13:53:19,885 [INFO] IPUIPlugin:80 - create IPUIPlugin
2026-03-14 13:53:19,885 [INFO] IPUIPlugin:80 - create IPUIPlugin
2026-03-14 13:53:19,885 [INFO] IPUIPlugin:80 - create IPUIPlugin
2026-03-14 13:53:19,885 [INFO] IPUIPlugin:80 - create IPUIPlugin
2026-03-14 13:53:19,886 [INFO] IPUIPlugin:80 - create IPUIPlugin
2026-03-14 13:53:19,887 [INFO] IPUIPlugin:80 - create IPUIPlugin
2026-03-14 13:53:19,887 [INFO] IPUIPlugin:80 - create IPUIPlugin
2026-03-14 13:53:19,887 [INFO] IPUIPlugin:80 - create IPUIPlugin
2026-03-14 13:53:19,887 [INFO] IPUIPlugin:80 - create IPUIPlugin
2026-03-14 13:53:19,888 [INFO] IPUIPlugin:80 - create IPUIPlugin
2026-03-14 13:53:20,081 [INFO] Can:71 - Can Add PropertyChangeListener com.st.microxplorer.plugins.ip.can.Can@1d9384bb
2026-03-14 13:53:21,348 [INFO] CADModel:165 - CPN selected for project levelSTM32L431CBT3
2026-03-14 13:53:21,350 [INFO] CADModel:114 - Register for checkConnection events
2026-03-14 13:53:21,418 [INFO] OpenFileManager:386 - Restore cursor
2026-03-14 13:54:01,172 [ERROR] LogOutputStream:75 - [STDERR_REDIRECT] 
2026-03-14 14:52:37,322 [INFO] Activator:176 - 


2026-03-14 14:52:37,324 [INFO] Activator:177 - !SESSION log4j initialized
2026-03-14 14:52:42,874 [INFO] LogOutputStream:77 - [STDOUT_REDIRECT] 
2026-03-14 14:52:43,259 [ERROR] LogOutputStream:75 - [STDERR_REDIRECT] 
2026-03-14 14:52:46,092 [INFO] LogOutputStream:77 - [STDOUT_REDIRECT] 
2026-03-14 14:52:47,255 [INFO] ApplicationProperties:184 - Using Application install path: /Applications/STM32CubeIDE.app/Contents/Eclipse/plugins/com.st.stm32cube.common.mx_6.15.0.202507011659
2026-03-14 14:52:47,274 [INFO] DbMcusXml:78 - Set database path to: /Applications/STM32CubeIDE.app/Contents/Eclipse/plugins/com.st.stm32cube.common.mx_6.15.0.202507011659//db//mcu/
2026-03-14 14:52:47,274 [INFO] ApiDb:274 - Set plugin database path to: /Applications/STM32CubeIDE.app/Contents/Eclipse/plugins/com.st.stm32cube.common.mx_6.15.0.202507011659//db//plugins/boardmanager/
2026-03-14 14:52:47,275 [WARN] ApiDb:259 - Overriding images path with different value:  => /Applications/STM32CubeIDE.app/Contents/Eclipse/plugins/com.st.stm32cube.common.mx_6.15.0.202507011659//db//plugins/mcufinder/images/
2026-03-14 14:52:47,280 [INFO] ApiDb:250 - Set database path to: /Users/karthikkurapati/.stmcufinder/plugins/mcufinder//mcu/
2026-03-14 14:52:47,282 [INFO] DbMcusAds:125 - Set database path to: /Users/karthikkurapati/.stmcufinder/plugins/mcufinder//mcu/
2026-03-14 14:52:47,284 [INFO] CrossReferenceDbSqlite:203 - Set database path to: /Users/karthikkurapati/.stmcufinder/plugins/mcufinder//mcu/cs/
2026-03-14 14:52:47,545 [INFO] RulesReader:64 - Compatibility file has been processed (317 Rules)
2026-03-14 14:52:47,634 [INFO] DbMcusXml:78 - Set database path to: /Applications/STM32CubeIDE.app/Contents/Eclipse/plugins/com.st.stm32cube.common.mx_6.15.0.202507011659//db//mcu/
2026-03-14 14:52:47,634 [INFO] ApiDb:274 - Set plugin database path to: /Applications/STM32CubeIDE.app/Contents/Eclipse/plugins/com.st.stm32cube.common.mx_6.15.0.202507011659//db//plugins/boardmanager/
2026-03-14 14:52:47,634 [INFO] ApiDb:261 - Set plugin images path to: /Applications/STM32CubeIDE.app/Contents/Eclipse/plugins/com.st.stm32cube.common.mx_6.15.0.202507011659//db//plugins/mcufinder/images/
2026-03-14 14:52:47,634 [WARN] DbFile:41 - Overriding database path with different value: /Users/karthikkurapati/.stmcufinder/plugins/mcufinder/ => /Users/karthikkurapati/.stmcufinder/plugins/mcufinder
2026-03-14 14:52:47,635 [INFO] ApiDb:250 - Set database path to: /Users/karthikkurapati/.stmcufinder/plugins/mcufinder//mcu/
2026-03-14 14:52:47,635 [WARN] DbFile:41 - Overriding database path with different value: /Users/karthikkurapati/.stmcufinder/plugins/mcufinder/ => /Users/karthikkurapati/.stmcufinder/plugins/mcufinder
2026-03-14 14:52:47,635 [INFO] DbMcusAds:125 - Set database path to: /Users/karthikkurapati/.stmcufinder/plugins/mcufinder//mcu/
2026-03-14 14:52:47,635 [WARN] DbFile:41 - Overriding database path with different value: /Users/karthikkurapati/.stmcufinder/plugins/mcufinder/ => /Users/karthikkurapati/.stmcufinder/plugins/mcufinder
2026-03-14 14:52:47,635 [WARN] DbFile:41 - Overriding database path with different value: /Users/karthikkurapati/.stmcufinder/plugins/mcufinder/ => /Users/karthikkurapati/.stmcufinder/plugins/mcufinder
2026-03-14 14:52:47,635 [INFO] CrossReferenceDbSqlite:203 - Set database path to: /Users/karthikkurapati/.stmcufinder/plugins/mcufinder//mcu/cs/
2026-03-14 14:52:47,747 [INFO] MainPanel:274 - HeapMemory: 293601280
2026-03-14 14:52:48,510 [INFO] DbMcusXml:78 - Set database path to: /Applications/STM32CubeIDE.app/Contents/Eclipse/plugins/com.st.stm32cube.common.mx_6.15.0.202507011659//db//mcu/
2026-03-14 14:52:48,511 [INFO] ApiDb:274 - Set plugin database path to: /Applications/STM32CubeIDE.app/Contents/Eclipse/plugins/com.st.stm32cube.common.mx_6.15.0.202507011659//db//plugins/boardmanager/
2026-03-14 14:52:48,511 [INFO] ApiDb:261 - Set plugin images path to: /Applications/STM32CubeIDE.app/Contents/Eclipse/plugins/com.st.stm32cube.common.mx_6.15.0.202507011659//db//plugins/mcufinder/images/
2026-03-14 14:52:48,512 [WARN] DbFile:41 - Overriding database path with different value: /Users/karthikkurapati/.stmcufinder/plugins/mcufinder/ => /Users/karthikkurapati/.stmcufinder/plugins/mcufinder
2026-03-14 14:52:48,512 [INFO] ApiDb:250 - Set database path to: /Users/karthikkurapati/.stmcufinder/plugins/mcufinder//mcu/
2026-03-14 14:52:48,512 [WARN] DbFile:41 - Overriding database path with different value: /Users/karthikkurapati/.stmcufinder/plugins/mcufinder/ => /Users/karthikkurapati/.stmcufinder/plugins/mcufinder
2026-03-14 14:52:48,512 [INFO] DbMcusAds:125 - Set database path to: /Users/karthikkurapati/.stmcufinder/plugins/mcufinder//mcu/
2026-03-14 14:52:48,512 [WARN] DbFile:41 - Overriding database path with different value: /Users/karthikkurapati/.stmcufinder/plugins/mcufinder/ => /Users/karthikkurapati/.stmcufinder/plugins/mcufinder
2026-03-14 14:52:48,512 [WARN] DbFile:41 - Overriding database path with different value: /Users/karthikkurapati/.stmcufinder/plugins/mcufinder/ => /Users/karthikkurapati/.stmcufinder/plugins/mcufinder
2026-03-14 14:52:48,513 [INFO] CrossReferenceDbSqlite:203 - Set database path to: /Users/karthikkurapati/.stmcufinder/plugins/mcufinder//mcu/cs/
2026-03-14 14:52:48,564 [INFO] ApplicationProperties:184 - Using Application install path: /Applications/STM32CubeIDE.app/Contents/Eclipse/plugins/com.st.stm32cube.common.mx_6.15.0.202507011659
2026-03-14 14:52:48,566 [INFO] PluginManage:196 - Search for loadable plugins [exclusion list=, ]
2026-03-14 14:52:48,569 [INFO] PluginManage:310 - Check plugin analytics
2026-03-14 14:52:48,923 [INFO] AnalyticsPlugin:253 - Accepted Software Licenses: 
2026-03-14 14:52:48,924 [INFO] AnalyticsPlugin:255 - Accepted CMSIS Pack Licenses: 
2026-03-14 14:52:48,924 [INFO] AnalyticsPlugin:257 - Accepted Firmware Licenses: FW.L4.1.18.0
2026-03-14 14:52:48,939 [INFO] PluginManage:359 - Loaded plugin analytics (category:tool,tabindex:-1)
2026-03-14 14:52:48,942 [INFO] PluginManage:310 - Check plugin cadmodel
2026-03-14 14:52:48,976 [INFO] CADModel:105 - Init CAD model plugin
2026-03-14 14:52:48,977 [INFO] PluginManage:359 - Loaded plugin cadmodel (category:power,tabindex:5)
2026-03-14 14:52:48,977 [INFO] PluginManage:310 - Check plugin clock
2026-03-14 14:52:48,995 [INFO] PluginManage:359 - Loaded plugin clock (category:base,tabindex:2)
2026-03-14 14:52:48,995 [INFO] PluginManage:310 - Check plugin ddr
2026-03-14 14:52:49,001 [INFO] PluginManage:359 - Loaded plugin ddr (category:tool,tabindex:6)
2026-03-14 14:52:49,002 [INFO] PluginManage:310 - Check plugin filemanager
2026-03-14 14:52:49,311 [INFO] PluginManage:359 - Loaded plugin filemanager (category:base,tabindex:10)
2026-03-14 14:52:49,311 [INFO] PluginManage:310 - Check plugin ipmanager
2026-03-14 14:52:49,322 [INFO] PluginManage:359 - Loaded plugin ipmanager (category:base,tabindex:5)
2026-03-14 14:52:49,322 [INFO] PluginManage:310 - Check plugin lpbam
2026-03-14 14:52:49,330 [INFO] PluginManage:359 - Loaded plugin lpbam (category:base,tabindex:0)
2026-03-14 14:52:49,331 [INFO] PluginManage:310 - Check plugin memorymap
2026-03-14 14:52:49,344 [INFO] PluginManage:359 - Loaded plugin memorymap (category:base,tabindex:4)
2026-03-14 14:52:49,344 [INFO] PluginManage:310 - Check plugin pinoutandconfiguration
2026-03-14 14:52:49,352 [INFO] PluginManage:359 - Loaded plugin pinoutandconfiguration (category:base,tabindex:1)
2026-03-14 14:52:49,352 [INFO] PluginManage:310 - Check plugin pinoutconfig
2026-03-14 14:52:49,468 [WARN] SupportedApi:132 - Cannot load RTOS API schema: s4s-elt-must-match.1: The content of 'definitions' must match (annotation?, (simpleType | complexType)?, (unique | key | keyref)*)). A problem was found starting at: attribute.
2026-03-14 14:52:50,533 [INFO] PluginManage:359 - Loaded plugin pinoutconfig (category:base,tabindex:0)
2026-03-14 14:52:50,552 [INFO] PluginManage:310 - Check plugin power
2026-03-14 14:52:50,652 [INFO] PluginManage:359 - Loaded plugin power (category:power,tabindex:4)
2026-03-14 14:52:50,656 [INFO] PluginManage:310 - Check plugin projectmanager
2026-03-14 14:52:50,823 [INFO] PluginManage:359 - Loaded plugin projectmanager (category:projectmanager,tabindex:4)
2026-03-14 14:52:50,824 [INFO] PluginManage:310 - Check plugin rif
2026-03-14 14:52:50,834 [INFO] PluginManage:359 - Loaded plugin rif (category:base,tabindex:3)
2026-03-14 14:52:50,836 [INFO] PluginManage:310 - Check plugin thirdparty
2026-03-14 14:52:51,163 [INFO] PluginManage:359 - Loaded plugin thirdparty (category:base,tabindex:-1)
2026-03-14 14:52:51,163 [INFO] PluginManage:310 - Check plugin tools
2026-03-14 14:52:51,168 [INFO] PluginManage:359 - Loaded plugin tools (category:base,tabindex:7)
2026-03-14 14:52:51,168 [INFO] PluginManage:310 - Check plugin tutovideos
2026-03-14 14:52:51,163 [WARN] IntegrityCheckThread:84 - waiting for thirdparty lock release [integrity check]
2026-03-14 14:52:51,168 [INFO] IntegrityCheckThread:86 - entering critical section [integrity check]
2026-03-14 14:52:51,169 [INFO] ThirdPartyUpdaterWithRetryManager:70 - Updater plugin not ready yet. [1/15]
2026-03-14 14:52:51,411 [INFO] PluginManage:359 - Loaded plugin tutovideos (category:base,tabindex:-1)
2026-03-14 14:52:51,412 [INFO] PluginManage:310 - Check plugin updater
2026-03-14 14:52:51,442 [INFO] PluginManage:359 - Loaded plugin updater (category:base,tabindex:12)
2026-03-14 14:52:51,442 [INFO] PluginManage:310 - Check plugin userauth
2026-03-14 14:52:51,447 [INFO] UserAuth:118 - Init User Auth plugin
2026-03-14 14:52:51,448 [INFO] PluginManage:359 - Loaded plugin userauth (category:base,tabindex:14)
2026-03-14 14:52:51,448 [INFO] PluginManage:283 - PluginManage : Loaded plugins [18]
2026-03-14 14:52:51,767 [INFO] PinOutPanel:1589 - setPackage(No Configuration,No Configuration)
2026-03-14 14:52:51,858 [INFO] CADModel:165 - CPN selected for project level
2026-03-14 14:52:51,858 [INFO] CADModel:114 - Register for checkConnection events
2026-03-14 14:52:51,873 [INFO] IPUIPlugin:80 - create IPUIPlugin
2026-03-14 14:52:51,874 [INFO] PluginManager:220 - loadIPPluginJar : add mdma
2026-03-14 14:52:51,880 [INFO] IPUIPlugin:80 - create IPUIPlugin
2026-03-14 14:52:51,880 [INFO] PluginManager:220 - loadIPPluginJar : add freertos
2026-03-14 14:52:51,885 [INFO] IPUIPlugin:80 - create IPUIPlugin
2026-03-14 14:52:51,885 [INFO] PluginManager:220 - loadIPPluginJar : add gic
2026-03-14 14:52:51,893 [INFO] IPUIPlugin:80 - create IPUIPlugin
2026-03-14 14:52:51,893 [INFO] PluginManager:220 - loadIPPluginJar : add adc
2026-03-14 14:52:51,895 [INFO] IPUIPlugin:80 - create IPUIPlugin
2026-03-14 14:52:51,895 [INFO] PluginManager:220 - loadIPPluginJar : add gtzc
2026-03-14 14:52:51,896 [INFO] IPUIPlugin:80 - create IPUIPlugin
2026-03-14 14:52:51,896 [INFO] PluginManager:220 - loadIPPluginJar : add quadspi
2026-03-14 14:52:51,904 [INFO] IPUIPlugin:80 - create IPUIPlugin
2026-03-14 14:52:51,905 [INFO] PluginManager:220 - loadIPPluginJar : add aes
2026-03-14 14:52:51,916 [INFO] IPUIPlugin:80 - create IPUIPlugin
2026-03-14 14:52:51,916 [INFO] PluginManager:220 - loadIPPluginJar : add pdm2pcm
2026-03-14 14:52:51,919 [INFO] IPUIPlugin:80 - create IPUIPlugin
2026-03-14 14:52:51,919 [INFO] PluginManager:220 - loadIPPluginJar : add hash
2026-03-14 14:52:51,921 [INFO] IPUIPlugin:80 - create IPUIPlugin
2026-03-14 14:52:51,921 [INFO] PluginManager:220 - loadIPPluginJar : add tim
2026-03-14 14:52:51,923 [INFO] IPUIPlugin:80 - create IPUIPlugin
2026-03-14 14:52:51,924 [INFO] PluginManager:220 - loadIPPluginJar : add tsc
2026-03-14 14:52:51,927 [INFO] IPUIPlugin:80 - create IPUIPlugin
2026-03-14 14:52:51,927 [INFO] PluginManager:220 - loadIPPluginJar : add extmemmanager
2026-03-14 14:52:51,930 [INFO] IPUIPlugin:80 - create IPUIPlugin
2026-03-14 14:52:51,931 [INFO] PluginManager:220 - loadIPPluginJar : add ts
2026-03-14 14:52:51,933 [INFO] IPUIPlugin:80 - create IPUIPlugin
2026-03-14 14:52:51,933 [INFO] PluginManager:220 - loadIPPluginJar : add radio
2026-03-14 14:52:51,935 [INFO] IPUIPlugin:80 - create IPUIPlugin
2026-03-14 14:52:51,935 [INFO] PluginManager:220 - loadIPPluginJar : add can
2026-03-14 14:52:51,936 [INFO] IPUIPlugin:80 - create IPUIPlugin
2026-03-14 14:52:51,936 [INFO] PluginManager:220 - loadIPPluginJar : add dma3
2026-03-14 14:52:51,937 [INFO] IPUIPlugin:80 - create IPUIPlugin
2026-03-14 14:52:51,937 [INFO] PluginManager:220 - loadIPPluginJar : add dfsdm
2026-03-14 14:52:51,939 [INFO] IPUIPlugin:80 - create IPUIPlugin
2026-03-14 14:52:51,939 [INFO] PluginManager:220 - loadIPPluginJar : add spi
2026-03-14 14:52:51,940 [INFO] IPUIPlugin:80 - create IPUIPlugin
2026-03-14 14:52:51,940 [INFO] PluginManager:220 - loadIPPluginJar : add gfxmmu
2026-03-14 14:52:51,943 [INFO] IPUIPlugin:80 - create IPUIPlugin
2026-03-14 14:52:51,943 [INFO] PluginManager:220 - loadIPPluginJar : add genericplugin
2026-03-14 14:52:51,945 [INFO] IPUIPlugin:80 - create IPUIPlugin
2026-03-14 14:52:51,946 [INFO] PluginManager:220 - loadIPPluginJar : add cryp
2026-03-14 14:52:51,951 [INFO] IPUIPlugin:80 - create IPUIPlugin
2026-03-14 14:52:51,951 [INFO] PluginManager:220 - loadIPPluginJar : add gpio
2026-03-14 14:52:51,955 [INFO] IPUIPlugin:80 - create IPUIPlugin
2026-03-14 14:52:51,955 [INFO] PluginManager:220 - loadIPPluginJar : add ddr_ctrl_phy
2026-03-14 14:52:51,957 [INFO] IPUIPlugin:80 - create IPUIPlugin
2026-03-14 14:52:51,957 [INFO] PluginManager:220 - loadIPPluginJar : add comp
2026-03-14 14:52:51,962 [INFO] IPUIPlugin:80 - create IPUIPlugin
2026-03-14 14:52:51,962 [INFO] PluginManager:220 - loadIPPluginJar : add tracer_emb
2026-03-14 14:52:51,965 [INFO] IPUIPlugin:80 - create IPUIPlugin
2026-03-14 14:52:51,966 [INFO] PluginManager:220 - loadIPPluginJar : add openamp
2026-03-14 14:52:51,971 [INFO] IPUIPlugin:80 - create IPUIPlugin
2026-03-14 14:52:51,972 [INFO] PluginManager:220 - loadIPPluginJar : add stm32_wpan
2026-03-14 14:52:51,978 [INFO] IPUIPlugin:80 - create IPUIPlugin
2026-03-14 14:52:51,982 [INFO] PluginManager:220 - loadIPPluginJar : add plateformsettings
2026-03-14 14:52:51,985 [INFO] IPUIPlugin:80 - create IPUIPlugin
2026-03-14 14:52:51,985 [INFO] PluginManager:220 - loadIPPluginJar : add ipddr
2026-03-14 14:52:51,992 [INFO] IPUIPlugin:80 - create IPUIPlugin
2026-03-14 14:52:51,992 [INFO] PluginManager:220 - loadIPPluginJar : add usart
2026-03-14 14:52:51,995 [INFO] IPUIPlugin:80 - create IPUIPlugin
2026-03-14 14:52:51,995 [INFO] PluginManager:220 - loadIPPluginJar : add ltdc
2026-03-14 14:52:52,000 [INFO] IPUIPlugin:80 - create IPUIPlugin
2026-03-14 14:52:52,000 [INFO] PluginManager:220 - loadIPPluginJar : add nvic
2026-03-14 14:52:52,004 [INFO] IPUIPlugin:80 - create IPUIPlugin
2026-03-14 14:52:52,004 [INFO] PluginManager:220 - loadIPPluginJar : add fatfs
2026-03-14 14:52:52,014 [INFO] IPUIPlugin:80 - create IPUIPlugin
2026-03-14 14:52:52,014 [INFO] PluginManager:220 - loadIPPluginJar : add linkedlist
2026-03-14 14:52:52,020 [INFO] IPUIPlugin:80 - create IPUIPlugin
2026-03-14 14:52:52,020 [INFO] PluginManager:220 - loadIPPluginJar : add dma
2026-03-14 14:52:52,023 [INFO] IPUIPlugin:80 - create IPUIPlugin
2026-03-14 14:52:52,024 [INFO] PluginManager:220 - loadIPPluginJar : add fmc
2026-03-14 14:52:52,027 [INFO] IPUIPlugin:80 - create IPUIPlugin
2026-03-14 14:52:52,027 [INFO] PluginManager:220 - loadIPPluginJar : add i2s
2026-03-14 14:52:52,029 [INFO] IPUIPlugin:80 - create IPUIPlugin
2026-03-14 14:52:52,030 [INFO] PluginManager:220 - loadIPPluginJar : add ucpd
2026-03-14 14:52:52,032 [INFO] IPUIPlugin:80 - create IPUIPlugin
2026-03-14 14:52:52,032 [INFO] PluginManager:220 - loadIPPluginJar : add lorawan
2026-03-14 14:52:52,036 [INFO] IPUIPlugin:80 - create IPUIPlugin
2026-03-14 14:52:52,036 [INFO] PluginManager:220 - loadIPPluginJar : add opamp
2026-03-14 14:52:52,040 [INFO] IPUIPlugin:80 - create IPUIPlugin
2026-03-14 14:52:52,041 [INFO] PluginManager:220 - loadIPPluginJar : add i3c
2026-03-14 14:52:52,045 [INFO] IPUIPlugin:80 - create IPUIPlugin
2026-03-14 14:52:52,045 [INFO] PluginManager:220 - loadIPPluginJar : add touchsensing
2026-03-14 14:52:52,049 [INFO] IPUIPlugin:80 - create IPUIPlugin
2026-03-14 14:52:52,049 [INFO] PluginManager:220 - loadIPPluginJar : add i2c
2026-03-14 14:52:52,052 [INFO] IPUIPlugin:80 - create IPUIPlugin
2026-03-14 14:52:52,052 [INFO] PluginManager:220 - loadIPPluginJar : add resmgrutility
2026-03-14 14:52:52,055 [INFO] IPUIPlugin:80 - create IPUIPlugin
2026-03-14 14:52:52,055 [INFO] PluginManager:220 - loadIPPluginJar : add sai
2026-03-14 14:52:52,059 [INFO] IPUIPlugin:80 - create IPUIPlugin
2026-03-14 14:52:52,059 [INFO] PluginManager:220 - loadIPPluginJar : add usbx
2026-03-14 14:52:52,200 [FATAL] Updater:351 - Updater called before beeing initialized
2026-03-14 14:52:52,264 [INFO] RulesReader:64 - Compatibility file has been processed (317 Rules)
2026-03-14 14:52:52,285 [INFO] RulesReader:64 - Compatibility file has been processed (317 Rules)
2026-03-14 14:52:52,292 [INFO] CADModel:165 - CPN selected for project level
2026-03-14 14:52:52,293 [INFO] CADModel:114 - Register for checkConnection events
2026-03-14 14:52:52,293 [FATAL] Updater:351 - Updater called before beeing initialized
2026-03-14 14:52:52,293 [ERROR] CADModel:125 - Updater not yet initialized, retry later 
2026-03-14 14:52:52,643 [FATAL] Updater:351 - Updater called before beeing initialized
2026-03-14 14:52:52,647 [INFO] CADModel:165 - CPN selected for project level
2026-03-14 14:52:52,647 [INFO] CADModel:114 - Register for checkConnection events
2026-03-14 14:52:52,647 [FATAL] Updater:351 - Updater called before beeing initialized
2026-03-14 14:52:52,647 [ERROR] CADModel:125 - Updater not yet initialized, retry later 
2026-03-14 14:52:52,651 [FATAL] Updater:351 - Updater called before beeing initialized
2026-03-14 14:52:52,897 [FATAL] Updater:351 - Updater called before beeing initialized
2026-03-14 14:52:52,904 [INFO] DbMcusAds:53 - JSON generation date=Thu Jan 08 09:57:51 CST 2026 (1767887871456)
2026-03-14 14:52:52,904 [FATAL] Updater:351 - Updater called before beeing initialized
2026-03-14 14:52:52,966 [WARN] DetailPanel:346 - Failed to get advertising image, set to default
2026-03-14 14:52:53,077 [FATAL] Updater:351 - Updater called before beeing initialized
2026-03-14 14:52:53,082 [FATAL] Updater:351 - Updater called before beeing initialized
2026-03-14 14:52:53,083 [FATAL] Updater:351 - Updater called before beeing initialized
2026-03-14 14:52:53,084 [WARN] DetailPanel:346 - Failed to get advertising image, set to default
2026-03-14 14:52:53,090 [FATAL] Updater:351 - Updater called before beeing initialized
2026-03-14 14:52:53,186 [ERROR] Updater:1198 - MainUpdater not yet initialized. External WinMGr cannot be set.
2026-03-14 14:52:53,197 [INFO] Updater:1134 - Updater Version found : 6.15.0
2026-03-14 14:52:53,217 [INFO] ApplicationProperties:184 - Using Application install path: /Applications/STM32CubeIDE.app/Contents/Eclipse/plugins/com.st.stm32cube.common.mx_6.15.0.202507011659
2026-03-14 14:52:53,623 [INFO] MainUpdater:2872 - connection check result : 10
2026-03-14 14:52:53,624 [INFO] MainUpdater:289 - Updater Check For Update Now.
2026-03-14 14:52:53,624 [INFO] MicroXplorer:498 - Change Database Version : DB.6.0.150
2026-03-14 14:52:53,631 [INFO] McuFinderGlobals:63 - Set McuFinder mode to 2 (CubeIDE integrated)
2026-03-14 14:52:53,632 [INFO] UserAuth:487 - Internet connection configuration mode: 1
2026-03-14 14:52:53,656 [INFO] JxBrowserEngine:152 - Initiate JxBrowser Engine with user profile folder
2026-03-14 14:52:53,908 [INFO] CheckServerUpdateThread:120 - End of CheckServer Thread
2026-03-14 14:52:54,544 [WARN] PackLoader:240 - Cannot read IP mode file for STMicroelectronics.X-CUBE-AZRTOS-H7.3.5.0
2026-03-14 14:52:54,609 [WARN] PackLoader:240 - Cannot read IP mode file for STMicroelectronics.FP-SNS-MOTENVWB1.1.4.0
2026-03-14 14:52:54,634 [WARN] PackLoader:240 - Cannot read IP mode file for STMicroelectronics.FP-ATR-ASTRA1.2.0.2
2026-03-14 14:52:54,648 [WARN] PackLoader:240 - Cannot read IP mode file for STMicroelectronics.X-CUBE-SMBUS.2.1.0
2026-03-14 14:52:54,654 [WARN] PackLoader:240 - Cannot read IP mode file for STMicroelectronics.X-CUBE-ST60.1.0.0
2026-03-14 14:52:54,693 [WARN] PackLoader:240 - Cannot read IP mode file for STMicroelectronics.X-CUBE-AZRTOS-F7.1.1.0
2026-03-14 14:52:54,715 [WARN] PackLoader:240 - Cannot read IP mode file for STMicroelectronics.FP-SNS-MOTENV1.5.1.0
2026-03-14 14:52:54,736 [WARN] PackLoader:240 - Cannot read IP mode file for WES.I-CUBE-Cesium.1.4.0
2026-03-14 14:52:55,145 [WARN] PackLoader:240 - Cannot read IP mode file for Infineon.AIROC-Wi-Fi-Bluetooth-STM32.1.7.1
2026-03-14 14:52:55,473 [WARN] PackLoader:240 - Cannot read IP mode file for STMicroelectronics.X-CUBE-AZRTOS-H7.3.4.0
2026-03-14 14:52:55,608 [WARN] PackLoader:240 - Cannot read IP mode file for STMicroelectronics.X-CUBE-DISPLAY.3.0.0
2026-03-14 14:52:55,650 [WARN] PackLoader:240 - Cannot read IP mode file for STMicroelectronics.FP-SNS-MOTENVWB1.1.5.0
2026-03-14 14:52:55,748 [WARN] PackLoader:240 - Cannot read IP mode file for STMicroelectronics.X-CUBE-NFC10.1.0.0
2026-03-14 14:52:55,784 [WARN] PackLoader:240 - Cannot read IP mode file for STMicroelectronics.X-CUBE-ST60.1.1.0
2026-03-14 14:52:55,820 [WARN] PackLoader:240 - Cannot read IP mode file for emotas.I-CUBE-CANOPEN.1.3.0
2026-03-14 14:52:55,892 [WARN] PackLoader:240 - Cannot read IP mode file for STMicroelectronics.X-CUBE-GNSS1.7.1.0
2026-03-14 14:52:55,961 [WARN] PackLoader:240 - Cannot read IP mode file for STMicroelectronics.FP-SNS-STBOX1.2.1.0
2026-03-14 14:52:55,985 [WARN] PackLoader:240 - Cannot read IP mode file for STMicroelectronics.FP-SNS-SMARTAG2.1.2.0
2026-03-14 14:52:56,005 [WARN] PackLoader:240 - Cannot read IP mode file for STMicroelectronics.FP-SNS-FLIGHT1.5.1.0
2026-03-14 14:52:56,034 [INFO] LogOutputStream:77 - [STDOUT_REDIRECT] 1 : Invalid condition id : UX_CORESTACK_Condition cause : null
2026-03-14 14:52:56,042 [INFO] LogOutputStream:77 - [STDOUT_REDIRECT] 1 : Invalid condition id : UX_CORESTACK_Condition cause : null
2026-03-14 14:52:56,043 [INFO] LogOutputStream:77 - [STDOUT_REDIRECT] 1 : Invalid condition id : UX_CORESTACK_Condition cause : null
2026-03-14 14:52:56,043 [INFO] LogOutputStream:77 - [STDOUT_REDIRECT] 1 : Invalid condition id : UX_CORESTACK_Condition cause : null
2026-03-14 14:52:56,044 [INFO] LogOutputStream:77 - [STDOUT_REDIRECT] 1 : Invalid condition id : UX_CORESTACK_Condition cause : null
2026-03-14 14:52:56,051 [WARN] PackLoader:240 - Cannot read IP mode file for STMicroelectronics.X-CUBE-AZRTOS-WL.2.0.0
2026-03-14 14:52:56,066 [WARN] PackLoader:240 - Cannot read IP mode file for STMicroelectronics.FP-SNS-MOTENV1.5.0.0
2026-03-14 14:52:56,113 [WARN] PackLoader:240 - Cannot read IP mode file for STMicroelectronics.X-CUBE-AZRTOS-H7RS.1.2.0
2026-03-14 14:52:56,145 [WARN] PackLoader:240 - Cannot read IP mode file for STMicroelectronics.X-CUBE-BLE2.3.3.0
2026-03-14 14:52:56,277 [WARN] PackLoader:240 - Cannot read IP mode file for STMicroelectronics.X-CUBE-NFC9.1.0.0
2026-03-14 14:52:56,302 [WARN] PackLoader:240 - Cannot read IP mode file for wolfSSL.I-CUBE-wolfSSL.5.8.2
2026-03-14 14:52:56,319 [WARN] PackLoader:240 - Cannot read IP mode file for STMicroelectronics.X-CUBE-BLE1.7.1.0
2026-03-14 14:52:56,327 [WARN] PackLoader:240 - Cannot read IP mode file for wolfSSL.I-CUBE-wolfMQTT.1.19.2
2026-03-14 14:52:56,359 [WARN] PackLoader:240 - Cannot read IP mode file for STMicroelectronics.X-CUBE-FREERTOS.1.4.0
2026-03-14 14:52:56,394 [WARN] PackLoader:240 - Cannot read IP mode file for STMicroelectronics.X-CUBE-EEPRMA1.5.2.0
2026-03-14 14:52:56,433 [WARN] PackLoader:240 - Cannot read IP mode file for STMicroelectronics.X-CUBE-ST67W61.1.1.0
2026-03-14 14:52:56,567 [WARN] PackLoader:240 - Cannot read IP mode file for STMicroelectronics.X-CUBE-MEMS1.12.0.0
2026-03-14 14:52:56,912 [WARN] PackLoader:240 - Cannot read IP mode file for STMicroelectronics.X-CUBE-AZRTOS-G0.1.1.0
2026-03-14 14:52:56,946 [WARN] PackLoader:240 - Cannot read IP mode file for STMicroelectronics.X-CUBE-SAFEA1.1.2.2
2026-03-14 14:52:56,965 [WARN] PackLoader:240 - Cannot read IP mode file for STMicroelectronics.X-CUBE-NFC4.3.0.0
2026-03-14 14:52:57,015 [WARN] PackLoader:240 - Cannot read IP mode file for EmbeddedOffice.I-CUBE-FS-RTOS.1.0.1
2026-03-14 14:52:57,049 [WARN] PackLoader:240 - Cannot read IP mode file for STMicroelectronics.X-CUBE-WB05N.2.0.0
2026-03-14 14:54:00,066 [INFO] Activator:176 - 


2026-03-14 14:54:00,069 [INFO] Activator:177 - !SESSION log4j initialized
2026-03-14 14:54:05,451 [INFO] LogOutputStream:77 - [STDOUT_REDIRECT] 
2026-03-14 14:54:05,784 [ERROR] LogOutputStream:75 - [STDERR_REDIRECT] 
2026-03-14 14:54:08,580 [INFO] LogOutputStream:77 - [STDOUT_REDIRECT] 
2026-03-14 14:54:09,454 [INFO] ApplicationProperties:184 - Using Application install path: /Applications/STM32CubeIDE.app/Contents/Eclipse/plugins/com.st.stm32cube.common.mx_6.15.0.202507011659
2026-03-14 14:54:09,470 [INFO] DbMcusXml:78 - Set database path to: /Applications/STM32CubeIDE.app/Contents/Eclipse/plugins/com.st.stm32cube.common.mx_6.15.0.202507011659//db//mcu/
2026-03-14 14:54:09,470 [INFO] ApiDb:274 - Set plugin database path to: /Applications/STM32CubeIDE.app/Contents/Eclipse/plugins/com.st.stm32cube.common.mx_6.15.0.202507011659//db//plugins/boardmanager/
2026-03-14 14:54:09,473 [WARN] ApiDb:259 - Overriding images path with different value:  => /Applications/STM32CubeIDE.app/Contents/Eclipse/plugins/com.st.stm32cube.common.mx_6.15.0.202507011659//db//plugins/mcufinder/images/
2026-03-14 14:54:09,481 [INFO] ApiDb:250 - Set database path to: /Users/karthikkurapati/.stmcufinder/plugins/mcufinder//mcu/
2026-03-14 14:54:09,482 [INFO] DbMcusAds:125 - Set database path to: /Users/karthikkurapati/.stmcufinder/plugins/mcufinder//mcu/
2026-03-14 14:54:09,484 [INFO] CrossReferenceDbSqlite:203 - Set database path to: /Users/karthikkurapati/.stmcufinder/plugins/mcufinder//mcu/cs/
2026-03-14 14:54:09,662 [INFO] RulesReader:64 - Compatibility file has been processed (317 Rules)
2026-03-14 14:54:09,724 [INFO] DbMcusXml:78 - Set database path to: /Applications/STM32CubeIDE.app/Contents/Eclipse/plugins/com.st.stm32cube.common.mx_6.15.0.202507011659//db//mcu/
2026-03-14 14:54:09,724 [INFO] ApiDb:274 - Set plugin database path to: /Applications/STM32CubeIDE.app/Contents/Eclipse/plugins/com.st.stm32cube.common.mx_6.15.0.202507011659//db//plugins/boardmanager/
2026-03-14 14:54:09,725 [INFO] ApiDb:261 - Set plugin images path to: /Applications/STM32CubeIDE.app/Contents/Eclipse/plugins/com.st.stm32cube.common.mx_6.15.0.202507011659//db//plugins/mcufinder/images/
2026-03-14 14:54:09,725 [WARN] DbFile:41 - Overriding database path with different value: /Users/karthikkurapati/.stmcufinder/plugins/mcufinder/ => /Users/karthikkurapati/.stmcufinder/plugins/mcufinder
2026-03-14 14:54:09,725 [INFO] ApiDb:250 - Set database path to: /Users/karthikkurapati/.stmcufinder/plugins/mcufinder//mcu/
2026-03-14 14:54:09,725 [WARN] DbFile:41 - Overriding database path with different value: /Users/karthikkurapati/.stmcufinder/plugins/mcufinder/ => /Users/karthikkurapati/.stmcufinder/plugins/mcufinder
2026-03-14 14:54:09,725 [INFO] DbMcusAds:125 - Set database path to: /Users/karthikkurapati/.stmcufinder/plugins/mcufinder//mcu/
2026-03-14 14:54:09,725 [WARN] DbFile:41 - Overriding database path with different value: /Users/karthikkurapati/.stmcufinder/plugins/mcufinder/ => /Users/karthikkurapati/.stmcufinder/plugins/mcufinder
2026-03-14 14:54:09,726 [WARN] DbFile:41 - Overriding database path with different value: /Users/karthikkurapati/.stmcufinder/plugins/mcufinder/ => /Users/karthikkurapati/.stmcufinder/plugins/mcufinder
2026-03-14 14:54:09,726 [INFO] CrossReferenceDbSqlite:203 - Set database path to: /Users/karthikkurapati/.stmcufinder/plugins/mcufinder//mcu/cs/
2026-03-14 14:54:09,800 [INFO] MainPanel:274 - HeapMemory: 307232768
2026-03-14 14:54:10,074 [INFO] DbMcusXml:78 - Set database path to: /Applications/STM32CubeIDE.app/Contents/Eclipse/plugins/com.st.stm32cube.common.mx_6.15.0.202507011659//db//mcu/
2026-03-14 14:54:10,074 [INFO] ApiDb:274 - Set plugin database path to: /Applications/STM32CubeIDE.app/Contents/Eclipse/plugins/com.st.stm32cube.common.mx_6.15.0.202507011659//db//plugins/boardmanager/
2026-03-14 14:54:10,074 [INFO] ApiDb:261 - Set plugin images path to: /Applications/STM32CubeIDE.app/Contents/Eclipse/plugins/com.st.stm32cube.common.mx_6.15.0.202507011659//db//plugins/mcufinder/images/
2026-03-14 14:54:10,075 [WARN] DbFile:41 - Overriding database path with different value: /Users/karthikkurapati/.stmcufinder/plugins/mcufinder/ => /Users/karthikkurapati/.stmcufinder/plugins/mcufinder
2026-03-14 14:54:10,075 [INFO] ApiDb:250 - Set database path to: /Users/karthikkurapati/.stmcufinder/plugins/mcufinder//mcu/
2026-03-14 14:54:10,075 [WARN] DbFile:41 - Overriding database path with different value: /Users/karthikkurapati/.stmcufinder/plugins/mcufinder/ => /Users/karthikkurapati/.stmcufinder/plugins/mcufinder
2026-03-14 14:54:10,075 [INFO] DbMcusAds:125 - Set database path to: /Users/karthikkurapati/.stmcufinder/plugins/mcufinder//mcu/
2026-03-14 14:54:10,075 [WARN] DbFile:41 - Overriding database path with different value: /Users/karthikkurapati/.stmcufinder/plugins/mcufinder/ => /Users/karthikkurapati/.stmcufinder/plugins/mcufinder
2026-03-14 14:54:10,075 [WARN] DbFile:41 - Overriding database path with different value: /Users/karthikkurapati/.stmcufinder/plugins/mcufinder/ => /Users/karthikkurapati/.stmcufinder/plugins/mcufinder
2026-03-14 14:54:10,075 [INFO] CrossReferenceDbSqlite:203 - Set database path to: /Users/karthikkurapati/.stmcufinder/plugins/mcufinder//mcu/cs/
2026-03-14 14:54:10,096 [INFO] ApplicationProperties:184 - Using Application install path: /Applications/STM32CubeIDE.app/Contents/Eclipse/plugins/com.st.stm32cube.common.mx_6.15.0.202507011659
2026-03-14 14:54:10,098 [INFO] PluginManage:196 - Search for loadable plugins [exclusion list=, ]
2026-03-14 14:54:10,099 [INFO] PluginManage:310 - Check plugin analytics
2026-03-14 14:54:10,307 [INFO] AnalyticsPlugin:253 - Accepted Software Licenses: 
2026-03-14 14:54:10,308 [INFO] AnalyticsPlugin:255 - Accepted CMSIS Pack Licenses: 
2026-03-14 14:54:10,308 [INFO] AnalyticsPlugin:257 - Accepted Firmware Licenses: FW.L4.1.18.0
2026-03-14 14:54:10,319 [INFO] PluginManage:359 - Loaded plugin analytics (category:tool,tabindex:-1)
2026-03-14 14:54:10,322 [INFO] PluginManage:310 - Check plugin cadmodel
2026-03-14 14:54:10,336 [INFO] CADModel:105 - Init CAD model plugin
2026-03-14 14:54:10,336 [INFO] PluginManage:359 - Loaded plugin cadmodel (category:power,tabindex:5)
2026-03-14 14:54:10,337 [INFO] PluginManage:310 - Check plugin clock
2026-03-14 14:54:10,349 [INFO] PluginManage:359 - Loaded plugin clock (category:base,tabindex:2)
2026-03-14 14:54:10,349 [INFO] PluginManage:310 - Check plugin ddr
2026-03-14 14:54:10,351 [INFO] PluginManage:359 - Loaded plugin ddr (category:tool,tabindex:6)
2026-03-14 14:54:10,352 [INFO] PluginManage:310 - Check plugin filemanager
2026-03-14 14:54:10,526 [INFO] PluginManage:359 - Loaded plugin filemanager (category:base,tabindex:10)
2026-03-14 14:54:10,526 [INFO] PluginManage:310 - Check plugin ipmanager
2026-03-14 14:54:10,537 [INFO] PluginManage:359 - Loaded plugin ipmanager (category:base,tabindex:5)
2026-03-14 14:54:10,537 [INFO] PluginManage:310 - Check plugin lpbam
2026-03-14 14:54:10,546 [INFO] PluginManage:359 - Loaded plugin lpbam (category:base,tabindex:0)
2026-03-14 14:54:10,547 [INFO] PluginManage:310 - Check plugin memorymap
2026-03-14 14:54:10,560 [INFO] PluginManage:359 - Loaded plugin memorymap (category:base,tabindex:4)
2026-03-14 14:54:10,561 [INFO] PluginManage:310 - Check plugin pinoutandconfiguration
2026-03-14 14:54:10,569 [INFO] PluginManage:359 - Loaded plugin pinoutandconfiguration (category:base,tabindex:1)
2026-03-14 14:54:10,569 [INFO] PluginManage:310 - Check plugin pinoutconfig
2026-03-14 14:54:10,669 [WARN] SupportedApi:132 - Cannot load RTOS API schema: s4s-elt-must-match.1: The content of 'definitions' must match (annotation?, (simpleType | complexType)?, (unique | key | keyref)*)). A problem was found starting at: attribute.
2026-03-14 14:54:10,831 [INFO] PluginManage:359 - Loaded plugin pinoutconfig (category:base,tabindex:0)
2026-03-14 14:54:10,831 [INFO] PluginManage:310 - Check plugin power
2026-03-14 14:54:10,842 [INFO] PluginManage:359 - Loaded plugin power (category:power,tabindex:4)
2026-03-14 14:54:10,842 [INFO] PluginManage:310 - Check plugin projectmanager
2026-03-14 14:54:10,870 [INFO] PluginManage:359 - Loaded plugin projectmanager (category:projectmanager,tabindex:4)
2026-03-14 14:54:10,870 [INFO] PluginManage:310 - Check plugin rif
2026-03-14 14:54:10,884 [INFO] PluginManage:359 - Loaded plugin rif (category:base,tabindex:3)
2026-03-14 14:54:10,884 [INFO] PluginManage:310 - Check plugin thirdparty
2026-03-14 14:54:11,058 [INFO] PluginManage:359 - Loaded plugin thirdparty (category:base,tabindex:-1)
2026-03-14 14:54:11,057 [WARN] IntegrityCheckThread:84 - waiting for thirdparty lock release [integrity check]
2026-03-14 14:54:11,058 [INFO] PluginManage:310 - Check plugin tools
2026-03-14 14:54:11,058 [INFO] IntegrityCheckThread:86 - entering critical section [integrity check]
2026-03-14 14:54:11,059 [INFO] ThirdPartyUpdaterWithRetryManager:70 - Updater plugin not ready yet. [1/15]
2026-03-14 14:54:11,060 [INFO] PluginManage:359 - Loaded plugin tools (category:base,tabindex:7)
2026-03-14 14:54:11,061 [INFO] PluginManage:310 - Check plugin tutovideos
2026-03-14 14:54:11,258 [INFO] PluginManage:359 - Loaded plugin tutovideos (category:base,tabindex:-1)
2026-03-14 14:54:11,258 [INFO] PluginManage:310 - Check plugin updater
2026-03-14 14:54:11,288 [INFO] PluginManage:359 - Loaded plugin updater (category:base,tabindex:12)
2026-03-14 14:54:11,289 [INFO] PluginManage:310 - Check plugin userauth
2026-03-14 14:54:11,294 [INFO] UserAuth:118 - Init User Auth plugin
2026-03-14 14:54:11,297 [INFO] PluginManage:359 - Loaded plugin userauth (category:base,tabindex:14)
2026-03-14 14:54:11,299 [INFO] PluginManage:283 - PluginManage : Loaded plugins [18]
2026-03-14 14:54:11,543 [INFO] PinOutPanel:1589 - setPackage(No Configuration,No Configuration)
2026-03-14 14:54:11,640 [INFO] CADModel:165 - CPN selected for project level
2026-03-14 14:54:11,641 [INFO] CADModel:114 - Register for checkConnection events
2026-03-14 14:54:11,655 [INFO] IPUIPlugin:80 - create IPUIPlugin
2026-03-14 14:54:11,656 [INFO] PluginManager:220 - loadIPPluginJar : add mdma
2026-03-14 14:54:11,662 [INFO] IPUIPlugin:80 - create IPUIPlugin
2026-03-14 14:54:11,663 [INFO] PluginManager:220 - loadIPPluginJar : add freertos
2026-03-14 14:54:11,666 [INFO] IPUIPlugin:80 - create IPUIPlugin
2026-03-14 14:54:11,667 [INFO] PluginManager:220 - loadIPPluginJar : add gic
2026-03-14 14:54:11,674 [INFO] IPUIPlugin:80 - create IPUIPlugin
2026-03-14 14:54:11,675 [INFO] PluginManager:220 - loadIPPluginJar : add adc
2026-03-14 14:54:11,677 [INFO] IPUIPlugin:80 - create IPUIPlugin
2026-03-14 14:54:11,677 [INFO] PluginManager:220 - loadIPPluginJar : add gtzc
2026-03-14 14:54:11,678 [INFO] IPUIPlugin:80 - create IPUIPlugin
2026-03-14 14:54:11,678 [INFO] PluginManager:220 - loadIPPluginJar : add quadspi
2026-03-14 14:54:11,680 [INFO] IPUIPlugin:80 - create IPUIPlugin
2026-03-14 14:54:11,680 [INFO] PluginManager:220 - loadIPPluginJar : add aes
2026-03-14 14:54:11,683 [INFO] IPUIPlugin:80 - create IPUIPlugin
2026-03-14 14:54:11,683 [INFO] PluginManager:220 - loadIPPluginJar : add pdm2pcm
2026-03-14 14:54:11,685 [INFO] IPUIPlugin:80 - create IPUIPlugin
2026-03-14 14:54:11,686 [INFO] PluginManager:220 - loadIPPluginJar : add hash
2026-03-14 14:54:11,687 [INFO] IPUIPlugin:80 - create IPUIPlugin
2026-03-14 14:54:11,687 [INFO] PluginManager:220 - loadIPPluginJar : add tim
2026-03-14 14:54:11,689 [INFO] IPUIPlugin:80 - create IPUIPlugin
2026-03-14 14:54:11,689 [INFO] PluginManager:220 - loadIPPluginJar : add tsc
2026-03-14 14:54:11,691 [INFO] IPUIPlugin:80 - create IPUIPlugin
2026-03-14 14:54:11,691 [INFO] PluginManager:220 - loadIPPluginJar : add extmemmanager
2026-03-14 14:54:11,692 [INFO] IPUIPlugin:80 - create IPUIPlugin
2026-03-14 14:54:11,692 [INFO] PluginManager:220 - loadIPPluginJar : add ts
2026-03-14 14:54:11,694 [INFO] IPUIPlugin:80 - create IPUIPlugin
2026-03-14 14:54:11,694 [INFO] PluginManager:220 - loadIPPluginJar : add radio
2026-03-14 14:54:11,696 [INFO] IPUIPlugin:80 - create IPUIPlugin
2026-03-14 14:54:11,696 [INFO] PluginManager:220 - loadIPPluginJar : add can
2026-03-14 14:54:11,697 [INFO] IPUIPlugin:80 - create IPUIPlugin
2026-03-14 14:54:11,697 [INFO] PluginManager:220 - loadIPPluginJar : add dma3
2026-03-14 14:54:11,698 [INFO] IPUIPlugin:80 - create IPUIPlugin
2026-03-14 14:54:11,698 [INFO] PluginManager:220 - loadIPPluginJar : add dfsdm
2026-03-14 14:54:11,699 [INFO] IPUIPlugin:80 - create IPUIPlugin
2026-03-14 14:54:11,700 [INFO] PluginManager:220 - loadIPPluginJar : add spi
2026-03-14 14:54:11,701 [INFO] IPUIPlugin:80 - create IPUIPlugin
2026-03-14 14:54:11,701 [INFO] PluginManager:220 - loadIPPluginJar : add gfxmmu
2026-03-14 14:54:11,703 [INFO] IPUIPlugin:80 - create IPUIPlugin
2026-03-14 14:54:11,703 [INFO] PluginManager:220 - loadIPPluginJar : add genericplugin
2026-03-14 14:54:11,705 [INFO] IPUIPlugin:80 - create IPUIPlugin
2026-03-14 14:54:11,705 [INFO] PluginManager:220 - loadIPPluginJar : add cryp
2026-03-14 14:54:11,708 [INFO] IPUIPlugin:80 - create IPUIPlugin
2026-03-14 14:54:11,708 [INFO] PluginManager:220 - loadIPPluginJar : add gpio
2026-03-14 14:54:11,712 [INFO] IPUIPlugin:80 - create IPUIPlugin
2026-03-14 14:54:11,713 [INFO] PluginManager:220 - loadIPPluginJar : add ddr_ctrl_phy
2026-03-14 14:54:11,716 [INFO] IPUIPlugin:80 - create IPUIPlugin
2026-03-14 14:54:11,717 [INFO] PluginManager:220 - loadIPPluginJar : add comp
2026-03-14 14:54:11,720 [INFO] IPUIPlugin:80 - create IPUIPlugin
2026-03-14 14:54:11,721 [INFO] PluginManager:220 - loadIPPluginJar : add tracer_emb
2026-03-14 14:54:11,724 [INFO] IPUIPlugin:80 - create IPUIPlugin
2026-03-14 14:54:11,724 [INFO] PluginManager:220 - loadIPPluginJar : add openamp
2026-03-14 14:54:11,729 [INFO] IPUIPlugin:80 - create IPUIPlugin
2026-03-14 14:54:11,730 [INFO] PluginManager:220 - loadIPPluginJar : add stm32_wpan
2026-03-14 14:54:11,734 [INFO] IPUIPlugin:80 - create IPUIPlugin
2026-03-14 14:54:11,736 [INFO] PluginManager:220 - loadIPPluginJar : add plateformsettings
2026-03-14 14:54:11,740 [INFO] IPUIPlugin:80 - create IPUIPlugin
2026-03-14 14:54:11,740 [INFO] PluginManager:220 - loadIPPluginJar : add ipddr
2026-03-14 14:54:11,744 [INFO] IPUIPlugin:80 - create IPUIPlugin
2026-03-14 14:54:11,744 [INFO] PluginManager:220 - loadIPPluginJar : add usart
2026-03-14 14:54:11,745 [INFO] IPUIPlugin:80 - create IPUIPlugin
2026-03-14 14:54:11,745 [INFO] PluginManager:220 - loadIPPluginJar : add ltdc
2026-03-14 14:54:11,748 [INFO] IPUIPlugin:80 - create IPUIPlugin
2026-03-14 14:54:11,748 [INFO] PluginManager:220 - loadIPPluginJar : add nvic
2026-03-14 14:54:11,750 [INFO] IPUIPlugin:80 - create IPUIPlugin
2026-03-14 14:54:11,750 [INFO] PluginManager:220 - loadIPPluginJar : add fatfs
2026-03-14 14:54:11,757 [INFO] IPUIPlugin:80 - create IPUIPlugin
2026-03-14 14:54:11,757 [INFO] PluginManager:220 - loadIPPluginJar : add linkedlist
2026-03-14 14:54:11,762 [INFO] IPUIPlugin:80 - create IPUIPlugin
2026-03-14 14:54:11,762 [INFO] PluginManager:220 - loadIPPluginJar : add dma
2026-03-14 14:54:11,765 [INFO] IPUIPlugin:80 - create IPUIPlugin
2026-03-14 14:54:11,765 [INFO] PluginManager:220 - loadIPPluginJar : add fmc
2026-03-14 14:54:11,767 [INFO] IPUIPlugin:80 - create IPUIPlugin
2026-03-14 14:54:11,767 [INFO] PluginManager:220 - loadIPPluginJar : add i2s
2026-03-14 14:54:11,768 [INFO] IPUIPlugin:80 - create IPUIPlugin
2026-03-14 14:54:11,769 [INFO] PluginManager:220 - loadIPPluginJar : add ucpd
2026-03-14 14:54:11,770 [INFO] IPUIPlugin:80 - create IPUIPlugin
2026-03-14 14:54:11,770 [INFO] PluginManager:220 - loadIPPluginJar : add lorawan
2026-03-14 14:54:11,772 [INFO] IPUIPlugin:80 - create IPUIPlugin
2026-03-14 14:54:11,772 [INFO] PluginManager:220 - loadIPPluginJar : add opamp
2026-03-14 14:54:11,774 [INFO] IPUIPlugin:80 - create IPUIPlugin
2026-03-14 14:54:11,774 [INFO] PluginManager:220 - loadIPPluginJar : add i3c
2026-03-14 14:54:11,803 [INFO] IPUIPlugin:80 - create IPUIPlugin
2026-03-14 14:54:11,806 [INFO] PluginManager:220 - loadIPPluginJar : add touchsensing
2026-03-14 14:54:11,811 [INFO] IPUIPlugin:80 - create IPUIPlugin
2026-03-14 14:54:11,811 [INFO] PluginManager:220 - loadIPPluginJar : add i2c
2026-03-14 14:54:11,814 [INFO] IPUIPlugin:80 - create IPUIPlugin
2026-03-14 14:54:11,814 [INFO] PluginManager:220 - loadIPPluginJar : add resmgrutility
2026-03-14 14:54:11,816 [INFO] IPUIPlugin:80 - create IPUIPlugin
2026-03-14 14:54:11,816 [INFO] PluginManager:220 - loadIPPluginJar : add sai
2026-03-14 14:54:11,819 [INFO] IPUIPlugin:80 - create IPUIPlugin
2026-03-14 14:54:11,819 [INFO] PluginManager:220 - loadIPPluginJar : add usbx
2026-03-14 14:54:11,960 [FATAL] Updater:351 - Updater called before beeing initialized
2026-03-14 14:54:12,013 [INFO] RulesReader:64 - Compatibility file has been processed (317 Rules)
2026-03-14 14:54:12,024 [INFO] RulesReader:64 - Compatibility file has been processed (317 Rules)
2026-03-14 14:54:12,033 [INFO] CADModel:165 - CPN selected for project level
2026-03-14 14:54:12,033 [INFO] CADModel:114 - Register for checkConnection events
2026-03-14 14:54:12,033 [FATAL] Updater:351 - Updater called before beeing initialized
2026-03-14 14:54:12,033 [ERROR] CADModel:125 - Updater not yet initialized, retry later 
2026-03-14 14:54:12,475 [FATAL] Updater:351 - Updater called before beeing initialized
2026-03-14 14:54:12,486 [INFO] CADModel:165 - CPN selected for project level
2026-03-14 14:54:12,487 [INFO] CADModel:114 - Register for checkConnection events
2026-03-14 14:54:12,487 [FATAL] Updater:351 - Updater called before beeing initialized
2026-03-14 14:54:12,487 [ERROR] CADModel:125 - Updater not yet initialized, retry later 
2026-03-14 14:54:12,492 [FATAL] Updater:351 - Updater called before beeing initialized
2026-03-14 14:54:12,829 [FATAL] Updater:351 - Updater called before beeing initialized
2026-03-14 14:54:12,841 [INFO] DbMcusAds:53 - JSON generation date=Thu Jan 08 09:57:51 CST 2026 (1767887871456)
2026-03-14 14:54:12,842 [FATAL] Updater:351 - Updater called before beeing initialized
2026-03-14 14:54:12,905 [WARN] DetailPanel:346 - Failed to get advertising image, set to default
2026-03-14 14:54:12,985 [FATAL] Updater:351 - Updater called before beeing initialized
2026-03-14 14:54:12,988 [FATAL] Updater:351 - Updater called before beeing initialized
2026-03-14 14:54:12,989 [FATAL] Updater:351 - Updater called before beeing initialized
2026-03-14 14:54:12,989 [WARN] DetailPanel:346 - Failed to get advertising image, set to default
2026-03-14 14:54:12,993 [FATAL] Updater:351 - Updater called before beeing initialized
2026-03-14 14:54:13,076 [ERROR] Updater:1198 - MainUpdater not yet initialized. External WinMGr cannot be set.
2026-03-14 14:54:13,088 [INFO] Updater:1134 - Updater Version found : 6.15.0
2026-03-14 14:54:13,103 [INFO] ApplicationProperties:184 - Using Application install path: /Applications/STM32CubeIDE.app/Contents/Eclipse/plugins/com.st.stm32cube.common.mx_6.15.0.202507011659
2026-03-14 14:54:13,492 [INFO] MainUpdater:2872 - connection check result : 10
2026-03-14 14:54:13,493 [INFO] MainUpdater:289 - Updater Check For Update Now.
2026-03-14 14:54:13,493 [INFO] MicroXplorer:498 - Change Database Version : DB.6.0.150
2026-03-14 14:54:13,503 [INFO] McuFinderGlobals:63 - Set McuFinder mode to 2 (CubeIDE integrated)
2026-03-14 14:54:13,505 [INFO] UserAuth:487 - Internet connection configuration mode: 1
2026-03-14 14:54:13,523 [INFO] JxBrowserEngine:152 - Initiate JxBrowser Engine with user profile folder
2026-03-14 14:54:13,745 [INFO] CheckServerUpdateThread:120 - End of CheckServer Thread
2026-03-14 14:54:14,314 [WARN] PackLoader:240 - Cannot read IP mode file for STMicroelectronics.X-CUBE-AZRTOS-H7.3.5.0
2026-03-14 14:54:14,355 [WARN] PackLoader:240 - Cannot read IP mode file for STMicroelectronics.FP-SNS-MOTENVWB1.1.4.0
2026-03-14 14:54:14,375 [WARN] PackLoader:240 - Cannot read IP mode file for STMicroelectronics.FP-ATR-ASTRA1.2.0.2
2026-03-14 14:54:14,386 [WARN] PackLoader:240 - Cannot read IP mode file for STMicroelectronics.X-CUBE-SMBUS.2.1.0
2026-03-14 14:54:14,394 [WARN] PackLoader:240 - Cannot read IP mode file for STMicroelectronics.X-CUBE-ST60.1.0.0
2026-03-14 14:54:14,431 [WARN] PackLoader:240 - Cannot read IP mode file for STMicroelectronics.X-CUBE-AZRTOS-F7.1.1.0
2026-03-14 14:54:14,454 [WARN] PackLoader:240 - Cannot read IP mode file for STMicroelectronics.FP-SNS-MOTENV1.5.1.0
2026-03-14 14:54:14,470 [WARN] PackLoader:240 - Cannot read IP mode file for WES.I-CUBE-Cesium.1.4.0
2026-03-14 14:54:14,533 [WARN] PackLoader:240 - Cannot read IP mode file for Infineon.AIROC-Wi-Fi-Bluetooth-STM32.1.7.1
2026-03-14 14:54:14,607 [WARN] PackLoader:240 - Cannot read IP mode file for STMicroelectronics.X-CUBE-AZRTOS-H7.3.4.0
2026-03-14 14:54:14,640 [WARN] PackLoader:240 - Cannot read IP mode file for STMicroelectronics.X-CUBE-DISPLAY.3.0.0
2026-03-14 14:54:14,672 [WARN] PackLoader:240 - Cannot read IP mode file for STMicroelectronics.FP-SNS-MOTENVWB1.1.5.0
2026-03-14 14:54:14,686 [WARN] PackLoader:240 - Cannot read IP mode file for STMicroelectronics.X-CUBE-NFC10.1.0.0
2026-03-14 14:54:14,695 [WARN] PackLoader:240 - Cannot read IP mode file for STMicroelectronics.X-CUBE-ST60.1.1.0
2026-03-14 14:54:14,708 [WARN] PackLoader:240 - Cannot read IP mode file for emotas.I-CUBE-CANOPEN.1.3.0
2026-03-14 14:54:14,723 [WARN] PackLoader:240 - Cannot read IP mode file for STMicroelectronics.X-CUBE-GNSS1.7.1.0
2026-03-14 14:54:14,737 [WARN] PackLoader:240 - Cannot read IP mode file for STMicroelectronics.FP-SNS-STBOX1.2.1.0
2026-03-14 14:54:14,745 [WARN] PackLoader:240 - Cannot read IP mode file for STMicroelectronics.FP-SNS-SMARTAG2.1.2.0
2026-03-14 14:54:14,748 [WARN] PackLoader:240 - Cannot read IP mode file for STMicroelectronics.FP-SNS-FLIGHT1.5.1.0
2026-03-14 14:54:14,765 [INFO] LogOutputStream:77 - [STDOUT_REDIRECT] 1 : Invalid condition id : UX_CORESTACK_Condition cause : null
2026-03-14 14:54:14,774 [INFO] LogOutputStream:77 - [STDOUT_REDIRECT] 1 : Invalid condition id : UX_CORESTACK_Condition cause : null
2026-03-14 14:54:14,774 [INFO] LogOutputStream:77 - [STDOUT_REDIRECT] 1 : Invalid condition id : UX_CORESTACK_Condition cause : null
2026-03-14 14:54:14,775 [INFO] LogOutputStream:77 - [STDOUT_REDIRECT] 1 : Invalid condition id : UX_CORESTACK_Condition cause : null
2026-03-14 14:54:14,775 [INFO] LogOutputStream:77 - [STDOUT_REDIRECT] 1 : Invalid condition id : UX_CORESTACK_Condition cause : null
2026-03-14 14:54:14,785 [WARN] PackLoader:240 - Cannot read IP mode file for STMicroelectronics.X-CUBE-AZRTOS-WL.2.0.0
2026-03-14 14:54:14,792 [WARN] PackLoader:240 - Cannot read IP mode file for STMicroelectronics.FP-SNS-MOTENV1.5.0.0
2026-03-14 14:54:14,816 [WARN] PackLoader:240 - Cannot read IP mode file for STMicroelectronics.X-CUBE-AZRTOS-H7RS.1.2.0
2026-03-14 14:54:14,828 [WARN] PackLoader:240 - Cannot read IP mode file for STMicroelectronics.X-CUBE-BLE2.3.3.0
2026-03-14 14:54:14,855 [WARN] PackLoader:240 - Cannot read IP mode file for STMicroelectronics.X-CUBE-NFC9.1.0.0
2026-03-14 14:54:14,861 [WARN] PackLoader:240 - Cannot read IP mode file for wolfSSL.I-CUBE-wolfSSL.5.8.2
2026-03-14 14:54:14,868 [WARN] PackLoader:240 - Cannot read IP mode file for STMicroelectronics.X-CUBE-BLE1.7.1.0
2026-03-14 14:54:14,875 [WARN] PackLoader:240 - Cannot read IP mode file for wolfSSL.I-CUBE-wolfMQTT.1.19.2
2026-03-14 14:54:14,882 [WARN] PackLoader:240 - Cannot read IP mode file for STMicroelectronics.X-CUBE-FREERTOS.1.4.0
2026-03-14 14:54:14,889 [WARN] PackLoader:240 - Cannot read IP mode file for STMicroelectronics.X-CUBE-EEPRMA1.5.2.0
2026-03-14 14:54:14,903 [WARN] PackLoader:240 - Cannot read IP mode file for STMicroelectronics.X-CUBE-ST67W61.1.1.0
2026-03-14 14:54:14,981 [WARN] PackLoader:240 - Cannot read IP mode file for STMicroelectronics.X-CUBE-MEMS1.12.0.0
2026-03-14 14:54:15,097 [WARN] PackLoader:240 - Cannot read IP mode file for STMicroelectronics.X-CUBE-AZRTOS-G0.1.1.0
2026-03-14 14:54:15,116 [WARN] PackLoader:240 - Cannot read IP mode file for STMicroelectronics.X-CUBE-SAFEA1.1.2.2
2026-03-14 14:54:15,124 [WARN] PackLoader:240 - Cannot read IP mode file for STMicroelectronics.X-CUBE-NFC4.3.0.0
2026-03-14 14:54:15,141 [WARN] PackLoader:240 - Cannot read IP mode file for EmbeddedOffice.I-CUBE-FS-RTOS.1.0.1
2026-03-14 14:54:15,167 [WARN] PackLoader:240 - Cannot read IP mode file for STMicroelectronics.X-CUBE-WB05N.2.0.0
2026-03-14 14:54:15,175 [WARN] PackLoader:240 - Cannot read IP mode file for wolfSSL.I-CUBE-wolfTPM.3.8.0
2026-03-14 14:54:15,183 [WARN] PackLoader:240 - Cannot read IP mode file for STMicroelectronics.X-CUBE-TCPP.4.2.0
2026-03-14 14:54:15,189 [WARN] PackLoader:240 - Cannot read IP mode file for RealThread.X-CUBE-RT-Thread_Nano.4.1.1
2026-03-14 14:54:15,196 [WARN] PackLoader:240 - Cannot read IP mode file for STMicroelectronics.FP-ATR-SIGFOX1.3.2.0
2026-03-14 14:54:15,205 [WARN] PackLoader:240 - Cannot read IP mode file for STMicroelectronics.X-CUBE-FREERTOS.1.5.0
2026-03-14 14:54:15,213 [WARN] PackLoader:240 - Cannot read IP mode file for ITTIA_DB.I-CUBE-ITTIADB.8.9.0
2026-03-14 14:54:15,223 [WARN] PackLoader:240 - Cannot read IP mode file for STMicroelectronics.X-CUBE-NFC6.3.2.0
2026-03-14 14:54:15,235 [WARN] PackLoader:240 - Cannot read IP mode file for STMicroelectronics.X-CUBE-ST67W61.1.0.0
2026-03-14 14:54:15,244 [WARN] PackLoader:240 - Cannot read IP mode file for STMicroelectronics.X-CUBE-AI.10.2.0
2026-03-14 14:54:15,292 [WARN] PackLoader:240 - Cannot read IP mode file for SEGGER.I-CUBE-embOS.1.3.1
2026-03-14 14:54:15,328 [WARN] PackLoader:240 - Cannot read IP mode file for STMicroelectronics.X-CUBE-ALGOBUILD.1.4.0
2026-03-14 14:54:15,392 [WARN] PackLoader:240 - Cannot read IP mode file for STMicroelectronics.X-CUBE-MEMS1.11.3.0
2026-03-14 14:54:15,743 [WARN] PackLoader:240 - Cannot read IP mode file for STMicroelectronics.X-CUBE-PM33A1.1.0.0
2026-03-14 14:54:15,790 [WARN] PackLoader:240 - Cannot read IP mode file for STMicroelectronics.X-CUBE-AZRTOS-F4.1.1.0
2026-03-14 14:54:15,804 [WARN] PackLoader:240 - Cannot read IP mode file for Avnet-IotConnect.X-CUBE-IoTC-DA16k-PMOD.1.0.0
2026-03-14 14:54:15,808 [WARN] PackLoader:240 - Cannot read IP mode file for STMicroelectronics.X-CUBE-ISPU.2.1.0
2026-03-14 14:54:15,822 [WARN] PackLoader:240 - Cannot read IP mode file for STMicroelectronics.X-CUBE-IPS.3.2.0
2026-03-14 14:54:15,838 [WARN] PackLoader:240 - Cannot read IP mode file for STMicroelectronics.X-CUBE-NFC12.1.0.0
2026-03-14 14:54:15,861 [WARN] PackLoader:240 - Cannot read IP mode file for STMicroelectronics.X-CUBE-AZRTOS-L5.2.0.0
2026-03-14 14:54:15,872 [WARN] PackLoader:240 - Cannot read IP mode file for STMicroelectronics.X-CUBE-NFC6.3.1.0
2026-03-14 14:54:15,881 [WARN] PackLoader:240 - Cannot read IP mode file for STMicroelectronics.X-CUBE-FREERTOS.1.3.1
2026-03-14 14:54:15,901 [WARN] PackLoader:240 - Cannot read IP mode file for STMicroelectronics.X-CUBE-TOUCHGFX.4.26.0
2026-03-14 14:54:15,903 [WARN] PackLoader:240 - Cannot read IP mode file for STMicroelectronics.X-CUBE-TOUCHGFX.4.26.1
2026-03-14 14:54:15,909 [WARN] PackLoader:240 - Cannot read IP mode file for STMicroelectronics.FP-SNS-STAIOTCFT.1.0.0
2026-03-14 14:54:15,916 [WARN] PackLoader:240 - Cannot read IP mode file for STMicroelectronics.X-CUBE-DPower.1.3.0
2026-03-14 14:54:15,935 [WARN] ConditionMgr:438 - getConditionDescription Invalid condition id : LAN8742 Phy interface Condition cause : null
2026-03-14 14:54:15,936 [WARN] PackLoader:240 - Cannot read IP mode file for STMicroelectronics.X-CUBE-AZRTOS-L4.2.0.0
2026-03-14 14:54:15,938 [WARN] ConditionMgr:1044 - genDependencies : Invalid condition id : LAN8742 Phy interface Condition cause : null
2026-03-14 14:54:15,939 [WARN] ConditionMgr:1044 - genDependencies : Invalid condition id : LAN8742 Phy interface Condition cause : null
2026-03-14 14:54:15,940 [WARN] ConditionMgr:1044 - genDependencies : Invalid condition id : LAN8742 Phy interface Condition cause : null
2026-03-14 14:54:15,952 [WARN] PackLoader:240 - Cannot read IP mode file for STMicroelectronics.X-CUBE-SFXS2LP1.4.0.0
2026-03-14 14:54:15,962 [WARN] PackLoader:240 - Cannot read IP mode file for STMicroelectronics.X-CUBE-ST67W61.1.2.0
2026-03-14 14:54:15,984 [WARN] PackLoader:240 - Cannot read IP mode file for STMicroelectronics.X-CUBE-BLEMGR.4.1.0
2026-03-14 14:54:16,009 [WARN] ConditionMgr:438 - getConditionDescription Invalid condition id : UX DEVICE CLASS RTOS Condition cause : null
2026-03-14 14:54:16,010 [WARN] ConditionMgr:438 - getConditionDescription Invalid condition id : UX DEVICE CLASS RTOS Condition cause : null
2026-03-14 14:54:16,013 [WARN] PackLoader:240 - Cannot read IP mode file for STMicroelectronics.X-CUBE-AZRTOS-WB.2.0.0
2026-03-14 14:54:16,014 [WARN] ConditionMgr:1044 - genDependencies : Invalid condition id : UX DEVICE CLASS RTOS Condition cause : null
2026-03-14 14:54:16,014 [WARN] ConditionMgr:1044 - genDependencies : Invalid condition id : UX DEVICE CLASS RTOS Condition cause : null
2026-03-14 14:54:16,015 [WARN] ConditionMgr:1044 - genDependencies : Invalid condition id : UX DEVICE CLASS RTOS Condition cause : null
2026-03-14 14:54:16,015 [WARN] ConditionMgr:1044 - genDependencies : Invalid condition id : UX DEVICE CLASS RTOS Condition cause : null
2026-03-14 14:54:16,015 [WARN] ConditionMgr:1044 - genDependencies : Invalid condition id : UX DEVICE CLASS RTOS Condition cause : null
2026-03-14 14:54:16,024 [WARN] PackLoader:240 - Cannot read IP mode file for STMicroelectronics.X-CUBE-GNSS1.7.0.1
2026-03-14 14:54:16,029 [WARN] PackLoader:240 - Cannot read IP mode file for STMicroelectronics.X-CUBE-TOUCHGFX.4.25.0
2026-03-14 14:54:16,032 [WARN] ConditionMgr:438 - getConditionDescription Invalid condition id : Cortex-A Device cause : null
2026-03-14 14:54:16,059 [WARN] ConditionMgr:1044 - genDependencies : Invalid condition id : Cortex-A Device cause : null
2026-03-14 14:54:16,060 [WARN] ConditionMgr:1044 - genDependencies : Invalid condition id : Cortex-A Device cause : null
2026-03-14 14:54:16,060 [WARN] ConditionMgr:1044 - genDependencies : Invalid condition id : Cortex-A Device cause : null
2026-03-14 14:54:16,066 [WARN] PackLoader:240 - Cannot read IP mode file for STMicroelectronics.X-CUBE-STSE01.2.0.0
2026-03-14 14:54:16,081 [WARN] PackLoader:240 - Cannot read IP mode file for STMicroelectronics.X-CUBE-SUBG2.5.0.0
2026-03-14 14:54:16,104 [WARN] PackLoader:240 - Cannot read IP mode file for STMicroelectronics.X-CUBE-AZRTOS-H7RS.1.1.0
2026-03-14 14:54:16,120 [WARN] PackLoader:240 - Cannot read IP mode file for Cesanta.I-CUBE-Mongoose.7.13.0
2026-03-14 14:54:16,141 [WARN] PackLoader:240 - Cannot read IP mode file for STMicroelectronics.X-CUBE-AZRTOS-G4.2.0.0
2026-03-14 14:54:16,151 [WARN] PackLoader:240 - Cannot read IP mode file for wolfSSL.I-CUBE-wolfSSH.1.4.20
2026-03-14 14:54:16,157 [WARN] PackLoader:240 - Cannot read IP mode file for STMicroelectronics.X-CUBE-NFC7.2.0.0
2026-03-14 14:54:16,170 [WARN] PackLoader:240 - Cannot read IP mode file for STMicroelectronics.X-CUBE-IPS.3.1.0
2026-03-14 14:54:16,183 [WARN] PackLoader:240 - Cannot read IP mode file for STMicroelectronics.X-CUBE-ALS.1.0.2
2026-03-14 14:54:16,198 [WARN] PackLoader:240 - Cannot read IP mode file for STMicroelectronics.X-CUBE-STSE01.1.0.0
2026-03-14 14:54:16,241 [WARN] PackLoader:240 - Cannot read IP mode file for STMicroelectronics.X-CUBE-TOF1.3.4.3
2026-03-14 14:54:16,269 [INFO] ThirdParty:978 - Integrity check success = true
2026-03-14 14:54:16,269 [INFO] IntegrityCheckThread:100 - exiting critical section [integrity check]
2026-03-14 14:54:16,269 [INFO] IntegrityCheckThread:103 - End integrity checks thread
2026-03-14 14:54:18,173 [INFO] WebApp:169 - Instantiating new browser for Auth
2026-03-14 14:54:19,661 [INFO] WebApp:463 - Apply proxy settings
2026-03-14 14:54:19,680 [INFO] WebApp:508 - Chromium authenticates against Manually configured proxy
2026-03-14 14:54:19,694 [INFO] WebApp:516 - Username used for proxy authentication: 
2026-03-14 14:54:19,740 [INFO] WebApp:900 - Register for checkConnection events
2026-03-14 14:54:19,741 [INFO] WebApp:463 - Apply proxy settings
2026-03-14 14:54:19,745 [INFO] WebApp:508 - Chromium authenticates against Manually configured proxy
2026-03-14 14:54:19,746 [INFO] WebApp:516 - Username used for proxy authentication: 
2026-03-14 14:54:19,938 [INFO] WebApp:225 - Starting web application
2026-03-14 14:54:19,938 [INFO] WebApp:593 - Web application path used /Applications/STM32CubeIDE.app/Contents/Eclipse/plugins/com.st.stm32cube.common.mx_6.15.0.202507011659/db/plugins/mcufinder/reactClient1/index.html
2026-03-14 14:54:20,509 [INFO] WebApp:191 - Connection restablished
2026-03-14 14:54:21,136 [INFO] UserAuth:487 - Internet connection configuration mode: 1
2026-03-14 15:36:40,293 [INFO] McuFinderGlobals:63 - Set McuFinder mode to 2 (CubeIDE integrated)
2026-03-14 15:36:40,307 [INFO] MainUpdater:2872 - connection check result : 10
2026-03-14 15:36:40,309 [INFO] MainUpdater:2872 - connection check result : 10
2026-03-14 15:36:40,975 [INFO] MicroXplorer:468 - Change Database Path : 
2026-03-14 15:36:40,976 [INFO] MicroXplorer:498 - Change Database Version : DB.6.0.150
2026-03-14 15:36:40,983 [WARN] ThirdParty:871 - waiting for thirdparty lock release [close project]
2026-03-14 15:36:40,984 [INFO] ThirdParty:873 - entering critical section [close project]
2026-03-14 15:36:40,995 [INFO] ThirdParty:883 - exiting critical section [close project]
2026-03-14 15:36:41,004 [INFO] PinOutPanel:1589 - setPackage(No Configuration,No Configuration)
2026-03-14 15:36:41,010 [INFO] UtilMem:75 - Begin LoadConfig() Used Memory: 668373616 Bytes (1073741824)
2026-03-14 15:36:41,015 [INFO] MicroXplorer:468 - Change Database Path : 
2026-03-14 15:36:41,015 [INFO] MicroXplorer:498 - Change Database Version : DB.6.0.150
2026-03-14 15:36:41,015 [INFO] OpenFileManager:355 - Change cursor
2026-03-14 15:36:41,147 [INFO] Mcu:2029 - Initializing MCU STM32L431C(B-C)Tx STM32L431CBTx STM32L431CBT3
2026-03-14 15:36:43,267 [INFO] Context:786 - Trying to add GPIOservice into a context  which must be forbidden
2026-03-14 15:36:44,174 [INFO] ImportTextPane:234 - (OptionalMessage_ERROR) Pin15 (VP_RIF_VS_RIF1) cannot be retrieved for this MCU
2026-03-14 15:36:44,378 [INFO] RtosManager:558 - Registered RTOS mode: class=CMSIS, group=RTOS, mode=CMSIS_V1, owner=FREERTOS
2026-03-14 15:36:44,378 [INFO] RtosManager:558 - Registered RTOS mode: class=CMSIS, group=RTOS2, mode=CMSIS_V2, owner=FREERTOS
2026-03-14 15:36:44,378 [INFO] RtosManager:558 - Registered RTOS mode: class=RTOS, group=Core, mode=CMSIS_V1, owner=FREERTOS
2026-03-14 15:36:44,378 [INFO] RtosManager:558 - Registered RTOS mode: class=RTOS, group=Core, mode=CMSIS_V2, owner=FREERTOS
2026-03-14 15:36:44,379 [WARN] ModelIntegratedComponent:184 - Missing modes for component STMicroelectronics:FreeRTOS:0.0.1:STMicroelectronics:RTOS:FreeRTOS:Core:::10.2.0:
2026-03-14 15:36:44,394 [WARN] ModelIntegratedComponent:63 - No mode defined for component null
2026-03-14 15:36:44,395 [WARN] ModelIntegratedComponent:63 - No mode defined for component null
2026-03-14 15:36:44,395 [WARN] ModelIntegratedComponent:63 - No mode defined for component null
2026-03-14 15:36:44,395 [WARN] ModelIntegratedComponent:63 - No mode defined for component null
2026-03-14 15:36:44,395 [WARN] ModelIntegratedComponent:63 - No mode defined for component null
2026-03-14 15:36:44,395 [WARN] ModelIntegratedComponent:63 - No mode defined for component null
2026-03-14 15:36:44,395 [WARN] ModelIntegratedComponent:63 - No mode defined for component null
2026-03-14 15:36:44,395 [WARN] ModelIntegratedComponent:63 - No mode defined for component null
2026-03-14 15:36:44,395 [WARN] ModelIntegratedComponent:63 - No mode defined for component null
2026-03-14 15:36:44,395 [WARN] ModelIntegratedComponent:63 - No mode defined for component null
2026-03-14 15:36:44,395 [WARN] ModelIntegratedComponent:63 - No mode defined for component null
2026-03-14 15:36:44,395 [WARN] ModelIntegratedComponent:63 - No mode defined for component null
2026-03-14 15:36:44,395 [WARN] ModelIntegratedComponent:63 - No mode defined for component null
2026-03-14 15:36:44,395 [WARN] ModelIntegratedComponent:63 - No mode defined for component null
2026-03-14 15:36:44,395 [WARN] ModelIntegratedComponent:63 - No mode defined for component null
2026-03-14 15:36:44,395 [WARN] ModelIntegratedComponent:63 - No mode defined for component null
2026-03-14 15:36:44,395 [WARN] ModelIntegratedComponent:63 - No mode defined for component null
2026-03-14 15:36:44,395 [WARN] ModelIntegratedComponent:63 - No mode defined for component null
2026-03-14 15:36:44,395 [WARN] ModelIntegratedComponent:63 - No mode defined for component null
2026-03-14 15:36:44,395 [WARN] ModelIntegratedComponent:63 - No mode defined for component null
2026-03-14 15:36:44,395 [WARN] ModelIntegratedComponent:63 - No mode defined for component null
2026-03-14 15:36:44,395 [WARN] ModelIntegratedComponent:63 - No mode defined for component null
2026-03-14 15:36:44,395 [WARN] ModelIntegratedComponent:63 - No mode defined for component null
2026-03-14 15:36:44,395 [WARN] ModelIntegratedComponent:63 - No mode defined for component null
2026-03-14 15:36:44,395 [WARN] ModelIntegratedComponent:63 - No mode defined for component null
2026-03-14 15:36:44,395 [WARN] ModelIntegratedComponent:63 - No mode defined for component null
2026-03-14 15:36:44,396 [WARN] ModelIntegratedComponent:63 - No mode defined for component null
2026-03-14 15:36:44,396 [WARN] ModelIntegratedComponent:63 - No mode defined for component null
2026-03-14 15:36:44,396 [WARN] ModelIntegratedComponent:63 - No mode defined for component null
2026-03-14 15:36:44,396 [WARN] ModelIntegratedComponent:63 - No mode defined for component null
2026-03-14 15:36:44,396 [WARN] ModelIntegratedComponent:63 - No mode defined for component null
2026-03-14 15:36:44,396 [WARN] ModelIntegratedComponent:63 - No mode defined for component null
2026-03-14 15:36:44,396 [WARN] ModelIntegratedComponent:63 - No mode defined for component null
2026-03-14 15:36:44,396 [WARN] ModelIntegratedComponent:63 - No mode defined for component null
2026-03-14 15:36:44,396 [WARN] ModelIntegratedComponent:63 - No mode defined for component null
2026-03-14 15:36:44,396 [WARN] ModelPack:524 - Component already loaded: STMicroelectronics:HAL Drivers:0.0.0:STMicroelectronics:Device:STMicro_Driver:XSPI:HAL::0.0.1:HAL_XSPI
2026-03-14 15:36:44,737 [INFO] ThirdPartyModel:298 - Start build external matchings
2026-03-14 15:36:45,334 [INFO] ThirdPartyModel:316 - End build external matchings
2026-03-14 15:36:47,592 [INFO] ApiDb:581 - Connected to CubeFinder SQLite database (/Users/karthikkurapati/.stmcufinder/plugins/mcufinder/mcu/cube-finder-db.db)
2026-03-14 15:36:47,685 [INFO] ApiDb:668 - CubeFinder database Data Model version=2.1
2026-03-14 15:36:47,685 [INFO] ApiDb:669 - CubeFinder database Configuration version=3.0.39
2026-03-14 15:36:47,689 [INFO] ApiDb:670 - CubeFinder database generation date=2025-12-22 (1766407740)
2026-03-14 15:36:47,689 [INFO] ApiDb:671 - CubeFinder database FW Pack versions=[FP-ATR-ASTRA1_V2.0.0, FP-SNS-FLIGHT1_V5.1.0, FP-SNS-MOTENV1_V5.1.0, FP-SNS-MOTENVWB1_V1.4.0, FP-SNS-SMARTAG2_V1.2.0, FP-SNS-STBOX1_V2.1.0, STM32Cube_FW_C0_V1.4.0, STM32Cube_FW_F4_V1.28.3, STM32Cube_FW_F7_V1.17.4, STM32Cube_FW_G0_V1.6.2, STM32Cube_FW_G4_V1.6.1, STM32Cube_FW_H5_V1.5.1, STM32Cube_FW_H7RS_V1.3.0, STM32Cube_FW_H7_V1.12.1, STM32Cube_FW_L0_V1.12.2, STM32Cube_FW_L4_V1.18.1, STM32Cube_FW_L5_V1.6.0, STM32Cube_FW_N6_V1.3.0, STM32Cube_FW_U0_V1.3.0, STM32Cube_FW_U3_V1.2.1, STM32Cube_FW_U5_V1.8.0, STM32Cube_FW_WB0_V1.4.0, STM32Cube_FW_WBA_V1.8.0, STM32Cube_FW_WB_V1.24.0, STM32Cube_FW_WL3_V1.3.0, STM32Cube_FW_WL_V1.4.0, X-CUBE-ALGOBUILD_V1.4.0, X-CUBE-ALS_V1.0.2, X-CUBE-AZRTOS-F4_V1.1.0, X-CUBE-AZRTOS-F7_V1.1.0, X-CUBE-AZRTOS-G0_V1.1.0, X-CUBE-AZRTOS-G4_V2.0.0, X-CUBE-AZRTOS-H7RS_V1.1.0, X-CUBE-AZRTOS-H7_V3.4.0, X-CUBE-AZRTOS-L4_V2.0.0, X-CUBE-AZRTOS-L5_V2.0.0, X-CUBE-AZRTOS-WB_V2.0.0, X-CUBE-AZRTOS-WL_V2.0.0, X-CUBE-BLE1_V7.1.0, X-CUBE-BLE2_V3.3.0, X-CUBE-BLEMGR_V4.1.0, X-CUBE-EEPRMA1_V5.2.0, X-CUBE-FREERTOS_V1.3.1, X-CUBE-GNSS1_V6.0.0, X-CUBE-MEMS1_V12.0.0, X-CUBE-NFC4_V3.0.0, X-CUBE-NFC7_V2.0.0, X-CUBE-SFXS2LP1_V4.0.0, X-CUBE-ST67W61_V1.1.0, X-CUBE-SUBG2_V5.0.0, X-CUBE-TOF1_V3.4.3]
2026-03-14 15:36:47,793 [INFO] DbBoardsSqlite:226 - include board P-NUCLEO-WB55-NUCLEO as a kit item of type 'Nucleo-64'
2026-03-14 15:36:47,794 [INFO] DbBoardsSqlite:226 - include board P-NUCLEO-WB55-USBDONGLE as a kit item of type 'Nucleo USB Dongle'
2026-03-14 15:36:47,795 [INFO] DbBoardsSqlite:226 - include board STEVAL-IDP005V1 as a kit item of type 'Evaluation Board'
2026-03-14 15:36:47,795 [INFO] DbBoardsSqlite:226 - include board STEVAL-IDP005V2 as a kit item of type 'Evaluation Board'
2026-03-14 15:36:47,925 [INFO] ApiDb:240 - Found 880 in-development CPN: [B-G473E-ZEST1S, B-WB1M-WPAN1, B-WBA5M-WPAN, B-WL5M-SUBG1, NUCLEO-C031C6, NUCLEO-C051C8, NUCLEO-C071RB, NUCLEO-C092RC, NUCLEO-H503RB, NUCLEO-H533RE, NUCLEO-H563ZI, NUCLEO-H7S3L8, NUCLEO-N657X0-Q, NUCLEO-U031R8, NUCLEO-U083RC, NUCLEO-U385RG-Q, NUCLEO-U545RE-Q, NUCLEO-U5A5ZJ-Q, NUCLEO-WB05KZ, NUCLEO-WB07CC, NUCLEO-WB09KE, NUCLEO-WBA52CG, NUCLEO-WBA55CG, NUCLEO-WL33CC1, NUCLEO-WL33CC2, STEVAL-PROTEUS1, STEVAL-SMARTAG2, STEVAL-STWINBX1, STM320518-EVAL, STM32C0116-DK, STM32C011D6Y3TR, STM32C011D6Y6TR, STM32C011F4P3, STM32C011F4P6, STM32C011F4U3, STM32C011F4U6TR, STM32C011F6P3, STM32C011F6P6, STM32C011F6U3, STM32C011F6U6TR, STM32C011J4M3, STM32C011J4M6, STM32C011J6M3, STM32C011J6M6, STM32C0316-DK, STM32C031C4T3, STM32C031C4T6, STM32C031C4U3, STM32C031C4U6, STM32C031C6T3, STM32C031C6T6, STM32C031C6U3, STM32C031C6U6, STM32C031F4P3, STM32C031F4P6, STM32C031F6P3, STM32C031F6P6, STM32C031G4U3, STM32C031G4U6, STM32C031G6U3, STM32C031G6U6, STM32C031K4T3, STM32C031K4T6, STM32C031K4U3, STM32C031K4U6, STM32C031K6T3, STM32C031K6T6, STM32C031K6U3, STM32C031K6U6, STM32C051C6T6, STM32C051C6U6, STM32C051C8T6, STM32C051C8U6, STM32C051D8Y6TR, STM32C051F6P6, STM32C051F8P6, STM32C051G6U6, STM32C051G8U6, STM32C051K6T6, STM32C051K6U6, STM32C051K8T6, STM32C071C8T6, STM32C071C8T6N, STM32C071C8U6, STM32C071C8U6N, STM32C071CBT6, STM32C071CBT6N, STM32C071CBU6, STM32C071CBU6N, STM32C071F8P6, STM32C071F8P6N, STM32C071FBP6, STM32C071FBP6N, STM32C071FBY6TR, STM32C071G8U6, STM32C071G8U6N, STM32C071GBU6, STM32C071GBU6N, STM32C071K8T6, STM32C071K8T6N, STM32C071K8U6, STM32C071K8U6N, STM32C071KBT6, STM32C071KBT6N, STM32C071KBU6, STM32C071KBU6N, STM32C071R8T6, STM32C071R8T6N, STM32C071RBI6N, STM32C071RBT6, STM32C071RBT6N, STM32C091CBT6, STM32C091CBU6, STM32C091CCT6, STM32C091CCU6, STM32C091ECY6TR, STM32C091FBP6, STM32C091FCP6, STM32C091GBU6, STM32C091GCU6, STM32C091KBT6, STM32C091KBU6, STM32C091KCT6, STM32C091KCU6, STM32C091RBT6, STM32C091RCI6, STM32C091RCT6, STM32C092CBT6, STM32C092CBU6, STM32C092CCT6, STM32C092CCU6, STM32C092ECY6TR, STM32C092FBP6, STM32C092FCP6, STM32C092GBU6, STM32C092GCU6, STM32C092KBT6, STM32C092KBU6, STM32C092KCT6, STM32C092KCU6, STM32C092RBT6, STM32C092RCI6, STM32C092RCT6, STM32G071K8TXN, STM32G071K8UXN, STM32G081GBU6N, STM32G081KBT6N, STM32G081KBUXN, STM32G0B1CCT6N, STM32G0B1KCT6, STM32G0B1NEY6TR, STM32G0B1RCT6N, STM32G0C1CCT6, STM32G0C1CCT6N, STM32G0C1CCU6N, STM32G0C1CET6N, STM32G0C1CEU6N, STM32G0C1KCT6, STM32G0C1NEY6TR, STM32G0C1RCI6N, STM32G0C1RCT6N, STM32G0C1REI6N, STM32G0C1RET6N, STM32G0C1VCI6, STM32G0C1VEI6, STM32G411C6T3, STM32G411C6T6, STM32G411C6U3, STM32G411C6U6, STM32G411C8T3, STM32G411C8T6, STM32G411C8U3, STM32G411C8U6, STM32G411CBT3, STM32G411CBT6, STM32G411CBU3, STM32G411CBU6, STM32G411K6T3, STM32G411K6T6, STM32G411K6U3, STM32G411K6U6, STM32G411K8T3, STM32G411K8T6, STM32G411K8U3, STM32G411K8U6, STM32G411KBT3, STM32G411KBT6, STM32G411KBU3, STM32G411KBU6, STM32G411M6T3, STM32G411M6T6, STM32G411M8T3, STM32G411M8T6, STM32G411MBT3, STM32G411MBT6, STM32G411R6T3, STM32G411R6T6, STM32G411R8T3, STM32G411R8T6, STM32G411RBT3, STM32G411RBT6, STM32G414CBT3, STM32G414CBT6, STM32G414CBU3, STM32G414CBU6, STM32G414CCT3, STM32G414CCT6, STM32G414CCU3, STM32G414CCU6, STM32G414MBT3, STM32G414MBT6, STM32G414MCT3, STM32G414MCT6, STM32G414RBT3, STM32G414RBT6, STM32G414RCT3, STM32G414RCT6, STM32G414VBT3, STM32G414VBT6, STM32G414VCT3, STM32G414VCT6, STM32G431CBT3Z, STM32G431RBT3Z, STM32G471CCT6, STM32G471CCU6, STM32G471CET3, STM32G471CET6, STM32G471CEU3, STM32G471CEU6, STM32G471MCT6, STM32G471MET3, STM32G471MET6, STM32G471MEY6TR, STM32G471QCT6, STM32G471QET3, STM32G471RCT6, STM32G471RET3, STM32G471RET6, STM32G471VCH6, STM32G471VCI6, STM32G471VCT6, STM32G471VEH3, STM32G471VEH6, STM32G471VEI3, STM32G471VEI6, STM32G471VET3, STM32G471VET6, STM32G473QET3Z, STM32G473RET3Z, STM32G474CCT6, STM32G491RET3Z, STM32H503CBT6, STM32H503CBU6, STM32H503EBY6TR, STM32H503KBU6, STM32H503RBT6, STM32H523CCT6, STM32H523CCU6, STM32H523CET6, STM32H523CEU6, STM32H523HEY6TR, STM32H523RCT6, STM32H523RET6, STM32H523VCI6, STM32H523VCT6, STM32H523VEI6, STM32H523VET6, STM32H523ZCJ6, STM32H523ZCT6, STM32H523ZEJ6, STM32H523ZET6, STM32H533CET6, STM32H533CEU6, STM32H533HEY6TR, STM32H533RET6, STM32H533VEI6, STM32H533VET6, STM32H533ZEJ6, STM32H533ZET6, STM32H562AGI6, STM32H562AII6, STM32H562IGK6, STM32H562IGT6, STM32H562IIK6, STM32H562IIT6, STM32H562RGT6, STM32H562RGV6, STM32H562RIT6, STM32H562RIV6, STM32H562VGT6, STM32H562VIT6, STM32H562ZGT6, STM32H562ZIT6, STM32H563AGI6, STM32H563AII3Q, STM32H563AII6, STM32H563IGK6, STM32H563IGT6, STM32H563IIK3Q, STM32H563IIK6, STM32H563IIT3Q, STM32H563IIT6, STM32H563MIY3QTR, STM32H563RGT6, STM32H563RGV6, STM32H563RIT6, STM32H563RIV6, STM32H563VGT6, STM32H563VIT3Q, STM32H563VIT6, STM32H563ZGT6, STM32H563ZIT3Q, STM32H563ZIT6, STM32H573AII3Q, STM32H573AII6, STM32H573I-DK, STM32H573IIK3Q, STM32H573IIK6, STM32H573IIT3Q, STM32H573IIT6, STM32H573MIY3QTR, STM32H573RIT6, STM32H573RIV6, STM32H573VIT3Q, STM32H573VIT6, STM32H573ZIT3Q, STM32H573ZIT6, STM32H7R3A8I6, STM32H7R3I8K6, STM32H7R3I8T6, STM32H7R3L8H6, STM32H7R3L8H6H, STM32H7R3R8V6, STM32H7R3V8H6, STM32H7R3V8T6, STM32H7R3V8Y6TR, STM32H7R3Z8J6, STM32H7R3Z8T6, STM32H7R7A8I6, STM32H7R7I8K6, STM32H7R7I8T6, STM32H7R7L8H6, STM32H7R7L8H6H, STM32H7R7Z8J6, STM32H7S3A8I6, STM32H7S3I8K6, STM32H7S3I8T6, STM32H7S3L8H6, STM32H7S3L8H6H, STM32H7S3R8V6, STM32H7S3V8H6, STM32H7S3V8T6, STM32H7S3V8Y6TR, STM32H7S3Z8J6, STM32H7S3Z8T6, STM32H7S78-DK, STM32H7S7A8I6, STM32H7S7I8K6, STM32H7S7I8T6, STM32H7S7L8H6, STM32H7S7L8H6H, STM32H7S7Z8J6, STM32L4R5QGI6STR, STM32MP131AAE3, STM32MP131AAF3, STM32MP131AAG3, STM32MP131CAE3, STM32MP131CAF3, STM32MP131CAG3, STM32MP131DAE7, STM32MP131DAF7, STM32MP131DAG7, STM32MP131FAE7, STM32MP131FAF7, STM32MP131FAG7, STM32MP133AAE3, STM32MP133AAF3, STM32MP133AAG3, STM32MP133CAE3, STM32MP133CAF3, STM32MP133CAG3, STM32MP133DAE7, STM32MP133DAF7, STM32MP133DAG7, STM32MP133FAE7, STM32MP133FAF7, STM32MP133FAG7, STM32MP135AAE3, STM32MP135AAF3, STM32MP135AAG3, STM32MP135CAE3, STM32MP135CAF3, STM32MP135CAG3, STM32MP135DAE7, STM32MP135DAF7, STM32MP135DAG7, STM32MP135F-DK, STM32MP135FAE7, STM32MP135FAF7, STM32MP135FAF7T, STM32MP135FAF7U, STM32MP135FAG7, STM32MP211AAL3, STM32MP211AAM3, STM32MP211AAN3, STM32MP211AAO3, STM32MP211CAL3, STM32MP211CAM3, STM32MP211CAN3, STM32MP211CAO3, STM32MP211DAL3, STM32MP211DAM3, STM32MP211DAN3, STM32MP211DAO3, STM32MP211FAL3, STM32MP211FAM3, STM32MP211FAN3, STM32MP211FAO3, STM32MP213AAL3, STM32MP213AAM3, STM32MP213AAN3, STM32MP213AAO3, STM32MP213CAL3, STM32MP213CAM3, STM32MP213CAN3, STM32MP213CAO3, STM32MP213DAL3, STM32MP213DAM3, STM32MP213DAN3, STM32MP213DAO3, STM32MP213FAL3, STM32MP213FAM3, STM32MP213FAN3, STM32MP213FAO3, STM32MP215AAL3, STM32MP215AAM3, STM32MP215AAN3, STM32MP215AAO3, STM32MP215CAL3, STM32MP215CAM3, STM32MP215CAN3, STM32MP215CAO3, STM32MP215DAL3, STM32MP215DAM3, STM32MP215DAN3, STM32MP215DAO3, STM32MP215F-DK, STM32MP215FAL3, STM32MP215FAM3, STM32MP215FAN3, STM32MP215FAO3, STM32MP231AAJ3, STM32MP231AAK3, STM32MP231AAL3, STM32MP231CAJ3, STM32MP231CAK3, STM32MP231CAL3, STM32MP231DAJ3, STM32MP231DAK3, STM32MP231DAL3, STM32MP231FAJ3, STM32MP231FAK3, STM32MP231FAL3, STM32MP233AAJ3, STM32MP233AAK3, STM32MP233AAL3, STM32MP233CAJ3, STM32MP233CAK3, STM32MP233CAL3, STM32MP233DAJ3, STM32MP233DAK3, STM32MP233DAL3, STM32MP233FAJ3, STM32MP233FAK3, STM32MP233FAL3, STM32MP235AAJ3, STM32MP235AAK3, STM32MP235AAL3, STM32MP235CAJ3, STM32MP235CAK3, STM32MP235CAL3, STM32MP235DAJ3, STM32MP235DAK3, STM32MP235DAL3, STM32MP235FAJ3, STM32MP235FAK3, STM32MP235FAL3, STM32MP251AAI3, STM32MP251AAK3, STM32MP251AAL3, STM32MP251CAI3, STM32MP251CAK3, STM32MP251CAL3, STM32MP251DAI3, STM32MP251DAK3, STM32MP251DAL3, STM32MP251FAI3, STM32MP251FAK3, STM32MP251FAL3, STM32MP253AAI3, STM32MP253AAK3, STM32MP253AAL3, STM32MP253CAI3, STM32MP253CAK3, STM32MP253CAL3, STM32MP253DAI3, STM32MP253DAK3, STM32MP253DAL3, STM32MP253FAI3, STM32MP253FAK3, STM32MP253FAL3, STM32MP255AAI3, STM32MP255AAK3, STM32MP255AAL3, STM32MP255CAI3, STM32MP255CAK3, STM32MP255CAL3, STM32MP255DAI3, STM32MP255DAK3, STM32MP255DAL3, STM32MP255FAI3, STM32MP255FAK3, STM32MP255FAL3, STM32MP257AAI3, STM32MP257AAK3, STM32MP257AAL3, STM32MP257CAI3, STM32MP257CAK3, STM32MP257CAL3, STM32MP257DAI3, STM32MP257DAK3, STM32MP257DAL3, STM32MP257F-DK, STM32MP257F-EV1, STM32MP257FAI3, STM32MP257FAK3, STM32MP257FAL3, STM32N645A0H3Q, STM32N645B0H3Q, STM32N645I0H3Q, STM32N645L0H3Q, STM32N645X0H3Q, STM32N645Z0H3Q, STM32N647A0H3Q, STM32N647B0H3Q, STM32N647I0H3Q, STM32N647L0H3Q, STM32N647X0H3Q, STM32N647Z0H3Q, STM32N655A0H3Q, STM32N655B0H3Q, STM32N655I0H3Q, STM32N655L0H3Q, STM32N655X0H3Q, STM32N655Z0H3Q, STM32N6570-DK, STM32N657A0H3Q, STM32N657B0H3Q, STM32N657I0H3Q, STM32N657L0H3Q, STM32N657X0H3Q, STM32N657Z0H3Q, STM32U031C6T6, STM32U031C6U6, STM32U031C8T6, STM32U031C8U6, STM32U031F4P6, STM32U031F6P6, STM32U031F8P6, STM32U031G6Y6TR, STM32U031G8Y6TR, STM32U031K4U6, STM32U031K6U6, STM32U031K8U6, STM32U031R6I6, STM32U031R6T6, STM32U031R8I6, STM32U031R8T6, STM32U073C8T6, STM32U073C8U6, STM32U073CBT6, STM32U073CBU6, STM32U073CCT6, STM32U073CCU6, STM32U073H8Y6TR, STM32U073HBY6TR, STM32U073HCY6TR, STM32U073K8U6, STM32U073KBU6, STM32U073KCU6, STM32U073M8I6, STM32U073M8T6, STM32U073MBI6, STM32U073MBT6, STM32U073MCI6, STM32U073MCT6, STM32U073R8I6, STM32U073R8T6, STM32U073RBI6, STM32U073RBT6, STM32U073RCI6, STM32U073RCT6, STM32U083C-DK, STM32U083CCT6, STM32U083CCU6, STM32U083HCY6TR, STM32U083KCU6, STM32U083MCI6, STM32U083MCT6, STM32U083RCI6, STM32U083RCT6, STM32U375CET6, STM32U375CET6Q, STM32U375CEU6, STM32U375CEU6Q, STM32U375CEY6QTR, STM32U375CGT6, STM32U375CGT6Q, STM32U375CGU6, STM32U375CGU6Q, STM32U375CGY6QTR, STM32U375KEU6, STM32U375KGU6, STM32U375REI6, STM32U375REI6Q, STM32U375RET6, STM32U375RET6Q, STM32U375REY6GTR, STM32U375REY6QTR, STM32U375RGI6, STM32U375RGI6Q, STM32U375RGT6, STM32U375RGT6Q, STM32U375RGY6GTR, STM32U375RGY6QTR, STM32U375VEI6, STM32U375VEI6Q, STM32U375VET6, STM32U375VET6Q, STM32U375VGI6, STM32U375VGI6Q, STM32U375VGT6, STM32U375VGT6Q, STM32U385CGT6, STM32U385CGT6Q, STM32U385CGU6, STM32U385CGU6Q, STM32U385CGY6QTR, STM32U385KGU6, STM32U385RGI6, STM32U385RGI6Q, STM32U385RGT6, STM32U385RGT6Q, STM32U385RGY6GTR, STM32U385RGY6QTR, STM32U385VGI6, STM32U385VGI6Q, STM32U385VGT6, STM32U385VGT6Q, STM32U535CBT6, STM32U535CBT6Q, STM32U535CBU6, STM32U535CBU6Q, STM32U535CCT6, STM32U535CCT6Q, STM32U535CCU6, STM32U535CCU6Q, STM32U535CET6, STM32U535CET6Q, STM32U535CEU6, STM32U535CEU6Q, STM32U535JEY6QTR, STM32U535NCY6QTR, STM32U535NEY6QTR, STM32U535RBI6, STM32U535RBI6Q, STM32U535RBT6, STM32U535RBT6Q, STM32U535RCI6, STM32U535RCI6Q, STM32U535RCT6, STM32U535RCT6Q, STM32U535REI6, STM32U535REI6Q, STM32U535RET6, STM32U535RET6Q, STM32U535VCI6, STM32U535VCI6Q, STM32U535VCT6, STM32U535VCT6Q, STM32U535VEI6, STM32U535VEI6Q, STM32U535VET6, STM32U535VET6Q, STM32U545CET6, STM32U545CET6Q, STM32U545CEU6, STM32U545CEU6Q, STM32U545JEY6QTR, STM32U545NEY6QTR, STM32U545REI6, STM32U545REI6Q, STM32U545RET6, STM32U545RET6Q, STM32U545VEI6, STM32U545VEI6Q, STM32U545VET6, STM32U545VET6Q, STM32U595AIH6, STM32U595AIH6Q, STM32U595AJH6, STM32U595AJH6Q, STM32U595QII6, STM32U595QII6Q, STM32U595QJI6, STM32U595QJI6Q, STM32U595RIT6, STM32U595RIT6Q, STM32U595RJT6, STM32U595RJT6Q, STM32U595VIT6, STM32U595VIT6Q, STM32U595VJT6, STM32U595VJT6Q, STM32U595ZIT6, STM32U595ZIT6Q, STM32U595ZIY6QTR, STM32U595ZJT6, STM32U595ZJT6Q, STM32U595ZJY6QTR, STM32U599BJY6QTR, STM32U599NIH6Q, STM32U599NJH6Q, STM32U599VIT6Q, STM32U599VJT6, STM32U599VJT6Q, STM32U599ZIT6Q, STM32U599ZIY6QTR, STM32U599ZJT6Q, STM32U599ZJY6QTR, STM32U5A5AJH6, STM32U5A5AJH6Q, STM32U5A5QII3Q , STM32U5A5QJI6, STM32U5A5QJI6Q, STM32U5A5RJT6, STM32U5A5RJT6Q, STM32U5A5VJT6, STM32U5A5VJT6Q, STM32U5A5ZJT6, STM32U5A5ZJT6Q, STM32U5A5ZJY6QTR, STM32U5A9BJY6QTR, STM32U5A9J-DK, STM32U5A9NJH6Q, STM32U5A9VJT6Q, STM32U5A9ZJT6Q, STM32U5A9ZJY6QTR, STM32U5F7VIT6, STM32U5F7VIT6Q, STM32U5F7VJT6, STM32U5F7VJT6Q, STM32U5F9BJY6QTR, STM32U5F9NJH6Q, STM32U5F9VIT6Q, STM32U5F9VJT6Q, STM32U5F9ZIJ6QTR, STM32U5F9ZIT6Q, STM32U5F9ZJJ6QTR, STM32U5F9ZJT6Q, STM32U5G7VJT6, STM32U5G7VJT6Q, STM32U5G9BJY6QTR, STM32U5G9J-DK1, STM32U5G9J-DK2, STM32U5G9NJH6Q, STM32U5G9VJT6Q, STM32U5G9ZJJ6QTR, STM32U5G9ZJT6Q, STM32WB05KZV6TR, STM32WB05KZV7TR, STM32WB05TZF6TR, STM32WB05TZF7TR, STM32WB06CCF6TR, STM32WB06CCF7TR, STM32WB06CCV6TR, STM32WB06CCV7TR, STM32WB06KCV6TR, STM32WB06KCV7TR, STM32WB07CCF6TR, STM32WB07CCF7TR, STM32WB07CCV6TR, STM32WB07CCV7TR, STM32WB07KCV6TR, STM32WB07KCV7TR, STM32WB09KEV6TR, STM32WB09KEV7TR, STM32WB09TEF6TR, STM32WB09TEF7TR, STM32WB1MMCH6, STM32WBA50KGU6, STM32WBA50KGU6TR, STM32WBA52CEU6, STM32WBA52CEU6TR, STM32WBA52CEU7, STM32WBA52CEU7TR, STM32WBA52CGU6, STM32WBA52CGU6TR, STM32WBA52CGU6U, STM32WBA52CGU7, STM32WBA52CGU7TR, STM32WBA52KEU6, STM32WBA52KEU6TR, STM32WBA52KGU6, STM32WBA52KGU6TR, STM32WBA54CEU6, STM32WBA54CEU6TR, STM32WBA54CEU7, STM32WBA54CEU7TR, STM32WBA54CGU6, STM32WBA54CGU6TR, STM32WBA54CGU7, STM32WBA54CGU7TR, STM32WBA54KEU6, STM32WBA54KEU6TR, STM32WBA54KEU7, STM32WBA54KEU7TR, STM32WBA54KGU6, STM32WBA54KGU6TR, STM32WBA54KGU7, STM32WBA54KGU7TR, STM32WBA55CEU6, STM32WBA55CEU6TR, STM32WBA55CEU7, STM32WBA55CEU7TR, STM32WBA55CGU6, STM32WBA55CGU6TR, STM32WBA55CGU6U, STM32WBA55CGU7, STM32WBA55CGU7TR, STM32WBA55G-DK1, STM32WBA55HEF6, STM32WBA55HEF7, STM32WBA55HGF6, STM32WBA55HGF7, STM32WBA55UEI6, STM32WBA55UEI6TR, STM32WBA55UEI7, STM32WBA55UEI7TR, STM32WBA55UGI6, STM32WBA55UGI6TR, STM32WBA55UGI7, STM32WBA55UGI7TR, STM32WBA5MMGH6TR, STM32WBA62MGF6, STM32WBA62MIF6, STM32WBA65MGF7, STM32WBA65MIF6, STM32WBA65MIF7, STM32WL30K8V6, STM32WL30KBV6, STM32WL31C8V6, STM32WL31CBV6, STM32WL31K8V6, STM32WL31KBV6, STM32WL33C8V6, STM32WL33C8V6X, STM32WL33CBV6, STM32WL33CBV6X, STM32WL33CCV6, STM32WL33CCV6A, STM32WL33CCV6X, STM32WL33K8V7, STM32WL33K8V7X, STM32WL33KBV7 , STM32WL33KBV7X, STM32WL33KCV7, STM32WL33KCV7X, STM32WL5MOCH6, STM32WL5MOCH6TR]
2026-03-14 15:36:47,930 [INFO] ApiDb:668 - CubeFinder database Data Model version=2.1
2026-03-14 15:36:47,931 [INFO] ApiDb:669 - CubeFinder database Configuration version=3.0.39
2026-03-14 15:36:47,931 [INFO] ApiDb:670 - CubeFinder database generation date=2025-12-22 (1766407740)
2026-03-14 15:36:47,932 [INFO] ApiDb:671 - CubeFinder database FW Pack versions=[FP-ATR-ASTRA1_V2.0.0, FP-SNS-FLIGHT1_V5.1.0, FP-SNS-MOTENV1_V5.1.0, FP-SNS-MOTENVWB1_V1.4.0, FP-SNS-SMARTAG2_V1.2.0, FP-SNS-STBOX1_V2.1.0, STM32Cube_FW_C0_V1.4.0, STM32Cube_FW_F4_V1.28.3, STM32Cube_FW_F7_V1.17.4, STM32Cube_FW_G0_V1.6.2, STM32Cube_FW_G4_V1.6.1, STM32Cube_FW_H5_V1.5.1, STM32Cube_FW_H7RS_V1.3.0, STM32Cube_FW_H7_V1.12.1, STM32Cube_FW_L0_V1.12.2, STM32Cube_FW_L4_V1.18.1, STM32Cube_FW_L5_V1.6.0, STM32Cube_FW_N6_V1.3.0, STM32Cube_FW_U0_V1.3.0, STM32Cube_FW_U3_V1.2.1, STM32Cube_FW_U5_V1.8.0, STM32Cube_FW_WB0_V1.4.0, STM32Cube_FW_WBA_V1.8.0, STM32Cube_FW_WB_V1.24.0, STM32Cube_FW_WL3_V1.3.0, STM32Cube_FW_WL_V1.4.0, X-CUBE-ALGOBUILD_V1.4.0, X-CUBE-ALS_V1.0.2, X-CUBE-AZRTOS-F4_V1.1.0, X-CUBE-AZRTOS-F7_V1.1.0, X-CUBE-AZRTOS-G0_V1.1.0, X-CUBE-AZRTOS-G4_V2.0.0, X-CUBE-AZRTOS-H7RS_V1.1.0, X-CUBE-AZRTOS-H7_V3.4.0, X-CUBE-AZRTOS-L4_V2.0.0, X-CUBE-AZRTOS-L5_V2.0.0, X-CUBE-AZRTOS-WB_V2.0.0, X-CUBE-AZRTOS-WL_V2.0.0, X-CUBE-BLE1_V7.1.0, X-CUBE-BLE2_V3.3.0, X-CUBE-BLEMGR_V4.1.0, X-CUBE-EEPRMA1_V5.2.0, X-CUBE-FREERTOS_V1.3.1, X-CUBE-GNSS1_V6.0.0, X-CUBE-MEMS1_V12.0.0, X-CUBE-NFC4_V3.0.0, X-CUBE-NFC7_V2.0.0, X-CUBE-SFXS2LP1_V4.0.0, X-CUBE-ST67W61_V1.1.0, X-CUBE-SUBG2_V5.0.0, X-CUBE-TOF1_V3.4.3]
2026-03-14 15:36:49,666 [INFO] ApiDb:240 - Found 880 in-development CPN: [B-G473E-ZEST1S, B-WB1M-WPAN1, B-WBA5M-WPAN, B-WL5M-SUBG1, NUCLEO-C031C6, NUCLEO-C051C8, NUCLEO-C071RB, NUCLEO-C092RC, NUCLEO-H503RB, NUCLEO-H533RE, NUCLEO-H563ZI, NUCLEO-H7S3L8, NUCLEO-N657X0-Q, NUCLEO-U031R8, NUCLEO-U083RC, NUCLEO-U385RG-Q, NUCLEO-U545RE-Q, NUCLEO-U5A5ZJ-Q, NUCLEO-WB05KZ, NUCLEO-WB07CC, NUCLEO-WB09KE, NUCLEO-WBA52CG, NUCLEO-WBA55CG, NUCLEO-WL33CC1, NUCLEO-WL33CC2, STEVAL-PROTEUS1, STEVAL-SMARTAG2, STEVAL-STWINBX1, STM320518-EVAL, STM32C0116-DK, STM32C011D6Y3TR, STM32C011D6Y6TR, STM32C011F4P3, STM32C011F4P6, STM32C011F4U3, STM32C011F4U6TR, STM32C011F6P3, STM32C011F6P6, STM32C011F6U3, STM32C011F6U6TR, STM32C011J4M3, STM32C011J4M6, STM32C011J6M3, STM32C011J6M6, STM32C0316-DK, STM32C031C4T3, STM32C031C4T6, STM32C031C4U3, STM32C031C4U6, STM32C031C6T3, STM32C031C6T6, STM32C031C6U3, STM32C031C6U6, STM32C031F4P3, STM32C031F4P6, STM32C031F6P3, STM32C031F6P6, STM32C031G4U3, STM32C031G4U6, STM32C031G6U3, STM32C031G6U6, STM32C031K4T3, STM32C031K4T6, STM32C031K4U3, STM32C031K4U6, STM32C031K6T3, STM32C031K6T6, STM32C031K6U3, STM32C031K6U6, STM32C051C6T6, STM32C051C6U6, STM32C051C8T6, STM32C051C8U6, STM32C051D8Y6TR, STM32C051F6P6, STM32C051F8P6, STM32C051G6U6, STM32C051G8U6, STM32C051K6T6, STM32C051K6U6, STM32C051K8T6, STM32C071C8T6, STM32C071C8T6N, STM32C071C8U6, STM32C071C8U6N, STM32C071CBT6, STM32C071CBT6N, STM32C071CBU6, STM32C071CBU6N, STM32C071F8P6, STM32C071F8P6N, STM32C071FBP6, STM32C071FBP6N, STM32C071FBY6TR, STM32C071G8U6, STM32C071G8U6N, STM32C071GBU6, STM32C071GBU6N, STM32C071K8T6, STM32C071K8T6N, STM32C071K8U6, STM32C071K8U6N, STM32C071KBT6, STM32C071KBT6N, STM32C071KBU6, STM32C071KBU6N, STM32C071R8T6, STM32C071R8T6N, STM32C071RBI6N, STM32C071RBT6, STM32C071RBT6N, STM32C091CBT6, STM32C091CBU6, STM32C091CCT6, STM32C091CCU6, STM32C091ECY6TR, STM32C091FBP6, STM32C091FCP6, STM32C091GBU6, STM32C091GCU6, STM32C091KBT6, STM32C091KBU6, STM32C091KCT6, STM32C091KCU6, STM32C091RBT6, STM32C091RCI6, STM32C091RCT6, STM32C092CBT6, STM32C092CBU6, STM32C092CCT6, STM32C092CCU6, STM32C092ECY6TR, STM32C092FBP6, STM32C092FCP6, STM32C092GBU6, STM32C092GCU6, STM32C092KBT6, STM32C092KBU6, STM32C092KCT6, STM32C092KCU6, STM32C092RBT6, STM32C092RCI6, STM32C092RCT6, STM32G071K8TXN, STM32G071K8UXN, STM32G081GBU6N, STM32G081KBT6N, STM32G081KBUXN, STM32G0B1CCT6N, STM32G0B1KCT6, STM32G0B1NEY6TR, STM32G0B1RCT6N, STM32G0C1CCT6, STM32G0C1CCT6N, STM32G0C1CCU6N, STM32G0C1CET6N, STM32G0C1CEU6N, STM32G0C1KCT6, STM32G0C1NEY6TR, STM32G0C1RCI6N, STM32G0C1RCT6N, STM32G0C1REI6N, STM32G0C1RET6N, STM32G0C1VCI6, STM32G0C1VEI6, STM32G411C6T3, STM32G411C6T6, STM32G411C6U3, STM32G411C6U6, STM32G411C8T3, STM32G411C8T6, STM32G411C8U3, STM32G411C8U6, STM32G411CBT3, STM32G411CBT6, STM32G411CBU3, STM32G411CBU6, STM32G411K6T3, STM32G411K6T6, STM32G411K6U3, STM32G411K6U6, STM32G411K8T3, STM32G411K8T6, STM32G411K8U3, STM32G411K8U6, STM32G411KBT3, STM32G411KBT6, STM32G411KBU3, STM32G411KBU6, STM32G411M6T3, STM32G411M6T6, STM32G411M8T3, STM32G411M8T6, STM32G411MBT3, STM32G411MBT6, STM32G411R6T3, STM32G411R6T6, STM32G411R8T3, STM32G411R8T6, STM32G411RBT3, STM32G411RBT6, STM32G414CBT3, STM32G414CBT6, STM32G414CBU3, STM32G414CBU6, STM32G414CCT3, STM32G414CCT6, STM32G414CCU3, STM32G414CCU6, STM32G414MBT3, STM32G414MBT6, STM32G414MCT3, STM32G414MCT6, STM32G414RBT3, STM32G414RBT6, STM32G414RCT3, STM32G414RCT6, STM32G414VBT3, STM32G414VBT6, STM32G414VCT3, STM32G414VCT6, STM32G431CBT3Z, STM32G431RBT3Z, STM32G471CCT6, STM32G471CCU6, STM32G471CET3, STM32G471CET6, STM32G471CEU3, STM32G471CEU6, STM32G471MCT6, STM32G471MET3, STM32G471MET6, STM32G471MEY6TR, STM32G471QCT6, STM32G471QET3, STM32G471RCT6, STM32G471RET3, STM32G471RET6, STM32G471VCH6, STM32G471VCI6, STM32G471VCT6, STM32G471VEH3, STM32G471VEH6, STM32G471VEI3, STM32G471VEI6, STM32G471VET3, STM32G471VET6, STM32G473QET3Z, STM32G473RET3Z, STM32G474CCT6, STM32G491RET3Z, STM32H503CBT6, STM32H503CBU6, STM32H503EBY6TR, STM32H503KBU6, STM32H503RBT6, STM32H523CCT6, STM32H523CCU6, STM32H523CET6, STM32H523CEU6, STM32H523HEY6TR, STM32H523RCT6, STM32H523RET6, STM32H523VCI6, STM32H523VCT6, STM32H523VEI6, STM32H523VET6, STM32H523ZCJ6, STM32H523ZCT6, STM32H523ZEJ6, STM32H523ZET6, STM32H533CET6, STM32H533CEU6, STM32H533HEY6TR, STM32H533RET6, STM32H533VEI6, STM32H533VET6, STM32H533ZEJ6, STM32H533ZET6, STM32H562AGI6, STM32H562AII6, STM32H562IGK6, STM32H562IGT6, STM32H562IIK6, STM32H562IIT6, STM32H562RGT6, STM32H562RGV6, STM32H562RIT6, STM32H562RIV6, STM32H562VGT6, STM32H562VIT6, STM32H562ZGT6, STM32H562ZIT6, STM32H563AGI6, STM32H563AII3Q, STM32H563AII6, STM32H563IGK6, STM32H563IGT6, STM32H563IIK3Q, STM32H563IIK6, STM32H563IIT3Q, STM32H563IIT6, STM32H563MIY3QTR, STM32H563RGT6, STM32H563RGV6, STM32H563RIT6, STM32H563RIV6, STM32H563VGT6, STM32H563VIT3Q, STM32H563VIT6, STM32H563ZGT6, STM32H563ZIT3Q, STM32H563ZIT6, STM32H573AII3Q, STM32H573AII6, STM32H573I-DK, STM32H573IIK3Q, STM32H573IIK6, STM32H573IIT3Q, STM32H573IIT6, STM32H573MIY3QTR, STM32H573RIT6, STM32H573RIV6, STM32H573VIT3Q, STM32H573VIT6, STM32H573ZIT3Q, STM32H573ZIT6, STM32H7R3A8I6, STM32H7R3I8K6, STM32H7R3I8T6, STM32H7R3L8H6, STM32H7R3L8H6H, STM32H7R3R8V6, STM32H7R3V8H6, STM32H7R3V8T6, STM32H7R3V8Y6TR, STM32H7R3Z8J6, STM32H7R3Z8T6, STM32H7R7A8I6, STM32H7R7I8K6, STM32H7R7I8T6, STM32H7R7L8H6, STM32H7R7L8H6H, STM32H7R7Z8J6, STM32H7S3A8I6, STM32H7S3I8K6, STM32H7S3I8T6, STM32H7S3L8H6, STM32H7S3L8H6H, STM32H7S3R8V6, STM32H7S3V8H6, STM32H7S3V8T6, STM32H7S3V8Y6TR, STM32H7S3Z8J6, STM32H7S3Z8T6, STM32H7S78-DK, STM32H7S7A8I6, STM32H7S7I8K6, STM32H7S7I8T6, STM32H7S7L8H6, STM32H7S7L8H6H, STM32H7S7Z8J6, STM32L4R5QGI6STR, STM32MP131AAE3, STM32MP131AAF3, STM32MP131AAG3, STM32MP131CAE3, STM32MP131CAF3, STM32MP131CAG3, STM32MP131DAE7, STM32MP131DAF7, STM32MP131DAG7, STM32MP131FAE7, STM32MP131FAF7, STM32MP131FAG7, STM32MP133AAE3, STM32MP133AAF3, STM32MP133AAG3, STM32MP133CAE3, STM32MP133CAF3, STM32MP133CAG3, STM32MP133DAE7, STM32MP133DAF7, STM32MP133DAG7, STM32MP133FAE7, STM32MP133FAF7, STM32MP133FAG7, STM32MP135AAE3, STM32MP135AAF3, STM32MP135AAG3, STM32MP135CAE3, STM32MP135CAF3, STM32MP135CAG3, STM32MP135DAE7, STM32MP135DAF7, STM32MP135DAG7, STM32MP135F-DK, STM32MP135FAE7, STM32MP135FAF7, STM32MP135FAF7T, STM32MP135FAF7U, STM32MP135FAG7, STM32MP211AAL3, STM32MP211AAM3, STM32MP211AAN3, STM32MP211AAO3, STM32MP211CAL3, STM32MP211CAM3, STM32MP211CAN3, STM32MP211CAO3, STM32MP211DAL3, STM32MP211DAM3, STM32MP211DAN3, STM32MP211DAO3, STM32MP211FAL3, STM32MP211FAM3, STM32MP211FAN3, STM32MP211FAO3, STM32MP213AAL3, STM32MP213AAM3, STM32MP213AAN3, STM32MP213AAO3, STM32MP213CAL3, STM32MP213CAM3, STM32MP213CAN3, STM32MP213CAO3, STM32MP213DAL3, STM32MP213DAM3, STM32MP213DAN3, STM32MP213DAO3, STM32MP213FAL3, STM32MP213FAM3, STM32MP213FAN3, STM32MP213FAO3, STM32MP215AAL3, STM32MP215AAM3, STM32MP215AAN3, STM32MP215AAO3, STM32MP215CAL3, STM32MP215CAM3, STM32MP215CAN3, STM32MP215CAO3, STM32MP215DAL3, STM32MP215DAM3, STM32MP215DAN3, STM32MP215DAO3, STM32MP215F-DK, STM32MP215FAL3, STM32MP215FAM3, STM32MP215FAN3, STM32MP215FAO3, STM32MP231AAJ3, STM32MP231AAK3, STM32MP231AAL3, STM32MP231CAJ3, STM32MP231CAK3, STM32MP231CAL3, STM32MP231DAJ3, STM32MP231DAK3, STM32MP231DAL3, STM32MP231FAJ3, STM32MP231FAK3, STM32MP231FAL3, STM32MP233AAJ3, STM32MP233AAK3, STM32MP233AAL3, STM32MP233CAJ3, STM32MP233CAK3, STM32MP233CAL3, STM32MP233DAJ3, STM32MP233DAK3, STM32MP233DAL3, STM32MP233FAJ3, STM32MP233FAK3, STM32MP233FAL3, STM32MP235AAJ3, STM32MP235AAK3, STM32MP235AAL3, STM32MP235CAJ3, STM32MP235CAK3, STM32MP235CAL3, STM32MP235DAJ3, STM32MP235DAK3, STM32MP235DAL3, STM32MP235FAJ3, STM32MP235FAK3, STM32MP235FAL3, STM32MP251AAI3, STM32MP251AAK3, STM32MP251AAL3, STM32MP251CAI3, STM32MP251CAK3, STM32MP251CAL3, STM32MP251DAI3, STM32MP251DAK3, STM32MP251DAL3, STM32MP251FAI3, STM32MP251FAK3, STM32MP251FAL3, STM32MP253AAI3, STM32MP253AAK3, STM32MP253AAL3, STM32MP253CAI3, STM32MP253CAK3, STM32MP253CAL3, STM32MP253DAI3, STM32MP253DAK3, STM32MP253DAL3, STM32MP253FAI3, STM32MP253FAK3, STM32MP253FAL3, STM32MP255AAI3, STM32MP255AAK3, STM32MP255AAL3, STM32MP255CAI3, STM32MP255CAK3, STM32MP255CAL3, STM32MP255DAI3, STM32MP255DAK3, STM32MP255DAL3, STM32MP255FAI3, STM32MP255FAK3, STM32MP255FAL3, STM32MP257AAI3, STM32MP257AAK3, STM32MP257AAL3, STM32MP257CAI3, STM32MP257CAK3, STM32MP257CAL3, STM32MP257DAI3, STM32MP257DAK3, STM32MP257DAL3, STM32MP257F-DK, STM32MP257F-EV1, STM32MP257FAI3, STM32MP257FAK3, STM32MP257FAL3, STM32N645A0H3Q, STM32N645B0H3Q, STM32N645I0H3Q, STM32N645L0H3Q, STM32N645X0H3Q, STM32N645Z0H3Q, STM32N647A0H3Q, STM32N647B0H3Q, STM32N647I0H3Q, STM32N647L0H3Q, STM32N647X0H3Q, STM32N647Z0H3Q, STM32N655A0H3Q, STM32N655B0H3Q, STM32N655I0H3Q, STM32N655L0H3Q, STM32N655X0H3Q, STM32N655Z0H3Q, STM32N6570-DK, STM32N657A0H3Q, STM32N657B0H3Q, STM32N657I0H3Q, STM32N657L0H3Q, STM32N657X0H3Q, STM32N657Z0H3Q, STM32U031C6T6, STM32U031C6U6, STM32U031C8T6, STM32U031C8U6, STM32U031F4P6, STM32U031F6P6, STM32U031F8P6, STM32U031G6Y6TR, STM32U031G8Y6TR, STM32U031K4U6, STM32U031K6U6, STM32U031K8U6, STM32U031R6I6, STM32U031R6T6, STM32U031R8I6, STM32U031R8T6, STM32U073C8T6, STM32U073C8U6, STM32U073CBT6, STM32U073CBU6, STM32U073CCT6, STM32U073CCU6, STM32U073H8Y6TR, STM32U073HBY6TR, STM32U073HCY6TR, STM32U073K8U6, STM32U073KBU6, STM32U073KCU6, STM32U073M8I6, STM32U073M8T6, STM32U073MBI6, STM32U073MBT6, STM32U073MCI6, STM32U073MCT6, STM32U073R8I6, STM32U073R8T6, STM32U073RBI6, STM32U073RBT6, STM32U073RCI6, STM32U073RCT6, STM32U083C-DK, STM32U083CCT6, STM32U083CCU6, STM32U083HCY6TR, STM32U083KCU6, STM32U083MCI6, STM32U083MCT6, STM32U083RCI6, STM32U083RCT6, STM32U375CET6, STM32U375CET6Q, STM32U375CEU6, STM32U375CEU6Q, STM32U375CEY6QTR, STM32U375CGT6, STM32U375CGT6Q, STM32U375CGU6, STM32U375CGU6Q, STM32U375CGY6QTR, STM32U375KEU6, STM32U375KGU6, STM32U375REI6, STM32U375REI6Q, STM32U375RET6, STM32U375RET6Q, STM32U375REY6GTR, STM32U375REY6QTR, STM32U375RGI6, STM32U375RGI6Q, STM32U375RGT6, STM32U375RGT6Q, STM32U375RGY6GTR, STM32U375RGY6QTR, STM32U375VEI6, STM32U375VEI6Q, STM32U375VET6, STM32U375VET6Q, STM32U375VGI6, STM32U375VGI6Q, STM32U375VGT6, STM32U375VGT6Q, STM32U385CGT6, STM32U385CGT6Q, STM32U385CGU6, STM32U385CGU6Q, STM32U385CGY6QTR, STM32U385KGU6, STM32U385RGI6, STM32U385RGI6Q, STM32U385RGT6, STM32U385RGT6Q, STM32U385RGY6GTR, STM32U385RGY6QTR, STM32U385VGI6, STM32U385VGI6Q, STM32U385VGT6, STM32U385VGT6Q, STM32U535CBT6, STM32U535CBT6Q, STM32U535CBU6, STM32U535CBU6Q, STM32U535CCT6, STM32U535CCT6Q, STM32U535CCU6, STM32U535CCU6Q, STM32U535CET6, STM32U535CET6Q, STM32U535CEU6, STM32U535CEU6Q, STM32U535JEY6QTR, STM32U535NCY6QTR, STM32U535NEY6QTR, STM32U535RBI6, STM32U535RBI6Q, STM32U535RBT6, STM32U535RBT6Q, STM32U535RCI6, STM32U535RCI6Q, STM32U535RCT6, STM32U535RCT6Q, STM32U535REI6, STM32U535REI6Q, STM32U535RET6, STM32U535RET6Q, STM32U535VCI6, STM32U535VCI6Q, STM32U535VCT6, STM32U535VCT6Q, STM32U535VEI6, STM32U535VEI6Q, STM32U535VET6, STM32U535VET6Q, STM32U545CET6, STM32U545CET6Q, STM32U545CEU6, STM32U545CEU6Q, STM32U545JEY6QTR, STM32U545NEY6QTR, STM32U545REI6, STM32U545REI6Q, STM32U545RET6, STM32U545RET6Q, STM32U545VEI6, STM32U545VEI6Q, STM32U545VET6, STM32U545VET6Q, STM32U595AIH6, STM32U595AIH6Q, STM32U595AJH6, STM32U595AJH6Q, STM32U595QII6, STM32U595QII6Q, STM32U595QJI6, STM32U595QJI6Q, STM32U595RIT6, STM32U595RIT6Q, STM32U595RJT6, STM32U595RJT6Q, STM32U595VIT6, STM32U595VIT6Q, STM32U595VJT6, STM32U595VJT6Q, STM32U595ZIT6, STM32U595ZIT6Q, STM32U595ZIY6QTR, STM32U595ZJT6, STM32U595ZJT6Q, STM32U595ZJY6QTR, STM32U599BJY6QTR, STM32U599NIH6Q, STM32U599NJH6Q, STM32U599VIT6Q, STM32U599VJT6, STM32U599VJT6Q, STM32U599ZIT6Q, STM32U599ZIY6QTR, STM32U599ZJT6Q, STM32U599ZJY6QTR, STM32U5A5AJH6, STM32U5A5AJH6Q, STM32U5A5QII3Q , STM32U5A5QJI6, STM32U5A5QJI6Q, STM32U5A5RJT6, STM32U5A5RJT6Q, STM32U5A5VJT6, STM32U5A5VJT6Q, STM32U5A5ZJT6, STM32U5A5ZJT6Q, STM32U5A5ZJY6QTR, STM32U5A9BJY6QTR, STM32U5A9J-DK, STM32U5A9NJH6Q, STM32U5A9VJT6Q, STM32U5A9ZJT6Q, STM32U5A9ZJY6QTR, STM32U5F7VIT6, STM32U5F7VIT6Q, STM32U5F7VJT6, STM32U5F7VJT6Q, STM32U5F9BJY6QTR, STM32U5F9NJH6Q, STM32U5F9VIT6Q, STM32U5F9VJT6Q, STM32U5F9ZIJ6QTR, STM32U5F9ZIT6Q, STM32U5F9ZJJ6QTR, STM32U5F9ZJT6Q, STM32U5G7VJT6, STM32U5G7VJT6Q, STM32U5G9BJY6QTR, STM32U5G9J-DK1, STM32U5G9J-DK2, STM32U5G9NJH6Q, STM32U5G9VJT6Q, STM32U5G9ZJJ6QTR, STM32U5G9ZJT6Q, STM32WB05KZV6TR, STM32WB05KZV7TR, STM32WB05TZF6TR, STM32WB05TZF7TR, STM32WB06CCF6TR, STM32WB06CCF7TR, STM32WB06CCV6TR, STM32WB06CCV7TR, STM32WB06KCV6TR, STM32WB06KCV7TR, STM32WB07CCF6TR, STM32WB07CCF7TR, STM32WB07CCV6TR, STM32WB07CCV7TR, STM32WB07KCV6TR, STM32WB07KCV7TR, STM32WB09KEV6TR, STM32WB09KEV7TR, STM32WB09TEF6TR, STM32WB09TEF7TR, STM32WB1MMCH6, STM32WBA50KGU6, STM32WBA50KGU6TR, STM32WBA52CEU6, STM32WBA52CEU6TR, STM32WBA52CEU7, STM32WBA52CEU7TR, STM32WBA52CGU6, STM32WBA52CGU6TR, STM32WBA52CGU6U, STM32WBA52CGU7, STM32WBA52CGU7TR, STM32WBA52KEU6, STM32WBA52KEU6TR, STM32WBA52KGU6, STM32WBA52KGU6TR, STM32WBA54CEU6, STM32WBA54CEU6TR, STM32WBA54CEU7, STM32WBA54CEU7TR, STM32WBA54CGU6, STM32WBA54CGU6TR, STM32WBA54CGU7, STM32WBA54CGU7TR, STM32WBA54KEU6, STM32WBA54KEU6TR, STM32WBA54KEU7, STM32WBA54KEU7TR, STM32WBA54KGU6, STM32WBA54KGU6TR, STM32WBA54KGU7, STM32WBA54KGU7TR, STM32WBA55CEU6, STM32WBA55CEU6TR, STM32WBA55CEU7, STM32WBA55CEU7TR, STM32WBA55CGU6, STM32WBA55CGU6TR, STM32WBA55CGU6U, STM32WBA55CGU7, STM32WBA55CGU7TR, STM32WBA55G-DK1, STM32WBA55HEF6, STM32WBA55HEF7, STM32WBA55HGF6, STM32WBA55HGF7, STM32WBA55UEI6, STM32WBA55UEI6TR, STM32WBA55UEI7, STM32WBA55UEI7TR, STM32WBA55UGI6, STM32WBA55UGI6TR, STM32WBA55UGI7, STM32WBA55UGI7TR, STM32WBA5MMGH6TR, STM32WBA62MGF6, STM32WBA62MIF6, STM32WBA65MGF7, STM32WBA65MIF6, STM32WBA65MIF7, STM32WL30K8V6, STM32WL30KBV6, STM32WL31C8V6, STM32WL31CBV6, STM32WL31K8V6, STM32WL31KBV6, STM32WL33C8V6, STM32WL33C8V6X, STM32WL33CBV6, STM32WL33CBV6X, STM32WL33CCV6, STM32WL33CCV6A, STM32WL33CCV6X, STM32WL33K8V7, STM32WL33K8V7X, STM32WL33KBV7 , STM32WL33KBV7X, STM32WL33KCV7, STM32WL33KCV7X, STM32WL5MOCH6, STM32WL5MOCH6TR]
2026-03-14 15:36:49,675 [INFO] DbMcus:218 - Found 4876 MCUs, 4876 are supported
2026-03-14 15:36:49,676 [INFO] ApiDb:423 - Load user favorites file /Users/karthikkurapati/.stm32cubeide/favorites.mcus.txt: 0 item(s)
2026-03-14 15:36:49,676 [INFO] ApiDb:427 - User favorites MCUs=[]
2026-03-14 15:36:49,676 [INFO] DbMcus:224 - Set 0 / 0 favorites MCUs
2026-03-14 15:36:50,234 [INFO] BoardInfo:889 - No configuration file found for board P-NUCLEO-WB55
2026-03-14 15:36:50,234 [INFO] DbBoards:161 - Kit is not supported: P-NUCLEO-WB55
2026-03-14 15:36:50,240 [INFO] BoardInfo:889 - No configuration file found for board STEVAL-BFA001V1B
2026-03-14 15:36:50,241 [INFO] DbBoards:161 - Kit is not supported: STEVAL-BFA001V1B
2026-03-14 15:36:50,242 [INFO] BoardInfo:889 - No configuration file found for board STEVAL-BFA001V2B
2026-03-14 15:36:50,243 [INFO] DbBoards:161 - Kit is not supported: STEVAL-BFA001V2B
2026-03-14 15:36:50,395 [INFO] DbBoards:168 - Found 212 boards, 209 are supported
2026-03-14 15:36:50,395 [INFO] DbBoards:169 - Found 212 boards, 43 of them is supported for  Bsp
2026-03-14 15:36:50,398 [INFO] ApiDb:423 - Load user favorites file /Users/karthikkurapati/.stm32cubeide/favorites.boards.txt: 0 item(s)
2026-03-14 15:36:50,399 [INFO] ApiDb:427 - User favorites Boards=[]
2026-03-14 15:36:50,399 [INFO] DbBoards:198 - Set 0 / 0 favorites Boards
2026-03-14 15:36:50,478 [INFO] UtilMem:75 - End LoadConfig() Used Memory: 893511904 Bytes (1073741824)
2026-03-14 15:36:50,752 [WARN] ThirdParty:833 - waiting for thirdparty lock release [change project]
2026-03-14 15:36:50,762 [INFO] ThirdParty:835 - entering critical section [change project]
2026-03-14 15:36:50,763 [INFO] ThirdParty:1030 - CMSIS Pack Vendor :STMicroelectronics X-CUBE-AZRTOS-H7 3.5.0
2026-03-14 15:36:50,763 [INFO] ThirdParty:1030 - CMSIS Pack Vendor :STMicroelectronics X-CUBE-PM33A1 1.0.0
2026-03-14 15:36:50,763 [INFO] ThirdParty:1030 - CMSIS Pack Vendor :STMicroelectronics USBPD 4.1
2026-03-14 15:36:50,763 [INFO] ThirdParty:1030 - CMSIS Pack Vendor :STMicroelectronics USB_HOST 2.0.0
2026-03-14 15:36:50,763 [INFO] ThirdParty:1030 - CMSIS Pack Vendor :STMicroelectronics FP-SNS-MOTENVWB1 1.4.0
2026-03-14 15:36:50,763 [INFO] ThirdParty:1030 - CMSIS Pack Vendor :STMicroelectronics X-CUBE-AZRTOS-F4 1.1.0
2026-03-14 15:36:50,764 [INFO] ThirdParty:1030 - CMSIS Pack Vendor :STMicroelectronics LIBJPEG 8.0.0
2026-03-14 15:36:50,764 [INFO] ThirdParty:1030 - CMSIS Pack Vendor :STMicroelectronics FP-ATR-ASTRA1 2.0.2
2026-03-14 15:36:50,764 [INFO] ThirdParty:1030 - CMSIS Pack Vendor :Avnet-IotConnect X-CUBE-IoTC-DA16k-PMOD 1.0.0
2026-03-14 15:36:50,764 [INFO] ThirdParty:1030 - CMSIS Pack Vendor :STMicroelectronics X-CUBE-SMBUS 2.1.0
2026-03-14 15:36:50,764 [INFO] ThirdParty:1030 - CMSIS Pack Vendor :STMicroelectronics X-CUBE-ISPU 2.1.0
2026-03-14 15:36:50,764 [INFO] ThirdParty:1030 - CMSIS Pack Vendor :STMicroelectronics X-CUBE-IPS 3.2.0
2026-03-14 15:36:50,764 [INFO] ThirdParty:1030 - CMSIS Pack Vendor :STMicroelectronics X-CUBE-ST60 1.0.0
2026-03-14 15:36:50,764 [INFO] ThirdParty:1030 - CMSIS Pack Vendor :STMicroelectronics X-CUBE-NFC12 1.0.0
2026-03-14 15:36:50,764 [INFO] ThirdParty:1030 - CMSIS Pack Vendor :STMicroelectronics X-CUBE-AZRTOS-F7 1.1.0
2026-03-14 15:36:50,764 [INFO] ThirdParty:1030 - CMSIS Pack Vendor :STMicroelectronics X-CUBE-AZRTOS-L5 2.0.0
2026-03-14 15:36:50,764 [INFO] ThirdParty:1030 - CMSIS Pack Vendor :STMicroelectronics USB_DEVICE 2.0.0
2026-03-14 15:36:50,764 [INFO] ThirdParty:1030 - CMSIS Pack Vendor :STMicroelectronics X-CUBE-NFC6 3.1.0
2026-03-14 15:36:50,764 [INFO] ThirdParty:1030 - CMSIS Pack Vendor :STMicroelectronics FP-SNS-MOTENV1 5.1.0
2026-03-14 15:36:50,764 [INFO] ThirdParty:1030 - CMSIS Pack Vendor :STMicroelectronics FreeRTOS 0.0.1
2026-03-14 15:36:50,764 [INFO] ThirdParty:1030 - CMSIS Pack Vendor :WES I-CUBE-Cesium 1.4.0
2026-03-14 15:36:50,764 [INFO] ThirdParty:1030 - CMSIS Pack Vendor :Infineon AIROC-Wi-Fi-Bluetooth-STM32 1.7.1
2026-03-14 15:36:50,765 [INFO] ThirdParty:1030 - CMSIS Pack Vendor :STMicroelectronics PDM2PCM 3.3.0
2026-03-14 15:36:50,766 [INFO] ThirdParty:1030 - CMSIS Pack Vendor :STMicroelectronics X-CUBE-AZRTOS-H7 3.4.0
2026-03-14 15:36:50,766 [INFO] ThirdParty:1030 - CMSIS Pack Vendor :STMicroelectronics X-CUBE-DISPLAY 3.0.0
2026-03-14 15:36:50,766 [INFO] ThirdParty:1030 - CMSIS Pack Vendor :STMicroelectronics FP-SNS-MOTENVWB1 1.5.0
2026-03-14 15:36:50,766 [INFO] ThirdParty:1030 - CMSIS Pack Vendor :STMicroelectronics X-CUBE-NFC10 1.0.0
2026-03-14 15:36:50,766 [INFO] ThirdParty:1030 - CMSIS Pack Vendor :STMicroelectronics X-CUBE-FREERTOS 1.3.1
2026-03-14 15:36:50,766 [INFO] ThirdParty:1030 - CMSIS Pack Vendor :STMicroelectronics HAL Drivers 0.0.0
2026-03-14 15:36:50,766 [INFO] ThirdParty:1030 - CMSIS Pack Vendor :STMicroelectronics X-CUBE-ST60 1.1.0
2026-03-14 15:36:50,766 [INFO] ThirdParty:1030 - CMSIS Pack Vendor :emotas I-CUBE-CANOPEN 1.3.0
2026-03-14 15:36:50,766 [INFO] ThirdParty:1030 - CMSIS Pack Vendor :STMicroelectronics MBEDTLS 2.14.1
2026-03-14 15:36:50,767 [INFO] ThirdParty:1030 - CMSIS Pack Vendor :STMicroelectronics X-CUBE-GNSS1 7.1.0
2026-03-14 15:36:50,767 [INFO] ThirdParty:1030 - CMSIS Pack Vendor :STMicroelectronics X-CUBE-TOUCHGFX 4.26.0
2026-03-14 15:36:50,767 [INFO] ThirdParty:1030 - CMSIS Pack Vendor :STMicroelectronics X-CUBE-TOUCHGFX 4.26.1
2026-03-14 15:36:50,767 [INFO] ThirdParty:1030 - CMSIS Pack Vendor :STMicroelectronics FP-SNS-STBOX1 2.1.0
2026-03-14 15:36:50,767 [INFO] ThirdParty:1030 - CMSIS Pack Vendor :STMicroelectronics FP-SNS-STAIOTCFT 1.0.0
2026-03-14 15:36:50,767 [INFO] ThirdParty:1030 - CMSIS Pack Vendor :STMicroelectronics FP-SNS-SMARTAG2 1.2.0
2026-03-14 15:36:50,767 [INFO] ThirdParty:1030 - CMSIS Pack Vendor :STMicroelectronics FP-SNS-FLIGHT1 5.1.0
2026-03-14 15:36:50,767 [INFO] ThirdParty:1030 - CMSIS Pack Vendor :STMicroelectronics X-CUBE-AZRTOS-WL 2.0.0
2026-03-14 15:36:50,767 [INFO] ThirdParty:1030 - CMSIS Pack Vendor :STMicroelectronics X-CUBE-DPower 1.3.0
2026-03-14 15:36:50,767 [INFO] ThirdParty:1030 - CMSIS Pack Vendor :STMicroelectronics FP-SNS-MOTENV1 5.0.0
2026-03-14 15:36:50,767 [INFO] ThirdParty:1030 - CMSIS Pack Vendor :STMicroelectronics USB_DEVICE 1.0.0
2026-03-14 15:36:50,767 [INFO] ThirdParty:1030 - CMSIS Pack Vendor :STMicroelectronics X-CUBE-AZRTOS-H7RS 1.2.0
2026-03-14 15:36:50,767 [INFO] ThirdParty:1030 - CMSIS Pack Vendor :STMicroelectronics X-CUBE-AZRTOS-L4 2.0.0
2026-03-14 15:36:50,767 [INFO] ThirdParty:1030 - CMSIS Pack Vendor :STMicroelectronics ThreadX 0.0.2
2026-03-14 15:36:50,767 [INFO] ThirdParty:1030 - CMSIS Pack Vendor :STMicroelectronics lwIP 2.1.2
2026-03-14 15:36:50,767 [INFO] ThirdParty:1030 - CMSIS Pack Vendor :STMicroelectronics X-CUBE-SFXS2LP1 4.0.0
2026-03-14 15:36:50,767 [INFO] ThirdParty:1030 - CMSIS Pack Vendor :STMicroelectronics X-CUBE-BLE2 3.3.0
2026-03-14 15:36:50,767 [INFO] ThirdParty:1030 - CMSIS Pack Vendor :Avnet-IOTCONNECT X-CUBE-iotc-st67-sdk 1.0.0
2026-03-14 15:36:50,767 [INFO] ThirdParty:1030 - CMSIS Pack Vendor :STMicroelectronics PDM2PCM 3.2.0
2026-03-14 15:36:50,767 [INFO] ThirdParty:1030 - CMSIS Pack Vendor :STMicroelectronics X-CUBE-ST67W61 1.2.0
2026-03-14 15:36:50,767 [INFO] ThirdParty:1030 - CMSIS Pack Vendor :STMicroelectronics X-CUBE-NFC9 1.0.0
2026-03-14 15:36:50,767 [INFO] ThirdParty:1030 - CMSIS Pack Vendor :wolfSSL I-CUBE-wolfSSL 5.8.2
2026-03-14 15:36:50,767 [INFO] ThirdParty:1030 - CMSIS Pack Vendor :STMicroelectronics X-CUBE-BLE1 7.1.0
2026-03-14 15:36:50,767 [INFO] ThirdParty:1030 - CMSIS Pack Vendor :wolfSSL I-CUBE-wolfMQTT 1.19.2
2026-03-14 15:36:50,767 [INFO] ThirdParty:1030 - CMSIS Pack Vendor :STMicroelectronics USB_DEVICE 3.0.0
2026-03-14 15:36:50,767 [INFO] ThirdParty:1030 - CMSIS Pack Vendor :STMicroelectronics X-CUBE-FREERTOS 1.4.0
2026-03-14 15:36:50,767 [INFO] ThirdParty:1030 - CMSIS Pack Vendor :STMicroelectronics X-CUBE-EEPRMA1 5.2.0
2026-03-14 15:36:50,767 [INFO] ThirdParty:1030 - CMSIS Pack Vendor :STMicroelectronics X-CUBE-BLEMGR 4.1.0
2026-03-14 15:36:50,767 [INFO] ThirdParty:1030 - CMSIS Pack Vendor :STMicroelectronics X-CUBE-AZRTOS-WB 2.0.0
2026-03-14 15:36:50,767 [INFO] ThirdParty:1030 - CMSIS Pack Vendor :STMicroelectronics X-CUBE-GNSS1 7.0.1
2026-03-14 15:36:50,767 [INFO] ThirdParty:1030 - CMSIS Pack Vendor :STMicroelectronics X-CUBE-TOUCHGFX 4.25.0
2026-03-14 15:36:50,767 [INFO] ThirdParty:1030 - CMSIS Pack Vendor :STMicroelectronics X-CUBE-ST67W61 1.1.0
2026-03-14 15:36:50,767 [INFO] ThirdParty:1030 - CMSIS Pack Vendor :quantropi X-CUBE-qispace-sdk-base 2.1.0
2026-03-14 15:36:50,767 [INFO] ThirdParty:1030 - CMSIS Pack Vendor :STMicroelectronics X-CUBE-MEMS1 12.0.0
2026-03-14 15:36:50,767 [INFO] ThirdParty:1030 - CMSIS Pack Vendor :STMicroelectronics X-CUBE-STSE01 2.0.0
2026-03-14 15:36:50,767 [INFO] ThirdParty:1030 - CMSIS Pack Vendor :STMicroelectronics X-CUBE-AZRTOS-G0 1.1.0
2026-03-14 15:36:50,767 [INFO] ThirdParty:1030 - CMSIS Pack Vendor :STMicroelectronics X-CUBE-SAFEA1 1.2.2
2026-03-14 15:36:50,767 [INFO] ThirdParty:1030 - CMSIS Pack Vendor :STMicroelectronics X-CUBE-NFC4 3.0.0
2026-03-14 15:36:50,767 [INFO] ThirdParty:1030 - CMSIS Pack Vendor :STMicroelectronics X-CUBE-SUBG2 5.0.0
2026-03-14 15:36:50,767 [INFO] ThirdParty:1030 - CMSIS Pack Vendor :STMicroelectronics X-CUBE-AZRTOS-H7RS 1.1.0
2026-03-14 15:36:50,768 [INFO] ThirdParty:1030 - CMSIS Pack Vendor :STMicroelectronics STM32_WPAN 1.0.0
2026-03-14 15:36:50,768 [INFO] ThirdParty:1030 - CMSIS Pack Vendor :EmbeddedOffice I-CUBE-FS-RTOS 1.0.1
2026-03-14 15:36:50,768 [INFO] ThirdParty:1030 - CMSIS Pack Vendor :STMicroelectronics lwIP 2.0.3
2026-03-14 15:36:50,768 [INFO] ThirdParty:1030 - CMSIS Pack Vendor :Cesanta I-CUBE-Mongoose 7.13.0
2026-03-14 15:36:50,768 [INFO] ThirdParty:1030 - CMSIS Pack Vendor :STMicroelectronics USB_HOST 1.0.0
2026-03-14 15:36:50,768 [INFO] ThirdParty:1030 - CMSIS Pack Vendor :STMicroelectronics X-CUBE-AZRTOS-G4 2.0.0
2026-03-14 15:36:50,768 [INFO] ThirdParty:1030 - CMSIS Pack Vendor :STMicroelectronics X-CUBE-WB05N 2.0.0
2026-03-14 15:36:50,768 [INFO] ThirdParty:1030 - CMSIS Pack Vendor :STMicroelectronics PDM2PCM 3.1.0
2026-03-14 15:36:50,768 [INFO] ThirdParty:1030 - CMSIS Pack Vendor :wolfSSL I-CUBE-wolfTPM 3.8.0
2026-03-14 15:36:50,769 [INFO] ThirdParty:1030 - CMSIS Pack Vendor :wolfSSL I-CUBE-wolfSSH 1.4.20
2026-03-14 15:36:50,769 [INFO] ThirdParty:1030 - CMSIS Pack Vendor :STMicroelectronics X-CUBE-NFC7 2.0.0
2026-03-14 15:36:50,769 [INFO] ThirdParty:1030 - CMSIS Pack Vendor :STMicroelectronics X-CUBE-TCPP 4.2.0
2026-03-14 15:36:50,769 [INFO] ThirdParty:1030 - CMSIS Pack Vendor :RealThread X-CUBE-RT-Thread_Nano 4.1.1
2026-03-14 15:36:50,769 [INFO] ThirdParty:1030 - CMSIS Pack Vendor :STMicroelectronics FP-ATR-SIGFOX1 3.2.0
2026-03-14 15:36:50,769 [INFO] ThirdParty:1030 - CMSIS Pack Vendor :STMicroelectronics X-CUBE-FREERTOS 1.5.0
2026-03-14 15:36:50,769 [INFO] ThirdParty:1030 - CMSIS Pack Vendor :STMicroelectronics MBEDTLS 2.16.2
2026-03-14 15:36:50,769 [INFO] ThirdParty:1030 - CMSIS Pack Vendor :STMicroelectronics X-CUBE-IPS 3.1.0
2026-03-14 15:36:50,769 [INFO] ThirdParty:1030 - CMSIS Pack Vendor :STMicroelectronics X-CUBE-ALS 1.0.2
2026-03-14 15:36:50,769 [INFO] ThirdParty:1030 - CMSIS Pack Vendor :ITTIA_DB I-CUBE-ITTIADB 8.9.0
2026-03-14 15:36:50,769 [INFO] ThirdParty:1030 - CMSIS Pack Vendor :STMicroelectronics X-CUBE-STSE01 1.0.0
2026-03-14 15:36:50,769 [INFO] ThirdParty:1030 - CMSIS Pack Vendor :STMicroelectronics X-CUBE-NFC6 3.2.0
2026-03-14 15:36:50,769 [INFO] ThirdParty:1030 - CMSIS Pack Vendor :STMicroelectronics X-CUBE-ST67W61 1.0.0
2026-03-14 15:36:50,769 [INFO] ThirdParty:1030 - CMSIS Pack Vendor :STMicroelectronics X-CUBE-AI 10.2.0
2026-03-14 15:36:50,769 [INFO] ThirdParty:1030 - CMSIS Pack Vendor :STMicroelectronics ThreadX 1.0.0
2026-03-14 15:36:50,769 [INFO] ThirdParty:1030 - CMSIS Pack Vendor :SEGGER I-CUBE-embOS 1.3.1
2026-03-14 15:36:50,769 [INFO] ThirdParty:1030 - CMSIS Pack Vendor :STMicroelectronics X-CUBE-ALGOBUILD 1.4.0
2026-03-14 15:36:50,769 [INFO] ThirdParty:1030 - CMSIS Pack Vendor :STMicroelectronics X-CUBE-MEMS1 11.3.0
2026-03-14 15:36:50,769 [INFO] ThirdParty:1030 - CMSIS Pack Vendor :STMicroelectronics X-CUBE-TOF1 3.4.3
2026-03-14 15:36:50,771 [INFO] ThirdParty:841 - exiting critical section [change project]
2026-03-14 15:36:51,647 [INFO] PinOutPanel:1589 - setPackage(No Configuration,No Configuration)
2026-03-14 15:36:51,657 [INFO] PinOutPanel:1589 - setPackage(STM32L431CBTx,LQFP48)
2026-03-14 15:36:53,377 [INFO] UtilMem:75 - Before build in PCC Used Memory: 828449528 Bytes (1073741824)
2026-03-14 15:36:54,825 [INFO] UtilMem:75 - After build in PCC Used Memory: 754800320 Bytes (1073741824)
2026-03-14 15:36:54,925 [INFO] IPUIPlugin:80 - create IPUIPlugin
2026-03-14 15:36:54,926 [INFO] IPUIPlugin:80 - create IPUIPlugin
2026-03-14 15:36:54,930 [INFO] IPUIPlugin:80 - create IPUIPlugin
2026-03-14 15:36:54,932 [INFO] IPUIPlugin:80 - create IPUIPlugin
2026-03-14 15:36:54,932 [INFO] IPUIPlugin:80 - create IPUIPlugin
2026-03-14 15:36:54,932 [INFO] IPUIPlugin:80 - create IPUIPlugin
2026-03-14 15:36:54,933 [INFO] IPUIPlugin:80 - create IPUIPlugin
2026-03-14 15:36:54,933 [INFO] IPUIPlugin:80 - create IPUIPlugin
2026-03-14 15:36:54,933 [INFO] IPUIPlugin:80 - create IPUIPlugin
2026-03-14 15:36:54,934 [INFO] IPUIPlugin:80 - create IPUIPlugin
2026-03-14 15:36:54,934 [INFO] IPUIPlugin:80 - create IPUIPlugin
2026-03-14 15:36:54,934 [INFO] IPUIPlugin:80 - create IPUIPlugin
2026-03-14 15:36:54,934 [INFO] IPUIPlugin:80 - create IPUIPlugin
2026-03-14 15:36:54,934 [INFO] IPUIPlugin:80 - create IPUIPlugin
2026-03-14 15:36:54,934 [INFO] IPUIPlugin:80 - create IPUIPlugin
2026-03-14 15:36:54,935 [INFO] IPUIPlugin:80 - create IPUIPlugin
2026-03-14 15:36:54,935 [INFO] IPUIPlugin:80 - create IPUIPlugin
2026-03-14 15:36:54,935 [INFO] IPUIPlugin:80 - create IPUIPlugin
2026-03-14 15:36:54,937 [INFO] IPUIPlugin:80 - create IPUIPlugin
2026-03-14 15:36:54,937 [INFO] IPUIPlugin:80 - create IPUIPlugin
2026-03-14 15:36:54,937 [INFO] IPUIPlugin:80 - create IPUIPlugin
2026-03-14 15:36:54,937 [INFO] IPUIPlugin:80 - create IPUIPlugin
2026-03-14 15:36:54,937 [INFO] IPUIPlugin:80 - create IPUIPlugin
2026-03-14 15:36:54,938 [INFO] IPUIPlugin:80 - create IPUIPlugin
2026-03-14 15:36:54,938 [INFO] IPUIPlugin:80 - create IPUIPlugin
2026-03-14 15:36:54,938 [INFO] IPUIPlugin:80 - create IPUIPlugin
2026-03-14 15:36:54,938 [INFO] IPUIPlugin:80 - create IPUIPlugin
2026-03-14 15:36:54,938 [INFO] IPUIPlugin:80 - create IPUIPlugin
2026-03-14 15:36:54,938 [INFO] IPUIPlugin:80 - create IPUIPlugin
2026-03-14 15:36:54,938 [INFO] IPUIPlugin:80 - create IPUIPlugin
2026-03-14 15:36:54,939 [INFO] IPUIPlugin:80 - create IPUIPlugin
2026-03-14 15:36:54,939 [INFO] IPUIPlugin:80 - create IPUIPlugin
2026-03-14 15:36:54,939 [INFO] IPUIPlugin:80 - create IPUIPlugin
2026-03-14 15:36:54,939 [INFO] IPUIPlugin:80 - create IPUIPlugin
2026-03-14 15:36:54,939 [INFO] IPUIPlugin:80 - create IPUIPlugin
2026-03-14 15:36:54,939 [INFO] IPUIPlugin:80 - create IPUIPlugin
2026-03-14 15:36:54,939 [INFO] IPUIPlugin:80 - create IPUIPlugin
2026-03-14 15:36:54,939 [INFO] IPUIPlugin:80 - create IPUIPlugin
2026-03-14 15:36:54,940 [INFO] IPUIPlugin:80 - create IPUIPlugin
2026-03-14 15:36:54,940 [INFO] IPUIPlugin:80 - create IPUIPlugin
2026-03-14 15:36:54,940 [INFO] IPUIPlugin:80 - create IPUIPlugin
2026-03-14 15:36:54,940 [INFO] IPUIPlugin:80 - create IPUIPlugin
2026-03-14 15:36:54,980 [INFO] Can:71 - Can Add PropertyChangeListener com.st.microxplorer.plugins.ip.can.Can@1c2816ff
2026-03-14 15:36:55,310 [INFO] CADModel:165 - CPN selected for project levelSTM32L431CBT3
2026-03-14 15:36:55,311 [INFO] CADModel:114 - Register for checkConnection events
2026-03-14 15:36:55,361 [INFO] OpenFileManager:386 - Restore cursor
2026-03-14 16:00:12,194 [ERROR] LogOutputStream:75 - [STDERR_REDIRECT] 
2026-03-14 16:46:09,966 [INFO] Activator:176 - 


2026-03-14 16:46:09,970 [INFO] Activator:177 - !SESSION log4j initialized
2026-03-14 16:46:17,565 [INFO] LogOutputStream:77 - [STDOUT_REDIRECT] 
2026-03-14 16:46:18,451 [ERROR] LogOutputStream:75 - [STDERR_REDIRECT] 
2026-03-14 16:46:21,065 [INFO] LogOutputStream:77 - [STDOUT_REDIRECT] 
2026-03-14 16:46:23,510 [INFO] ApplicationProperties:184 - Using Application install path: /Applications/STM32CubeIDE.app/Contents/Eclipse/plugins/com.st.stm32cube.common.mx_6.15.0.202507011659
2026-03-14 16:46:23,536 [INFO] DbMcusXml:78 - Set database path to: /Applications/STM32CubeIDE.app/Contents/Eclipse/plugins/com.st.stm32cube.common.mx_6.15.0.202507011659//db//mcu/
2026-03-14 16:46:23,537 [INFO] ApiDb:274 - Set plugin database path to: /Applications/STM32CubeIDE.app/Contents/Eclipse/plugins/com.st.stm32cube.common.mx_6.15.0.202507011659//db//plugins/boardmanager/
2026-03-14 16:46:23,539 [WARN] ApiDb:259 - Overriding images path with different value:  => /Applications/STM32CubeIDE.app/Contents/Eclipse/plugins/com.st.stm32cube.common.mx_6.15.0.202507011659//db//plugins/mcufinder/images/
2026-03-14 16:46:23,551 [INFO] ApiDb:250 - Set database path to: /Users/karthikkurapati/.stmcufinder/plugins/mcufinder//mcu/
2026-03-14 16:46:23,552 [INFO] DbMcusAds:125 - Set database path to: /Users/karthikkurapati/.stmcufinder/plugins/mcufinder//mcu/
2026-03-14 16:46:23,555 [INFO] CrossReferenceDbSqlite:203 - Set database path to: /Users/karthikkurapati/.stmcufinder/plugins/mcufinder//mcu/cs/
2026-03-14 16:46:23,783 [INFO] RulesReader:64 - Compatibility file has been processed (317 Rules)
2026-03-14 16:46:23,875 [INFO] DbMcusXml:78 - Set database path to: /Applications/STM32CubeIDE.app/Contents/Eclipse/plugins/com.st.stm32cube.common.mx_6.15.0.202507011659//db//mcu/
2026-03-14 16:46:23,875 [INFO] ApiDb:274 - Set plugin database path to: /Applications/STM32CubeIDE.app/Contents/Eclipse/plugins/com.st.stm32cube.common.mx_6.15.0.202507011659//db//plugins/boardmanager/
2026-03-14 16:46:23,875 [INFO] ApiDb:261 - Set plugin images path to: /Applications/STM32CubeIDE.app/Contents/Eclipse/plugins/com.st.stm32cube.common.mx_6.15.0.202507011659//db//plugins/mcufinder/images/
2026-03-14 16:46:23,876 [WARN] DbFile:41 - Overriding database path with different value: /Users/karthikkurapati/.stmcufinder/plugins/mcufinder/ => /Users/karthikkurapati/.stmcufinder/plugins/mcufinder
2026-03-14 16:46:23,876 [INFO] ApiDb:250 - Set database path to: /Users/karthikkurapati/.stmcufinder/plugins/mcufinder//mcu/
2026-03-14 16:46:23,876 [WARN] DbFile:41 - Overriding database path with different value: /Users/karthikkurapati/.stmcufinder/plugins/mcufinder/ => /Users/karthikkurapati/.stmcufinder/plugins/mcufinder
2026-03-14 16:46:23,876 [INFO] DbMcusAds:125 - Set database path to: /Users/karthikkurapati/.stmcufinder/plugins/mcufinder//mcu/
2026-03-14 16:46:23,876 [WARN] DbFile:41 - Overriding database path with different value: /Users/karthikkurapati/.stmcufinder/plugins/mcufinder/ => /Users/karthikkurapati/.stmcufinder/plugins/mcufinder
2026-03-14 16:46:23,876 [WARN] DbFile:41 - Overriding database path with different value: /Users/karthikkurapati/.stmcufinder/plugins/mcufinder/ => /Users/karthikkurapati/.stmcufinder/plugins/mcufinder
2026-03-14 16:46:23,876 [INFO] CrossReferenceDbSqlite:203 - Set database path to: /Users/karthikkurapati/.stmcufinder/plugins/mcufinder//mcu/cs/
2026-03-14 16:46:23,979 [INFO] MainPanel:274 - HeapMemory: 268435456
2026-03-14 16:46:24,303 [INFO] DbMcusXml:78 - Set database path to: /Applications/STM32CubeIDE.app/Contents/Eclipse/plugins/com.st.stm32cube.common.mx_6.15.0.202507011659//db//mcu/
2026-03-14 16:46:24,303 [INFO] ApiDb:274 - Set plugin database path to: /Applications/STM32CubeIDE.app/Contents/Eclipse/plugins/com.st.stm32cube.common.mx_6.15.0.202507011659//db//plugins/boardmanager/
2026-03-14 16:46:24,303 [INFO] ApiDb:261 - Set plugin images path to: /Applications/STM32CubeIDE.app/Contents/Eclipse/plugins/com.st.stm32cube.common.mx_6.15.0.202507011659//db//plugins/mcufinder/images/
2026-03-14 16:46:24,303 [WARN] DbFile:41 - Overriding database path with different value: /Users/karthikkurapati/.stmcufinder/plugins/mcufinder/ => /Users/karthikkurapati/.stmcufinder/plugins/mcufinder
2026-03-14 16:46:24,303 [INFO] ApiDb:250 - Set database path to: /Users/karthikkurapati/.stmcufinder/plugins/mcufinder//mcu/
2026-03-14 16:46:24,304 [WARN] DbFile:41 - Overriding database path with different value: /Users/karthikkurapati/.stmcufinder/plugins/mcufinder/ => /Users/karthikkurapati/.stmcufinder/plugins/mcufinder
2026-03-14 16:46:24,304 [INFO] DbMcusAds:125 - Set database path to: /Users/karthikkurapati/.stmcufinder/plugins/mcufinder//mcu/
2026-03-14 16:46:24,304 [WARN] DbFile:41 - Overriding database path with different value: /Users/karthikkurapati/.stmcufinder/plugins/mcufinder/ => /Users/karthikkurapati/.stmcufinder/plugins/mcufinder
2026-03-14 16:46:24,304 [WARN] DbFile:41 - Overriding database path with different value: /Users/karthikkurapati/.stmcufinder/plugins/mcufinder/ => /Users/karthikkurapati/.stmcufinder/plugins/mcufinder
2026-03-14 16:46:24,304 [INFO] CrossReferenceDbSqlite:203 - Set database path to: /Users/karthikkurapati/.stmcufinder/plugins/mcufinder//mcu/cs/
2026-03-14 16:46:24,334 [INFO] ApplicationProperties:184 - Using Application install path: /Applications/STM32CubeIDE.app/Contents/Eclipse/plugins/com.st.stm32cube.common.mx_6.15.0.202507011659
2026-03-14 16:46:24,336 [INFO] PluginManage:196 - Search for loadable plugins [exclusion list=, ]
2026-03-14 16:46:24,339 [INFO] PluginManage:310 - Check plugin analytics
2026-03-14 16:46:24,688 [INFO] AnalyticsPlugin:253 - Accepted Software Licenses: 
2026-03-14 16:46:24,688 [INFO] AnalyticsPlugin:255 - Accepted CMSIS Pack Licenses: 
2026-03-14 16:46:24,689 [INFO] AnalyticsPlugin:257 - Accepted Firmware Licenses: FW.L4.1.18.0
2026-03-14 16:46:24,698 [INFO] PluginManage:359 - Loaded plugin analytics (category:tool,tabindex:-1)
2026-03-14 16:46:24,701 [INFO] PluginManage:310 - Check plugin cadmodel
2026-03-14 16:46:24,725 [INFO] CADModel:105 - Init CAD model plugin
2026-03-14 16:46:24,726 [INFO] PluginManage:359 - Loaded plugin cadmodel (category:power,tabindex:5)
2026-03-14 16:46:24,726 [INFO] PluginManage:310 - Check plugin clock
2026-03-14 16:46:24,748 [INFO] PluginManage:359 - Loaded plugin clock (category:base,tabindex:2)
2026-03-14 16:46:24,748 [INFO] PluginManage:310 - Check plugin ddr
2026-03-14 16:46:24,751 [INFO] PluginManage:359 - Loaded plugin ddr (category:tool,tabindex:6)
2026-03-14 16:46:24,752 [INFO] PluginManage:310 - Check plugin filemanager
2026-03-14 16:46:25,069 [INFO] PluginManage:359 - Loaded plugin filemanager (category:base,tabindex:10)
2026-03-14 16:46:25,070 [INFO] PluginManage:310 - Check plugin ipmanager
2026-03-14 16:46:25,085 [INFO] PluginManage:359 - Loaded plugin ipmanager (category:base,tabindex:5)
2026-03-14 16:46:25,085 [INFO] PluginManage:310 - Check plugin lpbam
2026-03-14 16:46:25,100 [INFO] PluginManage:359 - Loaded plugin lpbam (category:base,tabindex:0)
2026-03-14 16:46:25,100 [INFO] PluginManage:310 - Check plugin memorymap
2026-03-14 16:46:25,122 [INFO] PluginManage:359 - Loaded plugin memorymap (category:base,tabindex:4)
2026-03-14 16:46:25,123 [INFO] PluginManage:310 - Check plugin pinoutandconfiguration
2026-03-14 16:46:25,136 [INFO] PluginManage:359 - Loaded plugin pinoutandconfiguration (category:base,tabindex:1)
2026-03-14 16:46:25,136 [INFO] PluginManage:310 - Check plugin pinoutconfig
2026-03-14 16:46:25,300 [WARN] SupportedApi:132 - Cannot load RTOS API schema: s4s-elt-must-match.1: The content of 'definitions' must match (annotation?, (simpleType | complexType)?, (unique | key | keyref)*)). A problem was found starting at: attribute.
2026-03-14 16:46:25,652 [INFO] PluginManage:359 - Loaded plugin pinoutconfig (category:base,tabindex:0)
2026-03-14 16:46:25,654 [INFO] PluginManage:310 - Check plugin power
2026-03-14 16:46:25,677 [INFO] PluginManage:359 - Loaded plugin power (category:power,tabindex:4)
2026-03-14 16:46:25,678 [INFO] PluginManage:310 - Check plugin projectmanager
2026-03-14 16:46:25,752 [INFO] PluginManage:359 - Loaded plugin projectmanager (category:projectmanager,tabindex:4)
2026-03-14 16:46:25,752 [INFO] PluginManage:310 - Check plugin rif
2026-03-14 16:46:25,775 [INFO] PluginManage:359 - Loaded plugin rif (category:base,tabindex:3)
2026-03-14 16:46:25,775 [INFO] PluginManage:310 - Check plugin thirdparty
2026-03-14 16:46:26,240 [INFO] PluginManage:359 - Loaded plugin thirdparty (category:base,tabindex:-1)
2026-03-14 16:46:26,242 [INFO] PluginManage:310 - Check plugin tools
2026-03-14 16:46:26,240 [WARN] IntegrityCheckThread:84 - waiting for thirdparty lock release [integrity check]
2026-03-14 16:46:26,248 [INFO] IntegrityCheckThread:86 - entering critical section [integrity check]
2026-03-14 16:46:26,249 [INFO] ThirdPartyUpdaterWithRetryManager:70 - Updater plugin not ready yet. [1/15]
2026-03-14 16:46:26,251 [INFO] PluginManage:359 - Loaded plugin tools (category:base,tabindex:7)
2026-03-14 16:46:26,251 [INFO] PluginManage:310 - Check plugin tutovideos
2026-03-14 16:46:26,774 [INFO] PluginManage:359 - Loaded plugin tutovideos (category:base,tabindex:-1)
2026-03-14 16:46:26,775 [INFO] PluginManage:310 - Check plugin updater
2026-03-14 16:46:26,838 [INFO] PluginManage:359 - Loaded plugin updater (category:base,tabindex:12)
2026-03-14 16:46:26,839 [INFO] PluginManage:310 - Check plugin userauth
2026-03-14 16:46:26,848 [INFO] UserAuth:118 - Init User Auth plugin
2026-03-14 16:46:26,849 [INFO] PluginManage:359 - Loaded plugin userauth (category:base,tabindex:14)
2026-03-14 16:46:26,851 [INFO] PluginManage:283 - PluginManage : Loaded plugins [18]
2026-03-14 16:46:27,423 [INFO] PinOutPanel:1589 - setPackage(No Configuration,No Configuration)
2026-03-14 16:46:27,559 [INFO] CADModel:165 - CPN selected for project level
2026-03-14 16:46:27,559 [INFO] CADModel:114 - Register for checkConnection events
2026-03-14 16:46:27,577 [INFO] IPUIPlugin:80 - create IPUIPlugin
2026-03-14 16:46:27,577 [INFO] PluginManager:220 - loadIPPluginJar : add mdma
2026-03-14 16:46:27,588 [INFO] IPUIPlugin:80 - create IPUIPlugin
2026-03-14 16:46:27,588 [INFO] PluginManager:220 - loadIPPluginJar : add freertos
2026-03-14 16:46:27,595 [INFO] IPUIPlugin:80 - create IPUIPlugin
2026-03-14 16:46:27,595 [INFO] PluginManager:220 - loadIPPluginJar : add gic
2026-03-14 16:46:27,607 [INFO] IPUIPlugin:80 - create IPUIPlugin
2026-03-14 16:46:27,607 [INFO] PluginManager:220 - loadIPPluginJar : add adc
2026-03-14 16:46:27,610 [INFO] IPUIPlugin:80 - create IPUIPlugin
2026-03-14 16:46:27,610 [INFO] PluginManager:220 - loadIPPluginJar : add gtzc
2026-03-14 16:46:27,612 [INFO] IPUIPlugin:80 - create IPUIPlugin
2026-03-14 16:46:27,612 [INFO] PluginManager:220 - loadIPPluginJar : add quadspi
2026-03-14 16:46:27,614 [INFO] IPUIPlugin:80 - create IPUIPlugin
2026-03-14 16:46:27,614 [INFO] PluginManager:220 - loadIPPluginJar : add aes
2026-03-14 16:46:27,617 [INFO] IPUIPlugin:80 - create IPUIPlugin
2026-03-14 16:46:27,618 [INFO] PluginManager:220 - loadIPPluginJar : add pdm2pcm
2026-03-14 16:46:27,620 [INFO] IPUIPlugin:80 - create IPUIPlugin
2026-03-14 16:46:27,621 [INFO] PluginManager:220 - loadIPPluginJar : add hash
2026-03-14 16:46:27,623 [INFO] IPUIPlugin:80 - create IPUIPlugin
2026-03-14 16:46:27,623 [INFO] PluginManager:220 - loadIPPluginJar : add tim
2026-03-14 16:46:27,625 [INFO] IPUIPlugin:80 - create IPUIPlugin
2026-03-14 16:46:27,625 [INFO] PluginManager:220 - loadIPPluginJar : add tsc
2026-03-14 16:46:27,629 [INFO] IPUIPlugin:80 - create IPUIPlugin
2026-03-14 16:46:27,630 [INFO] PluginManager:220 - loadIPPluginJar : add extmemmanager
2026-03-14 16:46:27,633 [INFO] IPUIPlugin:80 - create IPUIPlugin
2026-03-14 16:46:27,633 [INFO] PluginManager:220 - loadIPPluginJar : add ts
2026-03-14 16:46:27,635 [INFO] IPUIPlugin:80 - create IPUIPlugin
2026-03-14 16:46:27,635 [INFO] PluginManager:220 - loadIPPluginJar : add radio
2026-03-14 16:46:27,637 [INFO] IPUIPlugin:80 - create IPUIPlugin
2026-03-14 16:46:27,638 [INFO] PluginManager:220 - loadIPPluginJar : add can
2026-03-14 16:46:27,639 [INFO] IPUIPlugin:80 - create IPUIPlugin
2026-03-14 16:46:27,639 [INFO] PluginManager:220 - loadIPPluginJar : add dma3
2026-03-14 16:46:27,641 [INFO] IPUIPlugin:80 - create IPUIPlugin
2026-03-14 16:46:27,641 [INFO] PluginManager:220 - loadIPPluginJar : add dfsdm
2026-03-14 16:46:27,643 [INFO] IPUIPlugin:80 - create IPUIPlugin
2026-03-14 16:46:27,643 [INFO] PluginManager:220 - loadIPPluginJar : add spi
2026-03-14 16:46:27,645 [INFO] IPUIPlugin:80 - create IPUIPlugin
2026-03-14 16:46:27,645 [INFO] PluginManager:220 - loadIPPluginJar : add gfxmmu
2026-03-14 16:46:27,647 [INFO] IPUIPlugin:80 - create IPUIPlugin
2026-03-14 16:46:27,648 [INFO] PluginManager:220 - loadIPPluginJar : add genericplugin
2026-03-14 16:46:27,650 [INFO] IPUIPlugin:80 - create IPUIPlugin
2026-03-14 16:46:27,650 [INFO] PluginManager:220 - loadIPPluginJar : add cryp
2026-03-14 16:46:27,654 [INFO] IPUIPlugin:80 - create IPUIPlugin
2026-03-14 16:46:27,655 [INFO] PluginManager:220 - loadIPPluginJar : add gpio
2026-03-14 16:46:27,658 [INFO] IPUIPlugin:80 - create IPUIPlugin
2026-03-14 16:46:27,659 [INFO] PluginManager:220 - loadIPPluginJar : add ddr_ctrl_phy
2026-03-14 16:46:27,661 [INFO] IPUIPlugin:80 - create IPUIPlugin
2026-03-14 16:46:27,662 [INFO] PluginManager:220 - loadIPPluginJar : add comp
2026-03-14 16:46:27,666 [INFO] IPUIPlugin:80 - create IPUIPlugin
2026-03-14 16:46:27,667 [INFO] PluginManager:220 - loadIPPluginJar : add tracer_emb
2026-03-14 16:46:27,670 [INFO] IPUIPlugin:80 - create IPUIPlugin
2026-03-14 16:46:27,670 [INFO] PluginManager:220 - loadIPPluginJar : add openamp
2026-03-14 16:46:27,677 [INFO] IPUIPlugin:80 - create IPUIPlugin
2026-03-14 16:46:27,677 [INFO] PluginManager:220 - loadIPPluginJar : add stm32_wpan
2026-03-14 16:46:27,682 [INFO] IPUIPlugin:80 - create IPUIPlugin
2026-03-14 16:46:27,686 [INFO] PluginManager:220 - loadIPPluginJar : add plateformsettings
2026-03-14 16:46:27,689 [INFO] IPUIPlugin:80 - create IPUIPlugin
2026-03-14 16:46:27,690 [INFO] PluginManager:220 - loadIPPluginJar : add ipddr
2026-03-14 16:46:27,692 [INFO] IPUIPlugin:80 - create IPUIPlugin
2026-03-14 16:46:27,693 [INFO] PluginManager:220 - loadIPPluginJar : add usart
2026-03-14 16:46:27,694 [INFO] IPUIPlugin:80 - create IPUIPlugin
2026-03-14 16:46:27,694 [INFO] PluginManager:220 - loadIPPluginJar : add ltdc
2026-03-14 16:46:27,698 [INFO] IPUIPlugin:80 - create IPUIPlugin
2026-03-14 16:46:27,698 [INFO] PluginManager:220 - loadIPPluginJar : add nvic
2026-03-14 16:46:27,699 [INFO] IPUIPlugin:80 - create IPUIPlugin
2026-03-14 16:46:27,699 [INFO] PluginManager:220 - loadIPPluginJar : add fatfs
2026-03-14 16:46:27,707 [INFO] IPUIPlugin:80 - create IPUIPlugin
2026-03-14 16:46:27,707 [INFO] PluginManager:220 - loadIPPluginJar : add linkedlist
2026-03-14 16:46:27,714 [INFO] IPUIPlugin:80 - create IPUIPlugin
2026-03-14 16:46:27,714 [INFO] PluginManager:220 - loadIPPluginJar : add dma
2026-03-14 16:46:27,719 [INFO] IPUIPlugin:80 - create IPUIPlugin
2026-03-14 16:46:27,720 [INFO] PluginManager:220 - loadIPPluginJar : add fmc
2026-03-14 16:46:27,722 [INFO] IPUIPlugin:80 - create IPUIPlugin
2026-03-14 16:46:27,723 [INFO] PluginManager:220 - loadIPPluginJar : add i2s
2026-03-14 16:46:27,725 [INFO] IPUIPlugin:80 - create IPUIPlugin
2026-03-14 16:46:27,725 [INFO] PluginManager:220 - loadIPPluginJar : add ucpd
2026-03-14 16:46:27,728 [INFO] IPUIPlugin:80 - create IPUIPlugin
2026-03-14 16:46:27,728 [INFO] PluginManager:220 - loadIPPluginJar : add lorawan
2026-03-14 16:46:27,732 [INFO] IPUIPlugin:80 - create IPUIPlugin
2026-03-14 16:46:27,732 [INFO] PluginManager:220 - loadIPPluginJar : add opamp
2026-03-14 16:46:27,735 [INFO] IPUIPlugin:80 - create IPUIPlugin
2026-03-14 16:46:27,735 [INFO] PluginManager:220 - loadIPPluginJar : add i3c
2026-03-14 16:46:27,738 [INFO] IPUIPlugin:80 - create IPUIPlugin
2026-03-14 16:46:27,738 [INFO] PluginManager:220 - loadIPPluginJar : add touchsensing
2026-03-14 16:46:27,742 [INFO] IPUIPlugin:80 - create IPUIPlugin
2026-03-14 16:46:27,742 [INFO] PluginManager:220 - loadIPPluginJar : add i2c
2026-03-14 16:46:27,746 [INFO] IPUIPlugin:80 - create IPUIPlugin
2026-03-14 16:46:27,746 [INFO] PluginManager:220 - loadIPPluginJar : add resmgrutility
2026-03-14 16:46:27,749 [INFO] IPUIPlugin:80 - create IPUIPlugin
2026-03-14 16:46:27,750 [INFO] PluginManager:220 - loadIPPluginJar : add sai
2026-03-14 16:46:27,755 [INFO] IPUIPlugin:80 - create IPUIPlugin
2026-03-14 16:46:27,756 [INFO] PluginManager:220 - loadIPPluginJar : add usbx
2026-03-14 16:46:27,908 [FATAL] Updater:351 - Updater called before beeing initialized
2026-03-14 16:46:28,024 [INFO] RulesReader:64 - Compatibility file has been processed (317 Rules)
2026-03-14 16:46:28,046 [INFO] RulesReader:64 - Compatibility file has been processed (317 Rules)
2026-03-14 16:46:28,064 [INFO] CADModel:165 - CPN selected for project level
2026-03-14 16:46:28,064 [INFO] CADModel:114 - Register for checkConnection events
2026-03-14 16:46:28,064 [FATAL] Updater:351 - Updater called before beeing initialized
2026-03-14 16:46:28,064 [ERROR] CADModel:125 - Updater not yet initialized, retry later 
2026-03-14 16:46:28,531 [FATAL] Updater:351 - Updater called before beeing initialized
2026-03-14 16:46:28,534 [INFO] CADModel:165 - CPN selected for project level
2026-03-14 16:46:28,534 [INFO] CADModel:114 - Register for checkConnection events
2026-03-14 16:46:28,534 [FATAL] Updater:351 - Updater called before beeing initialized
2026-03-14 16:46:28,534 [ERROR] CADModel:125 - Updater not yet initialized, retry later 
2026-03-14 16:46:28,539 [FATAL] Updater:351 - Updater called before beeing initialized
2026-03-14 16:46:28,868 [FATAL] Updater:351 - Updater called before beeing initialized
2026-03-14 16:46:28,879 [INFO] DbMcusAds:53 - JSON generation date=Thu Jan 08 09:57:51 CST 2026 (1767887871456)
2026-03-14 16:46:28,880 [FATAL] Updater:351 - Updater called before beeing initialized
2026-03-14 16:46:28,979 [WARN] DetailPanel:346 - Failed to get advertising image, set to default
2026-03-14 16:46:29,110 [FATAL] Updater:351 - Updater called before beeing initialized
2026-03-14 16:46:29,121 [FATAL] Updater:351 - Updater called before beeing initialized
2026-03-14 16:46:29,122 [FATAL] Updater:351 - Updater called before beeing initialized
2026-03-14 16:46:29,122 [WARN] DetailPanel:346 - Failed to get advertising image, set to default
2026-03-14 16:46:29,125 [FATAL] Updater:351 - Updater called before beeing initialized
2026-03-14 16:46:29,230 [ERROR] Updater:1198 - MainUpdater not yet initialized. External WinMGr cannot be set.
2026-03-14 16:46:29,239 [INFO] Updater:1134 - Updater Version found : 6.15.0
2026-03-14 16:46:29,253 [INFO] ThirdPartyUpdaterWithRetryManager:70 - Updater plugin not ready yet. [2/15]
2026-03-14 16:46:29,268 [INFO] ApplicationProperties:184 - Using Application install path: /Applications/STM32CubeIDE.app/Contents/Eclipse/plugins/com.st.stm32cube.common.mx_6.15.0.202507011659
2026-03-14 16:46:30,842 [INFO] MainUpdater:2872 - connection check result : 10
2026-03-14 16:46:30,874 [INFO] MainUpdater:289 - Updater Check For Update Now.
2026-03-14 16:46:30,879 [INFO] MicroXplorer:498 - Change Database Version : DB.6.0.150
2026-03-14 16:46:30,980 [INFO] McuFinderGlobals:63 - Set McuFinder mode to 2 (CubeIDE integrated)
2026-03-14 16:46:30,991 [INFO] UserAuth:487 - Internet connection configuration mode: 1
2026-03-14 16:46:31,063 [INFO] JxBrowserEngine:152 - Initiate JxBrowser Engine with user profile folder
2026-03-14 16:46:31,642 [INFO] CheckServerUpdateThread:120 - End of CheckServer Thread
2026-03-14 16:46:32,720 [WARN] PackLoader:240 - Cannot read IP mode file for STMicroelectronics.X-CUBE-AZRTOS-H7.3.5.0
2026-03-14 16:46:32,826 [WARN] PackLoader:240 - Cannot read IP mode file for STMicroelectronics.FP-SNS-MOTENVWB1.1.4.0
2026-03-14 16:46:32,860 [WARN] PackLoader:240 - Cannot read IP mode file for STMicroelectronics.FP-ATR-ASTRA1.2.0.2
2026-03-14 16:46:32,877 [WARN] PackLoader:240 - Cannot read IP mode file for STMicroelectronics.X-CUBE-SMBUS.2.1.0
2026-03-14 16:46:32,888 [WARN] PackLoader:240 - Cannot read IP mode file for STMicroelectronics.X-CUBE-ST60.1.0.0
2026-03-14 16:46:32,944 [WARN] PackLoader:240 - Cannot read IP mode file for STMicroelectronics.X-CUBE-AZRTOS-F7.1.1.0
2026-03-14 16:46:32,986 [WARN] PackLoader:240 - Cannot read IP mode file for STMicroelectronics.FP-SNS-MOTENV1.5.1.0
2026-03-14 16:46:33,013 [WARN] PackLoader:240 - Cannot read IP mode file for WES.I-CUBE-Cesium.1.4.0
2026-03-14 16:46:33,092 [WARN] PackLoader:240 - Cannot read IP mode file for Infineon.AIROC-Wi-Fi-Bluetooth-STM32.1.7.1
2026-03-14 16:46:33,189 [WARN] PackLoader:240 - Cannot read IP mode file for STMicroelectronics.X-CUBE-AZRTOS-H7.3.4.0
2026-03-14 16:46:33,225 [WARN] PackLoader:240 - Cannot read IP mode file for STMicroelectronics.X-CUBE-DISPLAY.3.0.0
2026-03-14 16:46:33,238 [WARN] PackLoader:240 - Cannot read IP mode file for STMicroelectronics.FP-SNS-MOTENVWB1.1.5.0
2026-03-14 16:46:33,262 [WARN] PackLoader:240 - Cannot read IP mode file for STMicroelectronics.X-CUBE-NFC10.1.0.0
2026-03-14 16:46:33,284 [WARN] PackLoader:240 - Cannot read IP mode file for STMicroelectronics.X-CUBE-ST60.1.1.0
2026-03-14 16:46:33,317 [WARN] PackLoader:240 - Cannot read IP mode file for emotas.I-CUBE-CANOPEN.1.3.0
2026-03-14 16:46:33,356 [WARN] PackLoader:240 - Cannot read IP mode file for STMicroelectronics.X-CUBE-GNSS1.7.1.0
2026-03-14 16:46:33,379 [WARN] PackLoader:240 - Cannot read IP mode file for STMicroelectronics.FP-SNS-STBOX1.2.1.0
2026-03-14 16:46:33,390 [WARN] PackLoader:240 - Cannot read IP mode file for STMicroelectronics.FP-SNS-SMARTAG2.1.2.0
2026-03-14 16:46:33,397 [WARN] PackLoader:240 - Cannot read IP mode file for STMicroelectronics.FP-SNS-FLIGHT1.5.1.0
2026-03-14 16:46:33,412 [INFO] LogOutputStream:77 - [STDOUT_REDIRECT] 1 : Invalid condition id : UX_CORESTACK_Condition cause : null
2026-03-14 16:46:33,414 [INFO] LogOutputStream:77 - [STDOUT_REDIRECT] 1 : Invalid condition id : UX_CORESTACK_Condition cause : null
2026-03-14 16:46:33,414 [INFO] LogOutputStream:77 - [STDOUT_REDIRECT] 1 : Invalid condition id : UX_CORESTACK_Condition cause : null
2026-03-14 16:46:33,415 [INFO] LogOutputStream:77 - [STDOUT_REDIRECT] 1 : Invalid condition id : UX_CORESTACK_Condition cause : null
2026-03-14 16:46:33,415 [INFO] LogOutputStream:77 - [STDOUT_REDIRECT] 1 : Invalid condition id : UX_CORESTACK_Condition cause : null
2026-03-14 16:46:33,424 [WARN] PackLoader:240 - Cannot read IP mode file for STMicroelectronics.X-CUBE-AZRTOS-WL.2.0.0
2026-03-14 16:46:33,433 [WARN] PackLoader:240 - Cannot read IP mode file for STMicroelectronics.FP-SNS-MOTENV1.5.0.0
2026-03-14 16:46:33,476 [WARN] PackLoader:240 - Cannot read IP mode file for STMicroelectronics.X-CUBE-AZRTOS-H7RS.1.2.0
2026-03-14 16:46:33,497 [WARN] PackLoader:240 - Cannot read IP mode file for STMicroelectronics.X-CUBE-BLE2.3.3.0
2026-03-14 16:46:33,537 [WARN] PackLoader:240 - Cannot read IP mode file for STMicroelectronics.X-CUBE-NFC9.1.0.0
2026-03-14 16:46:33,549 [WARN] PackLoader:240 - Cannot read IP mode file for wolfSSL.I-CUBE-wolfSSL.5.8.2
2026-03-14 16:46:33,580 [WARN] PackLoader:240 - Cannot read IP mode file for STMicroelectronics.X-CUBE-BLE1.7.1.0
2026-03-14 16:46:33,594 [WARN] PackLoader:240 - Cannot read IP mode file for wolfSSL.I-CUBE-wolfMQTT.1.19.2
2026-03-14 16:46:33,614 [WARN] PackLoader:240 - Cannot read IP mode file for STMicroelectronics.X-CUBE-FREERTOS.1.4.0
2026-03-14 16:46:33,626 [WARN] PackLoader:240 - Cannot read IP mode file for STMicroelectronics.X-CUBE-EEPRMA1.5.2.0
2026-03-14 16:46:33,640 [WARN] PackLoader:240 - Cannot read IP mode file for STMicroelectronics.X-CUBE-ST67W61.1.1.0
2026-03-14 16:46:33,771 [WARN] PackLoader:240 - Cannot read IP mode file for STMicroelectronics.X-CUBE-MEMS1.12.0.0
2026-03-14 16:46:33,975 [WARN] PackLoader:240 - Cannot read IP mode file for STMicroelectronics.X-CUBE-AZRTOS-G0.1.1.0
2026-03-14 16:46:34,009 [WARN] PackLoader:240 - Cannot read IP mode file for STMicroelectronics.X-CUBE-SAFEA1.1.2.2
2026-03-14 16:46:34,024 [WARN] PackLoader:240 - Cannot read IP mode file for STMicroelectronics.X-CUBE-NFC4.3.0.0
2026-03-14 16:46:34,076 [WARN] PackLoader:240 - Cannot read IP mode file for EmbeddedOffice.I-CUBE-FS-RTOS.1.0.1
2026-03-14 16:46:34,109 [WARN] PackLoader:240 - Cannot read IP mode file for STMicroelectronics.X-CUBE-WB05N.2.0.0
2026-03-14 16:46:34,152 [WARN] PackLoader:240 - Cannot read IP mode file for wolfSSL.I-CUBE-wolfTPM.3.8.0
2026-03-14 16:46:34,166 [WARN] PackLoader:240 - Cannot read IP mode file for STMicroelectronics.X-CUBE-TCPP.4.2.0
2026-03-14 16:46:34,178 [WARN] PackLoader:240 - Cannot read IP mode file for RealThread.X-CUBE-RT-Thread_Nano.4.1.1
2026-03-14 16:46:34,196 [WARN] PackLoader:240 - Cannot read IP mode file for STMicroelectronics.FP-ATR-SIGFOX1.3.2.0
2026-03-14 16:46:34,218 [WARN] PackLoader:240 - Cannot read IP mode file for STMicroelectronics.X-CUBE-FREERTOS.1.5.0
2026-03-14 16:46:34,250 [WARN] PackLoader:240 - Cannot read IP mode file for ITTIA_DB.I-CUBE-ITTIADB.8.9.0
2026-03-14 16:46:34,268 [WARN] PackLoader:240 - Cannot read IP mode file for STMicroelectronics.X-CUBE-NFC6.3.2.0
2026-03-14 16:46:34,936 [WARN] PackLoader:240 - Cannot read IP mode file for STMicroelectronics.X-CUBE-ST67W61.1.0.0
2026-03-14 16:46:35,097 [WARN] PackLoader:240 - Cannot read IP mode file for STMicroelectronics.X-CUBE-AI.10.2.0
2026-03-14 16:46:35,241 [WARN] PackLoader:240 - Cannot read IP mode file for SEGGER.I-CUBE-embOS.1.3.1
2026-03-14 16:46:35,332 [WARN] PackLoader:240 - Cannot read IP mode file for STMicroelectronics.X-CUBE-ALGOBUILD.1.4.0
2026-03-14 16:46:35,456 [WARN] PackLoader:240 - Cannot read IP mode file for STMicroelectronics.X-CUBE-MEMS1.11.3.0
2026-03-14 16:46:35,714 [WARN] PackLoader:240 - Cannot read IP mode file for STMicroelectronics.X-CUBE-PM33A1.1.0.0
2026-03-14 16:46:35,846 [WARN] PackLoader:240 - Cannot read IP mode file for STMicroelectronics.X-CUBE-AZRTOS-F4.1.1.0
2026-03-14 16:46:35,906 [WARN] PackLoader:240 - Cannot read IP mode file for Avnet-IotConnect.X-CUBE-IoTC-DA16k-PMOD.1.0.0
2026-03-14 16:46:35,989 [WARN] PackLoader:240 - Cannot read IP mode file for STMicroelectronics.X-CUBE-ISPU.2.1.0
2026-03-14 16:46:36,096 [WARN] PackLoader:240 - Cannot read IP mode file for STMicroelectronics.X-CUBE-IPS.3.2.0
2026-03-14 16:46:36,184 [WARN] PackLoader:240 - Cannot read IP mode file for STMicroelectronics.X-CUBE-NFC12.1.0.0
2026-03-14 16:46:36,281 [WARN] PackLoader:240 - Cannot read IP mode file for STMicroelectronics.X-CUBE-AZRTOS-L5.2.0.0
2026-03-14 16:46:36,313 [WARN] PackLoader:240 - Cannot read IP mode file for STMicroelectronics.X-CUBE-NFC6.3.1.0
2026-03-14 16:46:36,357 [WARN] PackLoader:240 - Cannot read IP mode file for STMicroelectronics.X-CUBE-FREERTOS.1.3.1
2026-03-14 16:46:36,368 [WARN] PackLoader:240 - Cannot read IP mode file for STMicroelectronics.X-CUBE-TOUCHGFX.4.26.0
2026-03-14 16:46:36,374 [WARN] PackLoader:240 - Cannot read IP mode file for STMicroelectronics.X-CUBE-TOUCHGFX.4.26.1
2026-03-14 16:46:36,385 [WARN] PackLoader:240 - Cannot read IP mode file for STMicroelectronics.FP-SNS-STAIOTCFT.1.0.0
2026-03-14 16:46:36,402 [WARN] PackLoader:240 - Cannot read IP mode file for STMicroelectronics.X-CUBE-DPower.1.3.0
2026-03-14 16:46:36,474 [WARN] ConditionMgr:438 - getConditionDescription Invalid condition id : LAN8742 Phy interface Condition cause : null
2026-03-14 16:46:36,482 [WARN] PackLoader:240 - Cannot read IP mode file for STMicroelectronics.X-CUBE-AZRTOS-L4.2.0.0
2026-03-14 16:46:36,498 [WARN] ConditionMgr:1044 - genDependencies : Invalid condition id : LAN8742 Phy interface Condition cause : null
2026-03-14 16:46:36,503 [WARN] ConditionMgr:1044 - genDependencies : Invalid condition id : LAN8742 Phy interface Condition cause : null
2026-03-14 16:46:36,506 [WARN] ConditionMgr:1044 - genDependencies : Invalid condition id : LAN8742 Phy interface Condition cause : null
2026-03-14 16:46:36,571 [WARN] PackLoader:240 - Cannot read IP mode file for STMicroelectronics.X-CUBE-SFXS2LP1.4.0.0
2026-03-14 16:46:36,625 [WARN] PackLoader:240 - Cannot read IP mode file for STMicroelectronics.X-CUBE-ST67W61.1.2.0
2026-03-14 16:46:36,682 [WARN] PackLoader:240 - Cannot read IP mode file for STMicroelectronics.X-CUBE-BLEMGR.4.1.0
2026-03-14 16:46:36,736 [WARN] ConditionMgr:438 - getConditionDescription Invalid condition id : UX DEVICE CLASS RTOS Condition cause : null
2026-03-14 16:46:36,737 [WARN] ConditionMgr:438 - getConditionDescription Invalid condition id : UX DEVICE CLASS RTOS Condition cause : null
2026-03-14 16:46:36,745 [WARN] PackLoader:240 - Cannot read IP mode file for STMicroelectronics.X-CUBE-AZRTOS-WB.2.0.0
2026-03-14 16:46:36,748 [WARN] ConditionMgr:1044 - genDependencies : Invalid condition id : UX DEVICE CLASS RTOS Condition cause : null
2026-03-14 16:46:36,748 [WARN] ConditionMgr:1044 - genDependencies : Invalid condition id : UX DEVICE CLASS RTOS Condition cause : null
2026-03-14 16:46:36,750 [WARN] ConditionMgr:1044 - genDependencies : Invalid condition id : UX DEVICE CLASS RTOS Condition cause : null
2026-03-14 16:46:36,751 [WARN] ConditionMgr:1044 - genDependencies : Invalid condition id : UX DEVICE CLASS RTOS Condition cause : null
2026-03-14 16:46:36,751 [WARN] ConditionMgr:1044 - genDependencies : Invalid condition id : UX DEVICE CLASS RTOS Condition cause : null
2026-03-14 16:46:36,753 [INFO] WebApp:169 - Instantiating new browser for Auth
2026-03-14 16:46:36,772 [WARN] PackLoader:240 - Cannot read IP mode file for STMicroelectronics.X-CUBE-GNSS1.7.0.1
2026-03-14 16:46:36,816 [WARN] PackLoader:240 - Cannot read IP mode file for STMicroelectronics.X-CUBE-TOUCHGFX.4.25.0
2026-03-14 16:46:36,864 [WARN] ConditionMgr:438 - getConditionDescription Invalid condition id : Cortex-A Device cause : null
2026-03-14 16:46:36,946 [WARN] ConditionMgr:1044 - genDependencies : Invalid condition id : Cortex-A Device cause : null
2026-03-14 16:46:36,951 [WARN] ConditionMgr:1044 - genDependencies : Invalid condition id : Cortex-A Device cause : null
2026-03-14 16:46:36,955 [WARN] ConditionMgr:1044 - genDependencies : Invalid condition id : Cortex-A Device cause : null
2026-03-14 16:46:36,979 [WARN] PackLoader:240 - Cannot read IP mode file for STMicroelectronics.X-CUBE-STSE01.2.0.0
2026-03-14 16:46:37,026 [WARN] PackLoader:240 - Cannot read IP mode file for STMicroelectronics.X-CUBE-SUBG2.5.0.0
2026-03-14 16:46:37,109 [WARN] PackLoader:240 - Cannot read IP mode file for STMicroelectronics.X-CUBE-AZRTOS-H7RS.1.1.0
2026-03-14 16:46:37,186 [WARN] PackLoader:240 - Cannot read IP mode file for Cesanta.I-CUBE-Mongoose.7.13.0
2026-03-14 16:46:37,280 [WARN] PackLoader:240 - Cannot read IP mode file for STMicroelectronics.X-CUBE-AZRTOS-G4.2.0.0
2026-03-14 16:46:37,302 [WARN] PackLoader:240 - Cannot read IP mode file for wolfSSL.I-CUBE-wolfSSH.1.4.20
2026-03-14 16:46:37,320 [WARN] PackLoader:240 - Cannot read IP mode file for STMicroelectronics.X-CUBE-NFC7.2.0.0
2026-03-14 16:46:37,381 [WARN] PackLoader:240 - Cannot read IP mode file for STMicroelectronics.X-CUBE-IPS.3.1.0
2026-03-14 16:46:37,443 [WARN] PackLoader:240 - Cannot read IP mode file for STMicroelectronics.X-CUBE-ALS.1.0.2
2026-03-14 16:46:37,495 [WARN] PackLoader:240 - Cannot read IP mode file for STMicroelectronics.X-CUBE-STSE01.1.0.0
2026-03-14 16:46:37,553 [WARN] PackLoader:240 - Cannot read IP mode file for STMicroelectronics.X-CUBE-TOF1.3.4.3
2026-03-14 16:46:37,612 [INFO] ThirdParty:978 - Integrity check success = true
2026-03-14 16:46:37,612 [INFO] IntegrityCheckThread:100 - exiting critical section [integrity check]
2026-03-14 16:46:37,612 [INFO] IntegrityCheckThread:103 - End integrity checks thread
2026-03-14 16:46:40,723 [INFO] WebApp:463 - Apply proxy settings
2026-03-14 16:46:40,802 [INFO] WebApp:508 - Chromium authenticates against Manually configured proxy
2026-03-14 16:46:40,827 [INFO] WebApp:516 - Username used for proxy authentication: 
2026-03-14 16:46:40,901 [INFO] WebApp:900 - Register for checkConnection events
2026-03-14 16:46:40,902 [INFO] WebApp:463 - Apply proxy settings
2026-03-14 16:46:40,917 [INFO] WebApp:508 - Chromium authenticates against Manually configured proxy
2026-03-14 16:46:40,918 [INFO] WebApp:516 - Username used for proxy authentication: 
2026-03-14 16:46:41,209 [INFO] WebApp:225 - Starting web application
2026-03-14 16:46:41,210 [INFO] WebApp:593 - Web application path used /Applications/STM32CubeIDE.app/Contents/Eclipse/plugins/com.st.stm32cube.common.mx_6.15.0.202507011659/db/plugins/mcufinder/reactClient1/index.html
2026-03-14 16:46:41,798 [INFO] WebApp:191 - Connection restablished
2026-03-14 16:46:42,717 [INFO] UserAuth:487 - Internet connection configuration mode: 1
2026-03-14 16:59:04,032 [INFO] McuFinderGlobals:63 - Set McuFinder mode to 2 (CubeIDE integrated)
2026-03-14 16:59:04,057 [INFO] MainUpdater:2872 - connection check result : 10
2026-03-14 16:59:04,060 [INFO] MainUpdater:2872 - connection check result : 10
2026-03-14 16:59:04,885 [INFO] MicroXplorer:468 - Change Database Path : 
2026-03-14 16:59:04,886 [INFO] MicroXplorer:498 - Change Database Version : DB.6.0.150
2026-03-14 16:59:04,895 [WARN] ThirdParty:871 - waiting for thirdparty lock release [close project]
2026-03-14 16:59:04,895 [INFO] ThirdParty:873 - entering critical section [close project]
2026-03-14 16:59:04,911 [INFO] ThirdParty:883 - exiting critical section [close project]
2026-03-14 16:59:04,926 [INFO] PinOutPanel:1589 - setPackage(No Configuration,No Configuration)
2026-03-14 16:59:04,942 [INFO] UtilMem:75 - Begin LoadConfig() Used Memory: 759313232 Bytes (1073741824)
2026-03-14 16:59:04,950 [INFO] MicroXplorer:468 - Change Database Path : 
2026-03-14 16:59:04,950 [INFO] MicroXplorer:498 - Change Database Version : DB.6.0.150
2026-03-14 16:59:04,951 [INFO] OpenFileManager:355 - Change cursor
2026-03-14 16:59:05,208 [INFO] Mcu:2029 - Initializing MCU STM32L431C(B-C)Tx STM32L431CBTx STM32L431CBT3
2026-03-14 16:59:07,243 [INFO] Context:786 - Trying to add GPIOservice into a context  which must be forbidden
2026-03-14 16:59:08,154 [INFO] ImportTextPane:234 - (OptionalMessage_ERROR) Pin15 (VP_RIF_VS_RIF1) cannot be retrieved for this MCU
2026-03-14 16:59:08,375 [INFO] RtosManager:558 - Registered RTOS mode: class=CMSIS, group=RTOS, mode=CMSIS_V1, owner=FREERTOS
2026-03-14 16:59:08,375 [INFO] RtosManager:558 - Registered RTOS mode: class=CMSIS, group=RTOS2, mode=CMSIS_V2, owner=FREERTOS
2026-03-14 16:59:08,375 [INFO] RtosManager:558 - Registered RTOS mode: class=RTOS, group=Core, mode=CMSIS_V1, owner=FREERTOS
2026-03-14 16:59:08,375 [INFO] RtosManager:558 - Registered RTOS mode: class=RTOS, group=Core, mode=CMSIS_V2, owner=FREERTOS
2026-03-14 16:59:08,376 [WARN] ModelIntegratedComponent:184 - Missing modes for component STMicroelectronics:FreeRTOS:0.0.1:STMicroelectronics:RTOS:FreeRTOS:Core:::10.2.0:
2026-03-14 16:59:08,395 [WARN] ModelIntegratedComponent:63 - No mode defined for component null
2026-03-14 16:59:08,396 [WARN] ModelIntegratedComponent:63 - No mode defined for component null
2026-03-14 16:59:08,396 [WARN] ModelIntegratedComponent:63 - No mode defined for component null
2026-03-14 16:59:08,396 [WARN] ModelIntegratedComponent:63 - No mode defined for component null
2026-03-14 16:59:08,396 [WARN] ModelIntegratedComponent:63 - No mode defined for component null
2026-03-14 16:59:08,396 [WARN] ModelIntegratedComponent:63 - No mode defined for component null
2026-03-14 16:59:08,396 [WARN] ModelIntegratedComponent:63 - No mode defined for component null
2026-03-14 16:59:08,396 [WARN] ModelIntegratedComponent:63 - No mode defined for component null
2026-03-14 16:59:08,396 [WARN] ModelIntegratedComponent:63 - No mode defined for component null
2026-03-14 16:59:08,396 [WARN] ModelIntegratedComponent:63 - No mode defined for component null
2026-03-14 16:59:08,396 [WARN] ModelIntegratedComponent:63 - No mode defined for component null
2026-03-14 16:59:08,397 [WARN] ModelIntegratedComponent:63 - No mode defined for component null
2026-03-14 16:59:08,397 [WARN] ModelIntegratedComponent:63 - No mode defined for component null
2026-03-14 16:59:08,397 [WARN] ModelIntegratedComponent:63 - No mode defined for component null
2026-03-14 16:59:08,397 [WARN] ModelIntegratedComponent:63 - No mode defined for component null
2026-03-14 16:59:08,397 [WARN] ModelIntegratedComponent:63 - No mode defined for component null
2026-03-14 16:59:08,397 [WARN] ModelIntegratedComponent:63 - No mode defined for component null
2026-03-14 16:59:08,397 [WARN] ModelIntegratedComponent:63 - No mode defined for component null
2026-03-14 16:59:08,397 [WARN] ModelIntegratedComponent:63 - No mode defined for component null
2026-03-14 16:59:08,397 [WARN] ModelIntegratedComponent:63 - No mode defined for component null
2026-03-14 16:59:08,397 [WARN] ModelIntegratedComponent:63 - No mode defined for component null
2026-03-14 16:59:08,397 [WARN] ModelIntegratedComponent:63 - No mode defined for component null
2026-03-14 16:59:08,397 [WARN] ModelIntegratedComponent:63 - No mode defined for component null
2026-03-14 16:59:08,397 [WARN] ModelIntegratedComponent:63 - No mode defined for component null
2026-03-14 16:59:08,397 [WARN] ModelIntegratedComponent:63 - No mode defined for component null
2026-03-14 16:59:08,398 [WARN] ModelIntegratedComponent:63 - No mode defined for component null
2026-03-14 16:59:08,398 [WARN] ModelIntegratedComponent:63 - No mode defined for component null
2026-03-14 16:59:08,398 [WARN] ModelIntegratedComponent:63 - No mode defined for component null
2026-03-14 16:59:08,398 [WARN] ModelIntegratedComponent:63 - No mode defined for component null
2026-03-14 16:59:08,398 [WARN] ModelIntegratedComponent:63 - No mode defined for component null
2026-03-14 16:59:08,398 [WARN] ModelIntegratedComponent:63 - No mode defined for component null
2026-03-14 16:59:08,398 [WARN] ModelIntegratedComponent:63 - No mode defined for component null
2026-03-14 16:59:08,398 [WARN] ModelIntegratedComponent:63 - No mode defined for component null
2026-03-14 16:59:08,398 [WARN] ModelIntegratedComponent:63 - No mode defined for component null
2026-03-14 16:59:08,398 [WARN] ModelIntegratedComponent:63 - No mode defined for component null
2026-03-14 16:59:08,398 [WARN] ModelPack:524 - Component already loaded: STMicroelectronics:HAL Drivers:0.0.0:STMicroelectronics:Device:STMicro_Driver:XSPI:HAL::0.0.1:HAL_XSPI
2026-03-14 16:59:09,138 [INFO] ThirdPartyModel:298 - Start build external matchings
2026-03-14 16:59:09,932 [INFO] ThirdPartyModel:316 - End build external matchings
2026-03-14 16:59:13,162 [INFO] ApiDb:581 - Connected to CubeFinder SQLite database (/Users/karthikkurapati/.stmcufinder/plugins/mcufinder/mcu/cube-finder-db.db)
2026-03-14 16:59:13,279 [INFO] ApiDb:668 - CubeFinder database Data Model version=2.1
2026-03-14 16:59:13,280 [INFO] ApiDb:669 - CubeFinder database Configuration version=3.0.39
2026-03-14 16:59:13,284 [INFO] ApiDb:670 - CubeFinder database generation date=2025-12-22 (1766407740)
2026-03-14 16:59:13,285 [INFO] ApiDb:671 - CubeFinder database FW Pack versions=[FP-ATR-ASTRA1_V2.0.0, FP-SNS-FLIGHT1_V5.1.0, FP-SNS-MOTENV1_V5.1.0, FP-SNS-MOTENVWB1_V1.4.0, FP-SNS-SMARTAG2_V1.2.0, FP-SNS-STBOX1_V2.1.0, STM32Cube_FW_C0_V1.4.0, STM32Cube_FW_F4_V1.28.3, STM32Cube_FW_F7_V1.17.4, STM32Cube_FW_G0_V1.6.2, STM32Cube_FW_G4_V1.6.1, STM32Cube_FW_H5_V1.5.1, STM32Cube_FW_H7RS_V1.3.0, STM32Cube_FW_H7_V1.12.1, STM32Cube_FW_L0_V1.12.2, STM32Cube_FW_L4_V1.18.1, STM32Cube_FW_L5_V1.6.0, STM32Cube_FW_N6_V1.3.0, STM32Cube_FW_U0_V1.3.0, STM32Cube_FW_U3_V1.2.1, STM32Cube_FW_U5_V1.8.0, STM32Cube_FW_WB0_V1.4.0, STM32Cube_FW_WBA_V1.8.0, STM32Cube_FW_WB_V1.24.0, STM32Cube_FW_WL3_V1.3.0, STM32Cube_FW_WL_V1.4.0, X-CUBE-ALGOBUILD_V1.4.0, X-CUBE-ALS_V1.0.2, X-CUBE-AZRTOS-F4_V1.1.0, X-CUBE-AZRTOS-F7_V1.1.0, X-CUBE-AZRTOS-G0_V1.1.0, X-CUBE-AZRTOS-G4_V2.0.0, X-CUBE-AZRTOS-H7RS_V1.1.0, X-CUBE-AZRTOS-H7_V3.4.0, X-CUBE-AZRTOS-L4_V2.0.0, X-CUBE-AZRTOS-L5_V2.0.0, X-CUBE-AZRTOS-WB_V2.0.0, X-CUBE-AZRTOS-WL_V2.0.0, X-CUBE-BLE1_V7.1.0, X-CUBE-BLE2_V3.3.0, X-CUBE-BLEMGR_V4.1.0, X-CUBE-EEPRMA1_V5.2.0, X-CUBE-FREERTOS_V1.3.1, X-CUBE-GNSS1_V6.0.0, X-CUBE-MEMS1_V12.0.0, X-CUBE-NFC4_V3.0.0, X-CUBE-NFC7_V2.0.0, X-CUBE-SFXS2LP1_V4.0.0, X-CUBE-ST67W61_V1.1.0, X-CUBE-SUBG2_V5.0.0, X-CUBE-TOF1_V3.4.3]
2026-03-14 16:59:13,423 [INFO] DbBoardsSqlite:226 - include board P-NUCLEO-WB55-NUCLEO as a kit item of type 'Nucleo-64'
2026-03-14 16:59:13,424 [INFO] DbBoardsSqlite:226 - include board P-NUCLEO-WB55-USBDONGLE as a kit item of type 'Nucleo USB Dongle'
2026-03-14 16:59:13,425 [INFO] DbBoardsSqlite:226 - include board STEVAL-IDP005V1 as a kit item of type 'Evaluation Board'
2026-03-14 16:59:13,426 [INFO] DbBoardsSqlite:226 - include board STEVAL-IDP005V2 as a kit item of type 'Evaluation Board'
2026-03-14 16:59:13,578 [INFO] ApiDb:240 - Found 880 in-development CPN: [B-G473E-ZEST1S, B-WB1M-WPAN1, B-WBA5M-WPAN, B-WL5M-SUBG1, NUCLEO-C031C6, NUCLEO-C051C8, NUCLEO-C071RB, NUCLEO-C092RC, NUCLEO-H503RB, NUCLEO-H533RE, NUCLEO-H563ZI, NUCLEO-H7S3L8, NUCLEO-N657X0-Q, NUCLEO-U031R8, NUCLEO-U083RC, NUCLEO-U385RG-Q, NUCLEO-U545RE-Q, NUCLEO-U5A5ZJ-Q, NUCLEO-WB05KZ, NUCLEO-WB07CC, NUCLEO-WB09KE, NUCLEO-WBA52CG, NUCLEO-WBA55CG, NUCLEO-WL33CC1, NUCLEO-WL33CC2, STEVAL-PROTEUS1, STEVAL-SMARTAG2, STEVAL-STWINBX1, STM320518-EVAL, STM32C0116-DK, STM32C011D6Y3TR, STM32C011D6Y6TR, STM32C011F4P3, STM32C011F4P6, STM32C011F4U3, STM32C011F4U6TR, STM32C011F6P3, STM32C011F6P6, STM32C011F6U3, STM32C011F6U6TR, STM32C011J4M3, STM32C011J4M6, STM32C011J6M3, STM32C011J6M6, STM32C0316-DK, STM32C031C4T3, STM32C031C4T6, STM32C031C4U3, STM32C031C4U6, STM32C031C6T3, STM32C031C6T6, STM32C031C6U3, STM32C031C6U6, STM32C031F4P3, STM32C031F4P6, STM32C031F6P3, STM32C031F6P6, STM32C031G4U3, STM32C031G4U6, STM32C031G6U3, STM32C031G6U6, STM32C031K4T3, STM32C031K4T6, STM32C031K4U3, STM32C031K4U6, STM32C031K6T3, STM32C031K6T6, STM32C031K6U3, STM32C031K6U6, STM32C051C6T6, STM32C051C6U6, STM32C051C8T6, STM32C051C8U6, STM32C051D8Y6TR, STM32C051F6P6, STM32C051F8P6, STM32C051G6U6, STM32C051G8U6, STM32C051K6T6, STM32C051K6U6, STM32C051K8T6, STM32C071C8T6, STM32C071C8T6N, STM32C071C8U6, STM32C071C8U6N, STM32C071CBT6, STM32C071CBT6N, STM32C071CBU6, STM32C071CBU6N, STM32C071F8P6, STM32C071F8P6N, STM32C071FBP6, STM32C071FBP6N, STM32C071FBY6TR, STM32C071G8U6, STM32C071G8U6N, STM32C071GBU6, STM32C071GBU6N, STM32C071K8T6, STM32C071K8T6N, STM32C071K8U6, STM32C071K8U6N, STM32C071KBT6, STM32C071KBT6N, STM32C071KBU6, STM32C071KBU6N, STM32C071R8T6, STM32C071R8T6N, STM32C071RBI6N, STM32C071RBT6, STM32C071RBT6N, STM32C091CBT6, STM32C091CBU6, STM32C091CCT6, STM32C091CCU6, STM32C091ECY6TR, STM32C091FBP6, STM32C091FCP6, STM32C091GBU6, STM32C091GCU6, STM32C091KBT6, STM32C091KBU6, STM32C091KCT6, STM32C091KCU6, STM32C091RBT6, STM32C091RCI6, STM32C091RCT6, STM32C092CBT6, STM32C092CBU6, STM32C092CCT6, STM32C092CCU6, STM32C092ECY6TR, STM32C092FBP6, STM32C092FCP6, STM32C092GBU6, STM32C092GCU6, STM32C092KBT6, STM32C092KBU6, STM32C092KCT6, STM32C092KCU6, STM32C092RBT6, STM32C092RCI6, STM32C092RCT6, STM32G071K8TXN, STM32G071K8UXN, STM32G081GBU6N, STM32G081KBT6N, STM32G081KBUXN, STM32G0B1CCT6N, STM32G0B1KCT6, STM32G0B1NEY6TR, STM32G0B1RCT6N, STM32G0C1CCT6, STM32G0C1CCT6N, STM32G0C1CCU6N, STM32G0C1CET6N, STM32G0C1CEU6N, STM32G0C1KCT6, STM32G0C1NEY6TR, STM32G0C1RCI6N, STM32G0C1RCT6N, STM32G0C1REI6N, STM32G0C1RET6N, STM32G0C1VCI6, STM32G0C1VEI6, STM32G411C6T3, STM32G411C6T6, STM32G411C6U3, STM32G411C6U6, STM32G411C8T3, STM32G411C8T6, STM32G411C8U3, STM32G411C8U6, STM32G411CBT3, STM32G411CBT6, STM32G411CBU3, STM32G411CBU6, STM32G411K6T3, STM32G411K6T6, STM32G411K6U3, STM32G411K6U6, STM32G411K8T3, STM32G411K8T6, STM32G411K8U3, STM32G411K8U6, STM32G411KBT3, STM32G411KBT6, STM32G411KBU3, STM32G411KBU6, STM32G411M6T3, STM32G411M6T6, STM32G411M8T3, STM32G411M8T6, STM32G411MBT3, STM32G411MBT6, STM32G411R6T3, STM32G411R6T6, STM32G411R8T3, STM32G411R8T6, STM32G411RBT3, STM32G411RBT6, STM32G414CBT3, STM32G414CBT6, STM32G414CBU3, STM32G414CBU6, STM32G414CCT3, STM32G414CCT6, STM32G414CCU3, STM32G414CCU6, STM32G414MBT3, STM32G414MBT6, STM32G414MCT3, STM32G414MCT6, STM32G414RBT3, STM32G414RBT6, STM32G414RCT3, STM32G414RCT6, STM32G414VBT3, STM32G414VBT6, STM32G414VCT3, STM32G414VCT6, STM32G431CBT3Z, STM32G431RBT3Z, STM32G471CCT6, STM32G471CCU6, STM32G471CET3, STM32G471CET6, STM32G471CEU3, STM32G471CEU6, STM32G471MCT6, STM32G471MET3, STM32G471MET6, STM32G471MEY6TR, STM32G471QCT6, STM32G471QET3, STM32G471RCT6, STM32G471RET3, STM32G471RET6, STM32G471VCH6, STM32G471VCI6, STM32G471VCT6, STM32G471VEH3, STM32G471VEH6, STM32G471VEI3, STM32G471VEI6, STM32G471VET3, STM32G471VET6, STM32G473QET3Z, STM32G473RET3Z, STM32G474CCT6, STM32G491RET3Z, STM32H503CBT6, STM32H503CBU6, STM32H503EBY6TR, STM32H503KBU6, STM32H503RBT6, STM32H523CCT6, STM32H523CCU6, STM32H523CET6, STM32H523CEU6, STM32H523HEY6TR, STM32H523RCT6, STM32H523RET6, STM32H523VCI6, STM32H523VCT6, STM32H523VEI6, STM32H523VET6, STM32H523ZCJ6, STM32H523ZCT6, STM32H523ZEJ6, STM32H523ZET6, STM32H533CET6, STM32H533CEU6, STM32H533HEY6TR, STM32H533RET6, STM32H533VEI6, STM32H533VET6, STM32H533ZEJ6, STM32H533ZET6, STM32H562AGI6, STM32H562AII6, STM32H562IGK6, STM32H562IGT6, STM32H562IIK6, STM32H562IIT6, STM32H562RGT6, STM32H562RGV6, STM32H562RIT6, STM32H562RIV6, STM32H562VGT6, STM32H562VIT6, STM32H562ZGT6, STM32H562ZIT6, STM32H563AGI6, STM32H563AII3Q, STM32H563AII6, STM32H563IGK6, STM32H563IGT6, STM32H563IIK3Q, STM32H563IIK6, STM32H563IIT3Q, STM32H563IIT6, STM32H563MIY3QTR, STM32H563RGT6, STM32H563RGV6, STM32H563RIT6, STM32H563RIV6, STM32H563VGT6, STM32H563VIT3Q, STM32H563VIT6, STM32H563ZGT6, STM32H563ZIT3Q, STM32H563ZIT6, STM32H573AII3Q, STM32H573AII6, STM32H573I-DK, STM32H573IIK3Q, STM32H573IIK6, STM32H573IIT3Q, STM32H573IIT6, STM32H573MIY3QTR, STM32H573RIT6, STM32H573RIV6, STM32H573VIT3Q, STM32H573VIT6, STM32H573ZIT3Q, STM32H573ZIT6, STM32H7R3A8I6, STM32H7R3I8K6, STM32H7R3I8T6, STM32H7R3L8H6, STM32H7R3L8H6H, STM32H7R3R8V6, STM32H7R3V8H6, STM32H7R3V8T6, STM32H7R3V8Y6TR, STM32H7R3Z8J6, STM32H7R3Z8T6, STM32H7R7A8I6, STM32H7R7I8K6, STM32H7R7I8T6, STM32H7R7L8H6, STM32H7R7L8H6H, STM32H7R7Z8J6, STM32H7S3A8I6, STM32H7S3I8K6, STM32H7S3I8T6, STM32H7S3L8H6, STM32H7S3L8H6H, STM32H7S3R8V6, STM32H7S3V8H6, STM32H7S3V8T6, STM32H7S3V8Y6TR, STM32H7S3Z8J6, STM32H7S3Z8T6, STM32H7S78-DK, STM32H7S7A8I6, STM32H7S7I8K6, STM32H7S7I8T6, STM32H7S7L8H6, STM32H7S7L8H6H, STM32H7S7Z8J6, STM32L4R5QGI6STR, STM32MP131AAE3, STM32MP131AAF3, STM32MP131AAG3, STM32MP131CAE3, STM32MP131CAF3, STM32MP131CAG3, STM32MP131DAE7, STM32MP131DAF7, STM32MP131DAG7, STM32MP131FAE7, STM32MP131FAF7, STM32MP131FAG7, STM32MP133AAE3, STM32MP133AAF3, STM32MP133AAG3, STM32MP133CAE3, STM32MP133CAF3, STM32MP133CAG3, STM32MP133DAE7, STM32MP133DAF7, STM32MP133DAG7, STM32MP133FAE7, STM32MP133FAF7, STM32MP133FAG7, STM32MP135AAE3, STM32MP135AAF3, STM32MP135AAG3, STM32MP135CAE3, STM32MP135CAF3, STM32MP135CAG3, STM32MP135DAE7, STM32MP135DAF7, STM32MP135DAG7, STM32MP135F-DK, STM32MP135FAE7, STM32MP135FAF7, STM32MP135FAF7T, STM32MP135FAF7U, STM32MP135FAG7, STM32MP211AAL3, STM32MP211AAM3, STM32MP211AAN3, STM32MP211AAO3, STM32MP211CAL3, STM32MP211CAM3, STM32MP211CAN3, STM32MP211CAO3, STM32MP211DAL3, STM32MP211DAM3, STM32MP211DAN3, STM32MP211DAO3, STM32MP211FAL3, STM32MP211FAM3, STM32MP211FAN3, STM32MP211FAO3, STM32MP213AAL3, STM32MP213AAM3, STM32MP213AAN3, STM32MP213AAO3, STM32MP213CAL3, STM32MP213CAM3, STM32MP213CAN3, STM32MP213CAO3, STM32MP213DAL3, STM32MP213DAM3, STM32MP213DAN3, STM32MP213DAO3, STM32MP213FAL3, STM32MP213FAM3, STM32MP213FAN3, STM32MP213FAO3, STM32MP215AAL3, STM32MP215AAM3, STM32MP215AAN3, STM32MP215AAO3, STM32MP215CAL3, STM32MP215CAM3, STM32MP215CAN3, STM32MP215CAO3, STM32MP215DAL3, STM32MP215DAM3, STM32MP215DAN3, STM32MP215DAO3, STM32MP215F-DK, STM32MP215FAL3, STM32MP215FAM3, STM32MP215FAN3, STM32MP215FAO3, STM32MP231AAJ3, STM32MP231AAK3, STM32MP231AAL3, STM32MP231CAJ3, STM32MP231CAK3, STM32MP231CAL3, STM32MP231DAJ3, STM32MP231DAK3, STM32MP231DAL3, STM32MP231FAJ3, STM32MP231FAK3, STM32MP231FAL3, STM32MP233AAJ3, STM32MP233AAK3, STM32MP233AAL3, STM32MP233CAJ3, STM32MP233CAK3, STM32MP233CAL3, STM32MP233DAJ3, STM32MP233DAK3, STM32MP233DAL3, STM32MP233FAJ3, STM32MP233FAK3, STM32MP233FAL3, STM32MP235AAJ3, STM32MP235AAK3, STM32MP235AAL3, STM32MP235CAJ3, STM32MP235CAK3, STM32MP235CAL3, STM32MP235DAJ3, STM32MP235DAK3, STM32MP235DAL3, STM32MP235FAJ3, STM32MP235FAK3, STM32MP235FAL3, STM32MP251AAI3, STM32MP251AAK3, STM32MP251AAL3, STM32MP251CAI3, STM32MP251CAK3, STM32MP251CAL3, STM32MP251DAI3, STM32MP251DAK3, STM32MP251DAL3, STM32MP251FAI3, STM32MP251FAK3, STM32MP251FAL3, STM32MP253AAI3, STM32MP253AAK3, STM32MP253AAL3, STM32MP253CAI3, STM32MP253CAK3, STM32MP253CAL3, STM32MP253DAI3, STM32MP253DAK3, STM32MP253DAL3, STM32MP253FAI3, STM32MP253FAK3, STM32MP253FAL3, STM32MP255AAI3, STM32MP255AAK3, STM32MP255AAL3, STM32MP255CAI3, STM32MP255CAK3, STM32MP255CAL3, STM32MP255DAI3, STM32MP255DAK3, STM32MP255DAL3, STM32MP255FAI3, STM32MP255FAK3, STM32MP255FAL3, STM32MP257AAI3, STM32MP257AAK3, STM32MP257AAL3, STM32MP257CAI3, STM32MP257CAK3, STM32MP257CAL3, STM32MP257DAI3, STM32MP257DAK3, STM32MP257DAL3, STM32MP257F-DK, STM32MP257F-EV1, STM32MP257FAI3, STM32MP257FAK3, STM32MP257FAL3, STM32N645A0H3Q, STM32N645B0H3Q, STM32N645I0H3Q, STM32N645L0H3Q, STM32N645X0H3Q, STM32N645Z0H3Q, STM32N647A0H3Q, STM32N647B0H3Q, STM32N647I0H3Q, STM32N647L0H3Q, STM32N647X0H3Q, STM32N647Z0H3Q, STM32N655A0H3Q, STM32N655B0H3Q, STM32N655I0H3Q, STM32N655L0H3Q, STM32N655X0H3Q, STM32N655Z0H3Q, STM32N6570-DK, STM32N657A0H3Q, STM32N657B0H3Q, STM32N657I0H3Q, STM32N657L0H3Q, STM32N657X0H3Q, STM32N657Z0H3Q, STM32U031C6T6, STM32U031C6U6, STM32U031C8T6, STM32U031C8U6, STM32U031F4P6, STM32U031F6P6, STM32U031F8P6, STM32U031G6Y6TR, STM32U031G8Y6TR, STM32U031K4U6, STM32U031K6U6, STM32U031K8U6, STM32U031R6I6, STM32U031R6T6, STM32U031R8I6, STM32U031R8T6, STM32U073C8T6, STM32U073C8U6, STM32U073CBT6, STM32U073CBU6, STM32U073CCT6, STM32U073CCU6, STM32U073H8Y6TR, STM32U073HBY6TR, STM32U073HCY6TR, STM32U073K8U6, STM32U073KBU6, STM32U073KCU6, STM32U073M8I6, STM32U073M8T6, STM32U073MBI6, STM32U073MBT6, STM32U073MCI6, STM32U073MCT6, STM32U073R8I6, STM32U073R8T6, STM32U073RBI6, STM32U073RBT6, STM32U073RCI6, STM32U073RCT6, STM32U083C-DK, STM32U083CCT6, STM32U083CCU6, STM32U083HCY6TR, STM32U083KCU6, STM32U083MCI6, STM32U083MCT6, STM32U083RCI6, STM32U083RCT6, STM32U375CET6, STM32U375CET6Q, STM32U375CEU6, STM32U375CEU6Q, STM32U375CEY6QTR, STM32U375CGT6, STM32U375CGT6Q, STM32U375CGU6, STM32U375CGU6Q, STM32U375CGY6QTR, STM32U375KEU6, STM32U375KGU6, STM32U375REI6, STM32U375REI6Q, STM32U375RET6, STM32U375RET6Q, STM32U375REY6GTR, STM32U375REY6QTR, STM32U375RGI6, STM32U375RGI6Q, STM32U375RGT6, STM32U375RGT6Q, STM32U375RGY6GTR, STM32U375RGY6QTR, STM32U375VEI6, STM32U375VEI6Q, STM32U375VET6, STM32U375VET6Q, STM32U375VGI6, STM32U375VGI6Q, STM32U375VGT6, STM32U375VGT6Q, STM32U385CGT6, STM32U385CGT6Q, STM32U385CGU6, STM32U385CGU6Q, STM32U385CGY6QTR, STM32U385KGU6, STM32U385RGI6, STM32U385RGI6Q, STM32U385RGT6, STM32U385RGT6Q, STM32U385RGY6GTR, STM32U385RGY6QTR, STM32U385VGI6, STM32U385VGI6Q, STM32U385VGT6, STM32U385VGT6Q, STM32U535CBT6, STM32U535CBT6Q, STM32U535CBU6, STM32U535CBU6Q, STM32U535CCT6, STM32U535CCT6Q, STM32U535CCU6, STM32U535CCU6Q, STM32U535CET6, STM32U535CET6Q, STM32U535CEU6, STM32U535CEU6Q, STM32U535JEY6QTR, STM32U535NCY6QTR, STM32U535NEY6QTR, STM32U535RBI6, STM32U535RBI6Q, STM32U535RBT6, STM32U535RBT6Q, STM32U535RCI6, STM32U535RCI6Q, STM32U535RCT6, STM32U535RCT6Q, STM32U535REI6, STM32U535REI6Q, STM32U535RET6, STM32U535RET6Q, STM32U535VCI6, STM32U535VCI6Q, STM32U535VCT6, STM32U535VCT6Q, STM32U535VEI6, STM32U535VEI6Q, STM32U535VET6, STM32U535VET6Q, STM32U545CET6, STM32U545CET6Q, STM32U545CEU6, STM32U545CEU6Q, STM32U545JEY6QTR, STM32U545NEY6QTR, STM32U545REI6, STM32U545REI6Q, STM32U545RET6, STM32U545RET6Q, STM32U545VEI6, STM32U545VEI6Q, STM32U545VET6, STM32U545VET6Q, STM32U595AIH6, STM32U595AIH6Q, STM32U595AJH6, STM32U595AJH6Q, STM32U595QII6, STM32U595QII6Q, STM32U595QJI6, STM32U595QJI6Q, STM32U595RIT6, STM32U595RIT6Q, STM32U595RJT6, STM32U595RJT6Q, STM32U595VIT6, STM32U595VIT6Q, STM32U595VJT6, STM32U595VJT6Q, STM32U595ZIT6, STM32U595ZIT6Q, STM32U595ZIY6QTR, STM32U595ZJT6, STM32U595ZJT6Q, STM32U595ZJY6QTR, STM32U599BJY6QTR, STM32U599NIH6Q, STM32U599NJH6Q, STM32U599VIT6Q, STM32U599VJT6, STM32U599VJT6Q, STM32U599ZIT6Q, STM32U599ZIY6QTR, STM32U599ZJT6Q, STM32U599ZJY6QTR, STM32U5A5AJH6, STM32U5A5AJH6Q, STM32U5A5QII3Q , STM32U5A5QJI6, STM32U5A5QJI6Q, STM32U5A5RJT6, STM32U5A5RJT6Q, STM32U5A5VJT6, STM32U5A5VJT6Q, STM32U5A5ZJT6, STM32U5A5ZJT6Q, STM32U5A5ZJY6QTR, STM32U5A9BJY6QTR, STM32U5A9J-DK, STM32U5A9NJH6Q, STM32U5A9VJT6Q, STM32U5A9ZJT6Q, STM32U5A9ZJY6QTR, STM32U5F7VIT6, STM32U5F7VIT6Q, STM32U5F7VJT6, STM32U5F7VJT6Q, STM32U5F9BJY6QTR, STM32U5F9NJH6Q, STM32U5F9VIT6Q, STM32U5F9VJT6Q, STM32U5F9ZIJ6QTR, STM32U5F9ZIT6Q, STM32U5F9ZJJ6QTR, STM32U5F9ZJT6Q, STM32U5G7VJT6, STM32U5G7VJT6Q, STM32U5G9BJY6QTR, STM32U5G9J-DK1, STM32U5G9J-DK2, STM32U5G9NJH6Q, STM32U5G9VJT6Q, STM32U5G9ZJJ6QTR, STM32U5G9ZJT6Q, STM32WB05KZV6TR, STM32WB05KZV7TR, STM32WB05TZF6TR, STM32WB05TZF7TR, STM32WB06CCF6TR, STM32WB06CCF7TR, STM32WB06CCV6TR, STM32WB06CCV7TR, STM32WB06KCV6TR, STM32WB06KCV7TR, STM32WB07CCF6TR, STM32WB07CCF7TR, STM32WB07CCV6TR, STM32WB07CCV7TR, STM32WB07KCV6TR, STM32WB07KCV7TR, STM32WB09KEV6TR, STM32WB09KEV7TR, STM32WB09TEF6TR, STM32WB09TEF7TR, STM32WB1MMCH6, STM32WBA50KGU6, STM32WBA50KGU6TR, STM32WBA52CEU6, STM32WBA52CEU6TR, STM32WBA52CEU7, STM32WBA52CEU7TR, STM32WBA52CGU6, STM32WBA52CGU6TR, STM32WBA52CGU6U, STM32WBA52CGU7, STM32WBA52CGU7TR, STM32WBA52KEU6, STM32WBA52KEU6TR, STM32WBA52KGU6, STM32WBA52KGU6TR, STM32WBA54CEU6, STM32WBA54CEU6TR, STM32WBA54CEU7, STM32WBA54CEU7TR, STM32WBA54CGU6, STM32WBA54CGU6TR, STM32WBA54CGU7, STM32WBA54CGU7TR, STM32WBA54KEU6, STM32WBA54KEU6TR, STM32WBA54KEU7, STM32WBA54KEU7TR, STM32WBA54KGU6, STM32WBA54KGU6TR, STM32WBA54KGU7, STM32WBA54KGU7TR, STM32WBA55CEU6, STM32WBA55CEU6TR, STM32WBA55CEU7, STM32WBA55CEU7TR, STM32WBA55CGU6, STM32WBA55CGU6TR, STM32WBA55CGU6U, STM32WBA55CGU7, STM32WBA55CGU7TR, STM32WBA55G-DK1, STM32WBA55HEF6, STM32WBA55HEF7, STM32WBA55HGF6, STM32WBA55HGF7, STM32WBA55UEI6, STM32WBA55UEI6TR, STM32WBA55UEI7, STM32WBA55UEI7TR, STM32WBA55UGI6, STM32WBA55UGI6TR, STM32WBA55UGI7, STM32WBA55UGI7TR, STM32WBA5MMGH6TR, STM32WBA62MGF6, STM32WBA62MIF6, STM32WBA65MGF7, STM32WBA65MIF6, STM32WBA65MIF7, STM32WL30K8V6, STM32WL30KBV6, STM32WL31C8V6, STM32WL31CBV6, STM32WL31K8V6, STM32WL31KBV6, STM32WL33C8V6, STM32WL33C8V6X, STM32WL33CBV6, STM32WL33CBV6X, STM32WL33CCV6, STM32WL33CCV6A, STM32WL33CCV6X, STM32WL33K8V7, STM32WL33K8V7X, STM32WL33KBV7 , STM32WL33KBV7X, STM32WL33KCV7, STM32WL33KCV7X, STM32WL5MOCH6, STM32WL5MOCH6TR]
2026-03-14 16:59:13,585 [INFO] ApiDb:668 - CubeFinder database Data Model version=2.1
2026-03-14 16:59:13,587 [INFO] ApiDb:669 - CubeFinder database Configuration version=3.0.39
2026-03-14 16:59:13,590 [INFO] ApiDb:670 - CubeFinder database generation date=2025-12-22 (1766407740)
2026-03-14 16:59:13,594 [INFO] ApiDb:671 - CubeFinder database FW Pack versions=[FP-ATR-ASTRA1_V2.0.0, FP-SNS-FLIGHT1_V5.1.0, FP-SNS-MOTENV1_V5.1.0, FP-SNS-MOTENVWB1_V1.4.0, FP-SNS-SMARTAG2_V1.2.0, FP-SNS-STBOX1_V2.1.0, STM32Cube_FW_C0_V1.4.0, STM32Cube_FW_F4_V1.28.3, STM32Cube_FW_F7_V1.17.4, STM32Cube_FW_G0_V1.6.2, STM32Cube_FW_G4_V1.6.1, STM32Cube_FW_H5_V1.5.1, STM32Cube_FW_H7RS_V1.3.0, STM32Cube_FW_H7_V1.12.1, STM32Cube_FW_L0_V1.12.2, STM32Cube_FW_L4_V1.18.1, STM32Cube_FW_L5_V1.6.0, STM32Cube_FW_N6_V1.3.0, STM32Cube_FW_U0_V1.3.0, STM32Cube_FW_U3_V1.2.1, STM32Cube_FW_U5_V1.8.0, STM32Cube_FW_WB0_V1.4.0, STM32Cube_FW_WBA_V1.8.0, STM32Cube_FW_WB_V1.24.0, STM32Cube_FW_WL3_V1.3.0, STM32Cube_FW_WL_V1.4.0, X-CUBE-ALGOBUILD_V1.4.0, X-CUBE-ALS_V1.0.2, X-CUBE-AZRTOS-F4_V1.1.0, X-CUBE-AZRTOS-F7_V1.1.0, X-CUBE-AZRTOS-G0_V1.1.0, X-CUBE-AZRTOS-G4_V2.0.0, X-CUBE-AZRTOS-H7RS_V1.1.0, X-CUBE-AZRTOS-H7_V3.4.0, X-CUBE-AZRTOS-L4_V2.0.0, X-CUBE-AZRTOS-L5_V2.0.0, X-CUBE-AZRTOS-WB_V2.0.0, X-CUBE-AZRTOS-WL_V2.0.0, X-CUBE-BLE1_V7.1.0, X-CUBE-BLE2_V3.3.0, X-CUBE-BLEMGR_V4.1.0, X-CUBE-EEPRMA1_V5.2.0, X-CUBE-FREERTOS_V1.3.1, X-CUBE-GNSS1_V6.0.0, X-CUBE-MEMS1_V12.0.0, X-CUBE-NFC4_V3.0.0, X-CUBE-NFC7_V2.0.0, X-CUBE-SFXS2LP1_V4.0.0, X-CUBE-ST67W61_V1.1.0, X-CUBE-SUBG2_V5.0.0, X-CUBE-TOF1_V3.4.3]
2026-03-14 16:59:16,476 [INFO] ApiDb:240 - Found 880 in-development CPN: [B-G473E-ZEST1S, B-WB1M-WPAN1, B-WBA5M-WPAN, B-WL5M-SUBG1, NUCLEO-C031C6, NUCLEO-C051C8, NUCLEO-C071RB, NUCLEO-C092RC, NUCLEO-H503RB, NUCLEO-H533RE, NUCLEO-H563ZI, NUCLEO-H7S3L8, NUCLEO-N657X0-Q, NUCLEO-U031R8, NUCLEO-U083RC, NUCLEO-U385RG-Q, NUCLEO-U545RE-Q, NUCLEO-U5A5ZJ-Q, NUCLEO-WB05KZ, NUCLEO-WB07CC, NUCLEO-WB09KE, NUCLEO-WBA52CG, NUCLEO-WBA55CG, NUCLEO-WL33CC1, NUCLEO-WL33CC2, STEVAL-PROTEUS1, STEVAL-SMARTAG2, STEVAL-STWINBX1, STM320518-EVAL, STM32C0116-DK, STM32C011D6Y3TR, STM32C011D6Y6TR, STM32C011F4P3, STM32C011F4P6, STM32C011F4U3, STM32C011F4U6TR, STM32C011F6P3, STM32C011F6P6, STM32C011F6U3, STM32C011F6U6TR, STM32C011J4M3, STM32C011J4M6, STM32C011J6M3, STM32C011J6M6, STM32C0316-DK, STM32C031C4T3, STM32C031C4T6, STM32C031C4U3, STM32C031C4U6, STM32C031C6T3, STM32C031C6T6, STM32C031C6U3, STM32C031C6U6, STM32C031F4P3, STM32C031F4P6, STM32C031F6P3, STM32C031F6P6, STM32C031G4U3, STM32C031G4U6, STM32C031G6U3, STM32C031G6U6, STM32C031K4T3, STM32C031K4T6, STM32C031K4U3, STM32C031K4U6, STM32C031K6T3, STM32C031K6T6, STM32C031K6U3, STM32C031K6U6, STM32C051C6T6, STM32C051C6U6, STM32C051C8T6, STM32C051C8U6, STM32C051D8Y6TR, STM32C051F6P6, STM32C051F8P6, STM32C051G6U6, STM32C051G8U6, STM32C051K6T6, STM32C051K6U6, STM32C051K8T6, STM32C071C8T6, STM32C071C8T6N, STM32C071C8U6, STM32C071C8U6N, STM32C071CBT6, STM32C071CBT6N, STM32C071CBU6, STM32C071CBU6N, STM32C071F8P6, STM32C071F8P6N, STM32C071FBP6, STM32C071FBP6N, STM32C071FBY6TR, STM32C071G8U6, STM32C071G8U6N, STM32C071GBU6, STM32C071GBU6N, STM32C071K8T6, STM32C071K8T6N, STM32C071K8U6, STM32C071K8U6N, STM32C071KBT6, STM32C071KBT6N, STM32C071KBU6, STM32C071KBU6N, STM32C071R8T6, STM32C071R8T6N, STM32C071RBI6N, STM32C071RBT6, STM32C071RBT6N, STM32C091CBT6, STM32C091CBU6, STM32C091CCT6, STM32C091CCU6, STM32C091ECY6TR, STM32C091FBP6, STM32C091FCP6, STM32C091GBU6, STM32C091GCU6, STM32C091KBT6, STM32C091KBU6, STM32C091KCT6, STM32C091KCU6, STM32C091RBT6, STM32C091RCI6, STM32C091RCT6, STM32C092CBT6, STM32C092CBU6, STM32C092CCT6, STM32C092CCU6, STM32C092ECY6TR, STM32C092FBP6, STM32C092FCP6, STM32C092GBU6, STM32C092GCU6, STM32C092KBT6, STM32C092KBU6, STM32C092KCT6, STM32C092KCU6, STM32C092RBT6, STM32C092RCI6, STM32C092RCT6, STM32G071K8TXN, STM32G071K8UXN, STM32G081GBU6N, STM32G081KBT6N, STM32G081KBUXN, STM32G0B1CCT6N, STM32G0B1KCT6, STM32G0B1NEY6TR, STM32G0B1RCT6N, STM32G0C1CCT6, STM32G0C1CCT6N, STM32G0C1CCU6N, STM32G0C1CET6N, STM32G0C1CEU6N, STM32G0C1KCT6, STM32G0C1NEY6TR, STM32G0C1RCI6N, STM32G0C1RCT6N, STM32G0C1REI6N, STM32G0C1RET6N, STM32G0C1VCI6, STM32G0C1VEI6, STM32G411C6T3, STM32G411C6T6, STM32G411C6U3, STM32G411C6U6, STM32G411C8T3, STM32G411C8T6, STM32G411C8U3, STM32G411C8U6, STM32G411CBT3, STM32G411CBT6, STM32G411CBU3, STM32G411CBU6, STM32G411K6T3, STM32G411K6T6, STM32G411K6U3, STM32G411K6U6, STM32G411K8T3, STM32G411K8T6, STM32G411K8U3, STM32G411K8U6, STM32G411KBT3, STM32G411KBT6, STM32G411KBU3, STM32G411KBU6, STM32G411M6T3, STM32G411M6T6, STM32G411M8T3, STM32G411M8T6, STM32G411MBT3, STM32G411MBT6, STM32G411R6T3, STM32G411R6T6, STM32G411R8T3, STM32G411R8T6, STM32G411RBT3, STM32G411RBT6, STM32G414CBT3, STM32G414CBT6, STM32G414CBU3, STM32G414CBU6, STM32G414CCT3, STM32G414CCT6, STM32G414CCU3, STM32G414CCU6, STM32G414MBT3, STM32G414MBT6, STM32G414MCT3, STM32G414MCT6, STM32G414RBT3, STM32G414RBT6, STM32G414RCT3, STM32G414RCT6, STM32G414VBT3, STM32G414VBT6, STM32G414VCT3, STM32G414VCT6, STM32G431CBT3Z, STM32G431RBT3Z, STM32G471CCT6, STM32G471CCU6, STM32G471CET3, STM32G471CET6, STM32G471CEU3, STM32G471CEU6, STM32G471MCT6, STM32G471MET3, STM32G471MET6, STM32G471MEY6TR, STM32G471QCT6, STM32G471QET3, STM32G471RCT6, STM32G471RET3, STM32G471RET6, STM32G471VCH6, STM32G471VCI6, STM32G471VCT6, STM32G471VEH3, STM32G471VEH6, STM32G471VEI3, STM32G471VEI6, STM32G471VET3, STM32G471VET6, STM32G473QET3Z, STM32G473RET3Z, STM32G474CCT6, STM32G491RET3Z, STM32H503CBT6, STM32H503CBU6, STM32H503EBY6TR, STM32H503KBU6, STM32H503RBT6, STM32H523CCT6, STM32H523CCU6, STM32H523CET6, STM32H523CEU6, STM32H523HEY6TR, STM32H523RCT6, STM32H523RET6, STM32H523VCI6, STM32H523VCT6, STM32H523VEI6, STM32H523VET6, STM32H523ZCJ6, STM32H523ZCT6, STM32H523ZEJ6, STM32H523ZET6, STM32H533CET6, STM32H533CEU6, STM32H533HEY6TR, STM32H533RET6, STM32H533VEI6, STM32H533VET6, STM32H533ZEJ6, STM32H533ZET6, STM32H562AGI6, STM32H562AII6, STM32H562IGK6, STM32H562IGT6, STM32H562IIK6, STM32H562IIT6, STM32H562RGT6, STM32H562RGV6, STM32H562RIT6, STM32H562RIV6, STM32H562VGT6, STM32H562VIT6, STM32H562ZGT6, STM32H562ZIT6, STM32H563AGI6, STM32H563AII3Q, STM32H563AII6, STM32H563IGK6, STM32H563IGT6, STM32H563IIK3Q, STM32H563IIK6, STM32H563IIT3Q, STM32H563IIT6, STM32H563MIY3QTR, STM32H563RGT6, STM32H563RGV6, STM32H563RIT6, STM32H563RIV6, STM32H563VGT6, STM32H563VIT3Q, STM32H563VIT6, STM32H563ZGT6, STM32H563ZIT3Q, STM32H563ZIT6, STM32H573AII3Q, STM32H573AII6, STM32H573I-DK, STM32H573IIK3Q, STM32H573IIK6, STM32H573IIT3Q, STM32H573IIT6, STM32H573MIY3QTR, STM32H573RIT6, STM32H573RIV6, STM32H573VIT3Q, STM32H573VIT6, STM32H573ZIT3Q, STM32H573ZIT6, STM32H7R3A8I6, STM32H7R3I8K6, STM32H7R3I8T6, STM32H7R3L8H6, STM32H7R3L8H6H, STM32H7R3R8V6, STM32H7R3V8H6, STM32H7R3V8T6, STM32H7R3V8Y6TR, STM32H7R3Z8J6, STM32H7R3Z8T6, STM32H7R7A8I6, STM32H7R7I8K6, STM32H7R7I8T6, STM32H7R7L8H6, STM32H7R7L8H6H, STM32H7R7Z8J6, STM32H7S3A8I6, STM32H7S3I8K6, STM32H7S3I8T6, STM32H7S3L8H6, STM32H7S3L8H6H, STM32H7S3R8V6, STM32H7S3V8H6, STM32H7S3V8T6, STM32H7S3V8Y6TR, STM32H7S3Z8J6, STM32H7S3Z8T6, STM32H7S78-DK, STM32H7S7A8I6, STM32H7S7I8K6, STM32H7S7I8T6, STM32H7S7L8H6, STM32H7S7L8H6H, STM32H7S7Z8J6, STM32L4R5QGI6STR, STM32MP131AAE3, STM32MP131AAF3, STM32MP131AAG3, STM32MP131CAE3, STM32MP131CAF3, STM32MP131CAG3, STM32MP131DAE7, STM32MP131DAF7, STM32MP131DAG7, STM32MP131FAE7, STM32MP131FAF7, STM32MP131FAG7, STM32MP133AAE3, STM32MP133AAF3, STM32MP133AAG3, STM32MP133CAE3, STM32MP133CAF3, STM32MP133CAG3, STM32MP133DAE7, STM32MP133DAF7, STM32MP133DAG7, STM32MP133FAE7, STM32MP133FAF7, STM32MP133FAG7, STM32MP135AAE3, STM32MP135AAF3, STM32MP135AAG3, STM32MP135CAE3, STM32MP135CAF3, STM32MP135CAG3, STM32MP135DAE7, STM32MP135DAF7, STM32MP135DAG7, STM32MP135F-DK, STM32MP135FAE7, STM32MP135FAF7, STM32MP135FAF7T, STM32MP135FAF7U, STM32MP135FAG7, STM32MP211AAL3, STM32MP211AAM3, STM32MP211AAN3, STM32MP211AAO3, STM32MP211CAL3, STM32MP211CAM3, STM32MP211CAN3, STM32MP211CAO3, STM32MP211DAL3, STM32MP211DAM3, STM32MP211DAN3, STM32MP211DAO3, STM32MP211FAL3, STM32MP211FAM3, STM32MP211FAN3, STM32MP211FAO3, STM32MP213AAL3, STM32MP213AAM3, STM32MP213AAN3, STM32MP213AAO3, STM32MP213CAL3, STM32MP213CAM3, STM32MP213CAN3, STM32MP213CAO3, STM32MP213DAL3, STM32MP213DAM3, STM32MP213DAN3, STM32MP213DAO3, STM32MP213FAL3, STM32MP213FAM3, STM32MP213FAN3, STM32MP213FAO3, STM32MP215AAL3, STM32MP215AAM3, STM32MP215AAN3, STM32MP215AAO3, STM32MP215CAL3, STM32MP215CAM3, STM32MP215CAN3, STM32MP215CAO3, STM32MP215DAL3, STM32MP215DAM3, STM32MP215DAN3, STM32MP215DAO3, STM32MP215F-DK, STM32MP215FAL3, STM32MP215FAM3, STM32MP215FAN3, STM32MP215FAO3, STM32MP231AAJ3, STM32MP231AAK3, STM32MP231AAL3, STM32MP231CAJ3, STM32MP231CAK3, STM32MP231CAL3, STM32MP231DAJ3, STM32MP231DAK3, STM32MP231DAL3, STM32MP231FAJ3, STM32MP231FAK3, STM32MP231FAL3, STM32MP233AAJ3, STM32MP233AAK3, STM32MP233AAL3, STM32MP233CAJ3, STM32MP233CAK3, STM32MP233CAL3, STM32MP233DAJ3, STM32MP233DAK3, STM32MP233DAL3, STM32MP233FAJ3, STM32MP233FAK3, STM32MP233FAL3, STM32MP235AAJ3, STM32MP235AAK3, STM32MP235AAL3, STM32MP235CAJ3, STM32MP235CAK3, STM32MP235CAL3, STM32MP235DAJ3, STM32MP235DAK3, STM32MP235DAL3, STM32MP235FAJ3, STM32MP235FAK3, STM32MP235FAL3, STM32MP251AAI3, STM32MP251AAK3, STM32MP251AAL3, STM32MP251CAI3, STM32MP251CAK3, STM32MP251CAL3, STM32MP251DAI3, STM32MP251DAK3, STM32MP251DAL3, STM32MP251FAI3, STM32MP251FAK3, STM32MP251FAL3, STM32MP253AAI3, STM32MP253AAK3, STM32MP253AAL3, STM32MP253CAI3, STM32MP253CAK3, STM32MP253CAL3, STM32MP253DAI3, STM32MP253DAK3, STM32MP253DAL3, STM32MP253FAI3, STM32MP253FAK3, STM32MP253FAL3, STM32MP255AAI3, STM32MP255AAK3, STM32MP255AAL3, STM32MP255CAI3, STM32MP255CAK3, STM32MP255CAL3, STM32MP255DAI3, STM32MP255DAK3, STM32MP255DAL3, STM32MP255FAI3, STM32MP255FAK3, STM32MP255FAL3, STM32MP257AAI3, STM32MP257AAK3, STM32MP257AAL3, STM32MP257CAI3, STM32MP257CAK3, STM32MP257CAL3, STM32MP257DAI3, STM32MP257DAK3, STM32MP257DAL3, STM32MP257F-DK, STM32MP257F-EV1, STM32MP257FAI3, STM32MP257FAK3, STM32MP257FAL3, STM32N645A0H3Q, STM32N645B0H3Q, STM32N645I0H3Q, STM32N645L0H3Q, STM32N645X0H3Q, STM32N645Z0H3Q, STM32N647A0H3Q, STM32N647B0H3Q, STM32N647I0H3Q, STM32N647L0H3Q, STM32N647X0H3Q, STM32N647Z0H3Q, STM32N655A0H3Q, STM32N655B0H3Q, STM32N655I0H3Q, STM32N655L0H3Q, STM32N655X0H3Q, STM32N655Z0H3Q, STM32N6570-DK, STM32N657A0H3Q, STM32N657B0H3Q, STM32N657I0H3Q, STM32N657L0H3Q, STM32N657X0H3Q, STM32N657Z0H3Q, STM32U031C6T6, STM32U031C6U6, STM32U031C8T6, STM32U031C8U6, STM32U031F4P6, STM32U031F6P6, STM32U031F8P6, STM32U031G6Y6TR, STM32U031G8Y6TR, STM32U031K4U6, STM32U031K6U6, STM32U031K8U6, STM32U031R6I6, STM32U031R6T6, STM32U031R8I6, STM32U031R8T6, STM32U073C8T6, STM32U073C8U6, STM32U073CBT6, STM32U073CBU6, STM32U073CCT6, STM32U073CCU6, STM32U073H8Y6TR, STM32U073HBY6TR, STM32U073HCY6TR, STM32U073K8U6, STM32U073KBU6, STM32U073KCU6, STM32U073M8I6, STM32U073M8T6, STM32U073MBI6, STM32U073MBT6, STM32U073MCI6, STM32U073MCT6, STM32U073R8I6, STM32U073R8T6, STM32U073RBI6, STM32U073RBT6, STM32U073RCI6, STM32U073RCT6, STM32U083C-DK, STM32U083CCT6, STM32U083CCU6, STM32U083HCY6TR, STM32U083KCU6, STM32U083MCI6, STM32U083MCT6, STM32U083RCI6, STM32U083RCT6, STM32U375CET6, STM32U375CET6Q, STM32U375CEU6, STM32U375CEU6Q, STM32U375CEY6QTR, STM32U375CGT6, STM32U375CGT6Q, STM32U375CGU6, STM32U375CGU6Q, STM32U375CGY6QTR, STM32U375KEU6, STM32U375KGU6, STM32U375REI6, STM32U375REI6Q, STM32U375RET6, STM32U375RET6Q, STM32U375REY6GTR, STM32U375REY6QTR, STM32U375RGI6, STM32U375RGI6Q, STM32U375RGT6, STM32U375RGT6Q, STM32U375RGY6GTR, STM32U375RGY6QTR, STM32U375VEI6, STM32U375VEI6Q, STM32U375VET6, STM32U375VET6Q, STM32U375VGI6, STM32U375VGI6Q, STM32U375VGT6, STM32U375VGT6Q, STM32U385CGT6, STM32U385CGT6Q, STM32U385CGU6, STM32U385CGU6Q, STM32U385CGY6QTR, STM32U385KGU6, STM32U385RGI6, STM32U385RGI6Q, STM32U385RGT6, STM32U385RGT6Q, STM32U385RGY6GTR, STM32U385RGY6QTR, STM32U385VGI6, STM32U385VGI6Q, STM32U385VGT6, STM32U385VGT6Q, STM32U535CBT6, STM32U535CBT6Q, STM32U535CBU6, STM32U535CBU6Q, STM32U535CCT6, STM32U535CCT6Q, STM32U535CCU6, STM32U535CCU6Q, STM32U535CET6, STM32U535CET6Q, STM32U535CEU6, STM32U535CEU6Q, STM32U535JEY6QTR, STM32U535NCY6QTR, STM32U535NEY6QTR, STM32U535RBI6, STM32U535RBI6Q, STM32U535RBT6, STM32U535RBT6Q, STM32U535RCI6, STM32U535RCI6Q, STM32U535RCT6, STM32U535RCT6Q, STM32U535REI6, STM32U535REI6Q, STM32U535RET6, STM32U535RET6Q, STM32U535VCI6, STM32U535VCI6Q, STM32U535VCT6, STM32U535VCT6Q, STM32U535VEI6, STM32U535VEI6Q, STM32U535VET6, STM32U535VET6Q, STM32U545CET6, STM32U545CET6Q, STM32U545CEU6, STM32U545CEU6Q, STM32U545JEY6QTR, STM32U545NEY6QTR, STM32U545REI6, STM32U545REI6Q, STM32U545RET6, STM32U545RET6Q, STM32U545VEI6, STM32U545VEI6Q, STM32U545VET6, STM32U545VET6Q, STM32U595AIH6, STM32U595AIH6Q, STM32U595AJH6, STM32U595AJH6Q, STM32U595QII6, STM32U595QII6Q, STM32U595QJI6, STM32U595QJI6Q, STM32U595RIT6, STM32U595RIT6Q, STM32U595RJT6, STM32U595RJT6Q, STM32U595VIT6, STM32U595VIT6Q, STM32U595VJT6, STM32U595VJT6Q, STM32U595ZIT6, STM32U595ZIT6Q, STM32U595ZIY6QTR, STM32U595ZJT6, STM32U595ZJT6Q, STM32U595ZJY6QTR, STM32U599BJY6QTR, STM32U599NIH6Q, STM32U599NJH6Q, STM32U599VIT6Q, STM32U599VJT6, STM32U599VJT6Q, STM32U599ZIT6Q, STM32U599ZIY6QTR, STM32U599ZJT6Q, STM32U599ZJY6QTR, STM32U5A5AJH6, STM32U5A5AJH6Q, STM32U5A5QII3Q , STM32U5A5QJI6, STM32U5A5QJI6Q, STM32U5A5RJT6, STM32U5A5RJT6Q, STM32U5A5VJT6, STM32U5A5VJT6Q, STM32U5A5ZJT6, STM32U5A5ZJT6Q, STM32U5A5ZJY6QTR, STM32U5A9BJY6QTR, STM32U5A9J-DK, STM32U5A9NJH6Q, STM32U5A9VJT6Q, STM32U5A9ZJT6Q, STM32U5A9ZJY6QTR, STM32U5F7VIT6, STM32U5F7VIT6Q, STM32U5F7VJT6, STM32U5F7VJT6Q, STM32U5F9BJY6QTR, STM32U5F9NJH6Q, STM32U5F9VIT6Q, STM32U5F9VJT6Q, STM32U5F9ZIJ6QTR, STM32U5F9ZIT6Q, STM32U5F9ZJJ6QTR, STM32U5F9ZJT6Q, STM32U5G7VJT6, STM32U5G7VJT6Q, STM32U5G9BJY6QTR, STM32U5G9J-DK1, STM32U5G9J-DK2, STM32U5G9NJH6Q, STM32U5G9VJT6Q, STM32U5G9ZJJ6QTR, STM32U5G9ZJT6Q, STM32WB05KZV6TR, STM32WB05KZV7TR, STM32WB05TZF6TR, STM32WB05TZF7TR, STM32WB06CCF6TR, STM32WB06CCF7TR, STM32WB06CCV6TR, STM32WB06CCV7TR, STM32WB06KCV6TR, STM32WB06KCV7TR, STM32WB07CCF6TR, STM32WB07CCF7TR, STM32WB07CCV6TR, STM32WB07CCV7TR, STM32WB07KCV6TR, STM32WB07KCV7TR, STM32WB09KEV6TR, STM32WB09KEV7TR, STM32WB09TEF6TR, STM32WB09TEF7TR, STM32WB1MMCH6, STM32WBA50KGU6, STM32WBA50KGU6TR, STM32WBA52CEU6, STM32WBA52CEU6TR, STM32WBA52CEU7, STM32WBA52CEU7TR, STM32WBA52CGU6, STM32WBA52CGU6TR, STM32WBA52CGU6U, STM32WBA52CGU7, STM32WBA52CGU7TR, STM32WBA52KEU6, STM32WBA52KEU6TR, STM32WBA52KGU6, STM32WBA52KGU6TR, STM32WBA54CEU6, STM32WBA54CEU6TR, STM32WBA54CEU7, STM32WBA54CEU7TR, STM32WBA54CGU6, STM32WBA54CGU6TR, STM32WBA54CGU7, STM32WBA54CGU7TR, STM32WBA54KEU6, STM32WBA54KEU6TR, STM32WBA54KEU7, STM32WBA54KEU7TR, STM32WBA54KGU6, STM32WBA54KGU6TR, STM32WBA54KGU7, STM32WBA54KGU7TR, STM32WBA55CEU6, STM32WBA55CEU6TR, STM32WBA55CEU7, STM32WBA55CEU7TR, STM32WBA55CGU6, STM32WBA55CGU6TR, STM32WBA55CGU6U, STM32WBA55CGU7, STM32WBA55CGU7TR, STM32WBA55G-DK1, STM32WBA55HEF6, STM32WBA55HEF7, STM32WBA55HGF6, STM32WBA55HGF7, STM32WBA55UEI6, STM32WBA55UEI6TR, STM32WBA55UEI7, STM32WBA55UEI7TR, STM32WBA55UGI6, STM32WBA55UGI6TR, STM32WBA55UGI7, STM32WBA55UGI7TR, STM32WBA5MMGH6TR, STM32WBA62MGF6, STM32WBA62MIF6, STM32WBA65MGF7, STM32WBA65MIF6, STM32WBA65MIF7, STM32WL30K8V6, STM32WL30KBV6, STM32WL31C8V6, STM32WL31CBV6, STM32WL31K8V6, STM32WL31KBV6, STM32WL33C8V6, STM32WL33C8V6X, STM32WL33CBV6, STM32WL33CBV6X, STM32WL33CCV6, STM32WL33CCV6A, STM32WL33CCV6X, STM32WL33K8V7, STM32WL33K8V7X, STM32WL33KBV7 , STM32WL33KBV7X, STM32WL33KCV7, STM32WL33KCV7X, STM32WL5MOCH6, STM32WL5MOCH6TR]
2026-03-14 16:59:16,538 [INFO] DbMcus:218 - Found 4876 MCUs, 4876 are supported
2026-03-14 16:59:16,558 [INFO] ApiDb:423 - Load user favorites file /Users/karthikkurapati/.stm32cubeide/favorites.mcus.txt: 0 item(s)
2026-03-14 16:59:16,560 [INFO] ApiDb:427 - User favorites MCUs=[]
2026-03-14 16:59:16,561 [INFO] DbMcus:224 - Set 0 / 0 favorites MCUs
2026-03-14 16:59:17,442 [INFO] BoardInfo:889 - No configuration file found for board P-NUCLEO-WB55
2026-03-14 16:59:17,444 [INFO] DbBoards:161 - Kit is not supported: P-NUCLEO-WB55
2026-03-14 16:59:17,454 [INFO] BoardInfo:889 - No configuration file found for board STEVAL-BFA001V1B
2026-03-14 16:59:17,454 [INFO] DbBoards:161 - Kit is not supported: STEVAL-BFA001V1B
2026-03-14 16:59:17,456 [INFO] BoardInfo:889 - No configuration file found for board STEVAL-BFA001V2B
2026-03-14 16:59:17,456 [INFO] DbBoards:161 - Kit is not supported: STEVAL-BFA001V2B
2026-03-14 16:59:17,677 [INFO] DbBoards:168 - Found 212 boards, 209 are supported
2026-03-14 16:59:17,678 [INFO] DbBoards:169 - Found 212 boards, 43 of them is supported for  Bsp
2026-03-14 16:59:17,683 [INFO] ApiDb:423 - Load user favorites file /Users/karthikkurapati/.stm32cubeide/favorites.boards.txt: 0 item(s)
2026-03-14 16:59:17,683 [INFO] ApiDb:427 - User favorites Boards=[]
2026-03-14 16:59:17,683 [INFO] DbBoards:198 - Set 0 / 0 favorites Boards
2026-03-14 16:59:17,919 [INFO] UtilMem:75 - End LoadConfig() Used Memory: 935014128 Bytes (1073741824)
2026-03-14 16:59:18,271 [WARN] ThirdParty:833 - waiting for thirdparty lock release [change project]
2026-03-14 16:59:18,283 [INFO] ThirdParty:835 - entering critical section [change project]
2026-03-14 16:59:18,284 [INFO] ThirdParty:1030 - CMSIS Pack Vendor :STMicroelectronics X-CUBE-AZRTOS-H7 3.5.0
2026-03-14 16:59:18,284 [INFO] ThirdParty:1030 - CMSIS Pack Vendor :STMicroelectronics X-CUBE-PM33A1 1.0.0
2026-03-14 16:59:18,284 [INFO] ThirdParty:1030 - CMSIS Pack Vendor :STMicroelectronics USBPD 4.1
2026-03-14 16:59:18,284 [INFO] ThirdParty:1030 - CMSIS Pack Vendor :STMicroelectronics USB_HOST 2.0.0
2026-03-14 16:59:18,284 [INFO] ThirdParty:1030 - CMSIS Pack Vendor :STMicroelectronics FP-SNS-MOTENVWB1 1.4.0
2026-03-14 16:59:18,284 [INFO] ThirdParty:1030 - CMSIS Pack Vendor :STMicroelectronics X-CUBE-AZRTOS-F4 1.1.0
2026-03-14 16:59:18,284 [INFO] ThirdParty:1030 - CMSIS Pack Vendor :STMicroelectronics LIBJPEG 8.0.0
2026-03-14 16:59:18,284 [INFO] ThirdParty:1030 - CMSIS Pack Vendor :STMicroelectronics FP-ATR-ASTRA1 2.0.2
2026-03-14 16:59:18,284 [INFO] ThirdParty:1030 - CMSIS Pack Vendor :Avnet-IotConnect X-CUBE-IoTC-DA16k-PMOD 1.0.0
2026-03-14 16:59:18,284 [INFO] ThirdParty:1030 - CMSIS Pack Vendor :STMicroelectronics X-CUBE-SMBUS 2.1.0
2026-03-14 16:59:18,284 [INFO] ThirdParty:1030 - CMSIS Pack Vendor :STMicroelectronics X-CUBE-ISPU 2.1.0
2026-03-14 16:59:18,285 [INFO] ThirdParty:1030 - CMSIS Pack Vendor :STMicroelectronics X-CUBE-IPS 3.2.0
2026-03-14 16:59:18,285 [INFO] ThirdParty:1030 - CMSIS Pack Vendor :STMicroelectronics X-CUBE-ST60 1.0.0
2026-03-14 16:59:18,285 [INFO] ThirdParty:1030 - CMSIS Pack Vendor :STMicroelectronics X-CUBE-NFC12 1.0.0
2026-03-14 16:59:18,285 [INFO] ThirdParty:1030 - CMSIS Pack Vendor :STMicroelectronics X-CUBE-AZRTOS-F7 1.1.0
2026-03-14 16:59:18,285 [INFO] ThirdParty:1030 - CMSIS Pack Vendor :STMicroelectronics X-CUBE-AZRTOS-L5 2.0.0
2026-03-14 16:59:18,285 [INFO] ThirdParty:1030 - CMSIS Pack Vendor :STMicroelectronics USB_DEVICE 2.0.0
2026-03-14 16:59:18,285 [INFO] ThirdParty:1030 - CMSIS Pack Vendor :STMicroelectronics X-CUBE-NFC6 3.1.0
2026-03-14 16:59:18,285 [INFO] ThirdParty:1030 - CMSIS Pack Vendor :STMicroelectronics FP-SNS-MOTENV1 5.1.0
2026-03-14 16:59:18,285 [INFO] ThirdParty:1030 - CMSIS Pack Vendor :STMicroelectronics FreeRTOS 0.0.1
2026-03-14 16:59:18,285 [INFO] ThirdParty:1030 - CMSIS Pack Vendor :WES I-CUBE-Cesium 1.4.0
2026-03-14 16:59:18,285 [INFO] ThirdParty:1030 - CMSIS Pack Vendor :Infineon AIROC-Wi-Fi-Bluetooth-STM32 1.7.1
2026-03-14 16:59:18,286 [INFO] ThirdParty:1030 - CMSIS Pack Vendor :STMicroelectronics PDM2PCM 3.3.0
2026-03-14 16:59:18,286 [INFO] ThirdParty:1030 - CMSIS Pack Vendor :STMicroelectronics X-CUBE-AZRTOS-H7 3.4.0
2026-03-14 16:59:18,286 [INFO] ThirdParty:1030 - CMSIS Pack Vendor :STMicroelectronics X-CUBE-DISPLAY 3.0.0
2026-03-14 16:59:18,286 [INFO] ThirdParty:1030 - CMSIS Pack Vendor :STMicroelectronics FP-SNS-MOTENVWB1 1.5.0
2026-03-14 16:59:18,286 [INFO] ThirdParty:1030 - CMSIS Pack Vendor :STMicroelectronics X-CUBE-NFC10 1.0.0
2026-03-14 16:59:18,286 [INFO] ThirdParty:1030 - CMSIS Pack Vendor :STMicroelectronics X-CUBE-FREERTOS 1.3.1
2026-03-14 16:59:18,286 [INFO] ThirdParty:1030 - CMSIS Pack Vendor :STMicroelectronics HAL Drivers 0.0.0
2026-03-14 16:59:18,286 [INFO] ThirdParty:1030 - CMSIS Pack Vendor :STMicroelectronics X-CUBE-ST60 1.1.0
2026-03-14 16:59:18,286 [INFO] ThirdParty:1030 - CMSIS Pack Vendor :emotas I-CUBE-CANOPEN 1.3.0
2026-03-14 16:59:18,286 [INFO] ThirdParty:1030 - CMSIS Pack Vendor :STMicroelectronics MBEDTLS 2.14.1
2026-03-14 16:59:18,286 [INFO] ThirdParty:1030 - CMSIS Pack Vendor :STMicroelectronics X-CUBE-GNSS1 7.1.0
2026-03-14 16:59:18,287 [INFO] ThirdParty:1030 - CMSIS Pack Vendor :STMicroelectronics X-CUBE-TOUCHGFX 4.26.0
2026-03-14 16:59:18,287 [INFO] ThirdParty:1030 - CMSIS Pack Vendor :STMicroelectronics X-CUBE-TOUCHGFX 4.26.1
2026-03-14 16:59:18,287 [INFO] ThirdParty:1030 - CMSIS Pack Vendor :STMicroelectronics FP-SNS-STBOX1 2.1.0
2026-03-14 16:59:18,287 [INFO] ThirdParty:1030 - CMSIS Pack Vendor :STMicroelectronics FP-SNS-STAIOTCFT 1.0.0
2026-03-14 16:59:18,287 [INFO] ThirdParty:1030 - CMSIS Pack Vendor :STMicroelectronics FP-SNS-SMARTAG2 1.2.0
2026-03-14 16:59:18,287 [INFO] ThirdParty:1030 - CMSIS Pack Vendor :STMicroelectronics FP-SNS-FLIGHT1 5.1.0
2026-03-14 16:59:18,287 [INFO] ThirdParty:1030 - CMSIS Pack Vendor :STMicroelectronics X-CUBE-AZRTOS-WL 2.0.0
2026-03-14 16:59:18,287 [INFO] ThirdParty:1030 - CMSIS Pack Vendor :STMicroelectronics X-CUBE-DPower 1.3.0
2026-03-14 16:59:18,287 [INFO] ThirdParty:1030 - CMSIS Pack Vendor :STMicroelectronics FP-SNS-MOTENV1 5.0.0
2026-03-14 16:59:18,287 [INFO] ThirdParty:1030 - CMSIS Pack Vendor :STMicroelectronics USB_DEVICE 1.0.0
2026-03-14 16:59:18,287 [INFO] ThirdParty:1030 - CMSIS Pack Vendor :STMicroelectronics X-CUBE-AZRTOS-H7RS 1.2.0
2026-03-14 16:59:18,287 [INFO] ThirdParty:1030 - CMSIS Pack Vendor :STMicroelectronics X-CUBE-AZRTOS-L4 2.0.0
2026-03-14 16:59:18,287 [INFO] ThirdParty:1030 - CMSIS Pack Vendor :STMicroelectronics ThreadX 0.0.2
2026-03-14 16:59:18,287 [INFO] ThirdParty:1030 - CMSIS Pack Vendor :STMicroelectronics lwIP 2.1.2
2026-03-14 16:59:18,287 [INFO] ThirdParty:1030 - CMSIS Pack Vendor :STMicroelectronics X-CUBE-SFXS2LP1 4.0.0
2026-03-14 16:59:18,287 [INFO] ThirdParty:1030 - CMSIS Pack Vendor :STMicroelectronics X-CUBE-BLE2 3.3.0
2026-03-14 16:59:18,287 [INFO] ThirdParty:1030 - CMSIS Pack Vendor :Avnet-IOTCONNECT X-CUBE-iotc-st67-sdk 1.0.0
2026-03-14 16:59:18,287 [INFO] ThirdParty:1030 - CMSIS Pack Vendor :STMicroelectronics PDM2PCM 3.2.0
2026-03-14 16:59:18,287 [INFO] ThirdParty:1030 - CMSIS Pack Vendor :STMicroelectronics X-CUBE-ST67W61 1.2.0
2026-03-14 16:59:18,287 [INFO] ThirdParty:1030 - CMSIS Pack Vendor :STMicroelectronics X-CUBE-NFC9 1.0.0
2026-03-14 16:59:18,287 [INFO] ThirdParty:1030 - CMSIS Pack Vendor :wolfSSL I-CUBE-wolfSSL 5.8.2
2026-03-14 16:59:18,287 [INFO] ThirdParty:1030 - CMSIS Pack Vendor :STMicroelectronics X-CUBE-BLE1 7.1.0
2026-03-14 16:59:18,287 [INFO] ThirdParty:1030 - CMSIS Pack Vendor :wolfSSL I-CUBE-wolfMQTT 1.19.2
2026-03-14 16:59:18,287 [INFO] ThirdParty:1030 - CMSIS Pack Vendor :STMicroelectronics USB_DEVICE 3.0.0
2026-03-14 16:59:18,287 [INFO] ThirdParty:1030 - CMSIS Pack Vendor :STMicroelectronics X-CUBE-FREERTOS 1.4.0
2026-03-14 16:59:18,287 [INFO] ThirdParty:1030 - CMSIS Pack Vendor :STMicroelectronics X-CUBE-EEPRMA1 5.2.0
2026-03-14 16:59:18,287 [INFO] ThirdParty:1030 - CMSIS Pack Vendor :STMicroelectronics X-CUBE-BLEMGR 4.1.0
2026-03-14 16:59:18,287 [INFO] ThirdParty:1030 - CMSIS Pack Vendor :STMicroelectronics X-CUBE-AZRTOS-WB 2.0.0
2026-03-14 16:59:18,288 [INFO] ThirdParty:1030 - CMSIS Pack Vendor :STMicroelectronics X-CUBE-GNSS1 7.0.1
2026-03-14 16:59:18,288 [INFO] ThirdParty:1030 - CMSIS Pack Vendor :STMicroelectronics X-CUBE-TOUCHGFX 4.25.0
2026-03-14 16:59:18,288 [INFO] ThirdParty:1030 - CMSIS Pack Vendor :STMicroelectronics X-CUBE-ST67W61 1.1.0
2026-03-14 16:59:18,288 [INFO] ThirdParty:1030 - CMSIS Pack Vendor :quantropi X-CUBE-qispace-sdk-base 2.1.0
2026-03-14 16:59:18,288 [INFO] ThirdParty:1030 - CMSIS Pack Vendor :STMicroelectronics X-CUBE-MEMS1 12.0.0
2026-03-14 16:59:18,288 [INFO] ThirdParty:1030 - CMSIS Pack Vendor :STMicroelectronics X-CUBE-STSE01 2.0.0
2026-03-14 16:59:18,288 [INFO] ThirdParty:1030 - CMSIS Pack Vendor :STMicroelectronics X-CUBE-AZRTOS-G0 1.1.0
2026-03-14 16:59:18,288 [INFO] ThirdParty:1030 - CMSIS Pack Vendor :STMicroelectronics X-CUBE-SAFEA1 1.2.2
2026-03-14 16:59:18,288 [INFO] ThirdParty:1030 - CMSIS Pack Vendor :STMicroelectronics X-CUBE-NFC4 3.0.0
2026-03-14 16:59:18,288 [INFO] ThirdParty:1030 - CMSIS Pack Vendor :STMicroelectronics X-CUBE-SUBG2 5.0.0
2026-03-14 16:59:18,288 [INFO] ThirdParty:1030 - CMSIS Pack Vendor :STMicroelectronics X-CUBE-AZRTOS-H7RS 1.1.0
2026-03-14 16:59:18,288 [INFO] ThirdParty:1030 - CMSIS Pack Vendor :STMicroelectronics STM32_WPAN 1.0.0
2026-03-14 16:59:18,288 [INFO] ThirdParty:1030 - CMSIS Pack Vendor :EmbeddedOffice I-CUBE-FS-RTOS 1.0.1
2026-03-14 16:59:18,288 [INFO] ThirdParty:1030 - CMSIS Pack Vendor :STMicroelectronics lwIP 2.0.3
2026-03-14 16:59:18,288 [INFO] ThirdParty:1030 - CMSIS Pack Vendor :Cesanta I-CUBE-Mongoose 7.13.0
2026-03-14 16:59:18,288 [INFO] ThirdParty:1030 - CMSIS Pack Vendor :STMicroelectronics USB_HOST 1.0.0
2026-03-14 16:59:18,288 [INFO] ThirdParty:1030 - CMSIS Pack Vendor :STMicroelectronics X-CUBE-AZRTOS-G4 2.0.0
2026-03-14 16:59:18,288 [INFO] ThirdParty:1030 - CMSIS Pack Vendor :STMicroelectronics X-CUBE-WB05N 2.0.0
2026-03-14 16:59:18,288 [INFO] ThirdParty:1030 - CMSIS Pack Vendor :STMicroelectronics PDM2PCM 3.1.0
2026-03-14 16:59:18,288 [INFO] ThirdParty:1030 - CMSIS Pack Vendor :wolfSSL I-CUBE-wolfTPM 3.8.0
2026-03-14 16:59:18,288 [INFO] ThirdParty:1030 - CMSIS Pack Vendor :wolfSSL I-CUBE-wolfSSH 1.4.20
2026-03-14 16:59:18,288 [INFO] ThirdParty:1030 - CMSIS Pack Vendor :STMicroelectronics X-CUBE-NFC7 2.0.0
2026-03-14 16:59:18,288 [INFO] ThirdParty:1030 - CMSIS Pack Vendor :STMicroelectronics X-CUBE-TCPP 4.2.0
2026-03-14 16:59:18,288 [INFO] ThirdParty:1030 - CMSIS Pack Vendor :RealThread X-CUBE-RT-Thread_Nano 4.1.1
2026-03-14 16:59:18,288 [INFO] ThirdParty:1030 - CMSIS Pack Vendor :STMicroelectronics FP-ATR-SIGFOX1 3.2.0
2026-03-14 16:59:18,288 [INFO] ThirdParty:1030 - CMSIS Pack Vendor :STMicroelectronics X-CUBE-FREERTOS 1.5.0
2026-03-14 16:59:18,288 [INFO] ThirdParty:1030 - CMSIS Pack Vendor :STMicroelectronics MBEDTLS 2.16.2
2026-03-14 16:59:18,289 [INFO] ThirdParty:1030 - CMSIS Pack Vendor :STMicroelectronics X-CUBE-IPS 3.1.0
2026-03-14 16:59:18,289 [INFO] ThirdParty:1030 - CMSIS Pack Vendor :STMicroelectronics X-CUBE-ALS 1.0.2
2026-03-14 16:59:18,289 [INFO] ThirdParty:1030 - CMSIS Pack Vendor :ITTIA_DB I-CUBE-ITTIADB 8.9.0
2026-03-14 16:59:18,289 [INFO] ThirdParty:1030 - CMSIS Pack Vendor :STMicroelectronics X-CUBE-STSE01 1.0.0
2026-03-14 16:59:18,289 [INFO] ThirdParty:1030 - CMSIS Pack Vendor :STMicroelectronics X-CUBE-NFC6 3.2.0
2026-03-14 16:59:18,289 [INFO] ThirdParty:1030 - CMSIS Pack Vendor :STMicroelectronics X-CUBE-ST67W61 1.0.0
2026-03-14 16:59:18,289 [INFO] ThirdParty:1030 - CMSIS Pack Vendor :STMicroelectronics X-CUBE-AI 10.2.0
2026-03-14 16:59:18,289 [INFO] ThirdParty:1030 - CMSIS Pack Vendor :STMicroelectronics ThreadX 1.0.0
2026-03-14 16:59:18,289 [INFO] ThirdParty:1030 - CMSIS Pack Vendor :SEGGER I-CUBE-embOS 1.3.1
2026-03-14 16:59:18,289 [INFO] ThirdParty:1030 - CMSIS Pack Vendor :STMicroelectronics X-CUBE-ALGOBUILD 1.4.0
2026-03-14 16:59:18,289 [INFO] ThirdParty:1030 - CMSIS Pack Vendor :STMicroelectronics X-CUBE-MEMS1 11.3.0
2026-03-14 16:59:18,289 [INFO] ThirdParty:1030 - CMSIS Pack Vendor :STMicroelectronics X-CUBE-TOF1 3.4.3
2026-03-14 16:59:18,298 [INFO] ThirdParty:841 - exiting critical section [change project]
2026-03-14 16:59:19,750 [INFO] PinOutPanel:1589 - setPackage(No Configuration,No Configuration)
2026-03-14 16:59:19,761 [INFO] PinOutPanel:1589 - setPackage(STM32L431CBTx,LQFP48)
2026-03-14 16:59:21,293 [INFO] UtilMem:75 - Before build in PCC Used Memory: 829702656 Bytes (1073741824)
2026-03-14 16:59:23,075 [INFO] UtilMem:75 - After build in PCC Used Memory: 740820992 Bytes (1073741824)
2026-03-14 16:59:23,166 [INFO] IPUIPlugin:80 - create IPUIPlugin
2026-03-14 16:59:23,171 [INFO] IPUIPlugin:80 - create IPUIPlugin
2026-03-14 16:59:23,175 [INFO] IPUIPlugin:80 - create IPUIPlugin
2026-03-14 16:59:23,176 [INFO] IPUIPlugin:80 - create IPUIPlugin
2026-03-14 16:59:23,176 [INFO] IPUIPlugin:80 - create IPUIPlugin
2026-03-14 16:59:23,177 [INFO] IPUIPlugin:80 - create IPUIPlugin
2026-03-14 16:59:23,177 [INFO] IPUIPlugin:80 - create IPUIPlugin
2026-03-14 16:59:23,178 [INFO] IPUIPlugin:80 - create IPUIPlugin
2026-03-14 16:59:23,178 [INFO] IPUIPlugin:80 - create IPUIPlugin
2026-03-14 16:59:23,178 [INFO] IPUIPlugin:80 - create IPUIPlugin
2026-03-14 16:59:23,179 [INFO] IPUIPlugin:80 - create IPUIPlugin
2026-03-14 16:59:23,179 [INFO] IPUIPlugin:80 - create IPUIPlugin
2026-03-14 16:59:23,179 [INFO] IPUIPlugin:80 - create IPUIPlugin
2026-03-14 16:59:23,179 [INFO] IPUIPlugin:80 - create IPUIPlugin
2026-03-14 16:59:23,179 [INFO] IPUIPlugin:80 - create IPUIPlugin
2026-03-14 16:59:23,179 [INFO] IPUIPlugin:80 - create IPUIPlugin
2026-03-14 16:59:23,181 [INFO] IPUIPlugin:80 - create IPUIPlugin
2026-03-14 16:59:23,182 [INFO] IPUIPlugin:80 - create IPUIPlugin
2026-03-14 16:59:23,182 [INFO] IPUIPlugin:80 - create IPUIPlugin
2026-03-14 16:59:23,182 [INFO] IPUIPlugin:80 - create IPUIPlugin
2026-03-14 16:59:23,182 [INFO] IPUIPlugin:80 - create IPUIPlugin
2026-03-14 16:59:23,183 [INFO] IPUIPlugin:80 - create IPUIPlugin
2026-03-14 16:59:23,183 [INFO] IPUIPlugin:80 - create IPUIPlugin
2026-03-14 16:59:23,183 [INFO] IPUIPlugin:80 - create IPUIPlugin
2026-03-14 16:59:23,183 [INFO] IPUIPlugin:80 - create IPUIPlugin
2026-03-14 16:59:23,183 [INFO] IPUIPlugin:80 - create IPUIPlugin
2026-03-14 16:59:23,183 [INFO] IPUIPlugin:80 - create IPUIPlugin
2026-03-14 16:59:23,184 [INFO] IPUIPlugin:80 - create IPUIPlugin
2026-03-14 16:59:23,184 [INFO] IPUIPlugin:80 - create IPUIPlugin
2026-03-14 16:59:23,184 [INFO] IPUIPlugin:80 - create IPUIPlugin
2026-03-14 16:59:23,184 [INFO] IPUIPlugin:80 - create IPUIPlugin
2026-03-14 16:59:23,184 [INFO] IPUIPlugin:80 - create IPUIPlugin
2026-03-14 16:59:23,185 [INFO] IPUIPlugin:80 - create IPUIPlugin
2026-03-14 16:59:23,185 [INFO] IPUIPlugin:80 - create IPUIPlugin
2026-03-14 16:59:23,185 [INFO] IPUIPlugin:80 - create IPUIPlugin
2026-03-14 16:59:23,185 [INFO] IPUIPlugin:80 - create IPUIPlugin
2026-03-14 16:59:23,185 [INFO] IPUIPlugin:80 - create IPUIPlugin
2026-03-14 16:59:23,186 [INFO] IPUIPlugin:80 - create IPUIPlugin
2026-03-14 16:59:23,186 [INFO] IPUIPlugin:80 - create IPUIPlugin
2026-03-14 16:59:23,186 [INFO] IPUIPlugin:80 - create IPUIPlugin
2026-03-14 16:59:23,186 [INFO] IPUIPlugin:80 - create IPUIPlugin
2026-03-14 16:59:23,186 [INFO] IPUIPlugin:80 - create IPUIPlugin
2026-03-14 16:59:23,216 [INFO] Can:71 - Can Add PropertyChangeListener com.st.microxplorer.plugins.ip.can.Can@6b208bb5
2026-03-14 16:59:23,570 [INFO] CADModel:165 - CPN selected for project levelSTM32L431CBT3
2026-03-14 16:59:23,571 [INFO] CADModel:114 - Register for checkConnection events
2026-03-14 16:59:23,622 [INFO] OpenFileManager:386 - Restore cursor
2026-03-14 17:00:15,125 [INFO] NvicIntPanel:101 - NVIC parent = com.st.microxplorer.plugins.ip.nvic.MultiNvicIntPanel[,0,0,0x0,invalid,layout=javax.swing.BoxLayout,alignmentX=0.0,alignmentY=0.0,border=,flags=9,maximumSize=,minimumSize=,preferredSize=]
2026-03-14 17:00:15,788 [INFO] NvicIntPanel:101 - NVIC parent = com.st.microxplorer.plugins.ip.nvic.MultiNvicIntPanel[,0,0,0x0,invalid,layout=javax.swing.BoxLayout,alignmentX=0.0,alignmentY=0.0,border=,flags=9,maximumSize=,minimumSize=,preferredSize=]
2026-03-14 17:00:19,605 [INFO] NvicIntPanel:101 - NVIC parent = com.st.microxplorer.plugins.ip.nvic.MultiNvicIntPanel[,0,0,0x0,invalid,layout=javax.swing.BoxLayout,alignmentX=0.0,alignmentY=0.0,border=,flags=9,maximumSize=,minimumSize=,preferredSize=]
2026-03-14 17:00:19,866 [INFO] NvicIntPanel:101 - NVIC parent = com.st.microxplorer.plugins.ip.nvic.MultiNvicIntPanel[,0,0,0x0,invalid,layout=javax.swing.BoxLayout,alignmentX=0.0,alignmentY=0.0,border=,flags=9,maximumSize=,minimumSize=,preferredSize=]
2026-03-14 17:00:21,443 [INFO] NvicIntPanel:101 - NVIC parent = com.st.microxplorer.plugins.ip.nvic.MultiNvicIntPanel[,0,0,0x0,invalid,layout=javax.swing.BoxLayout,alignmentX=0.0,alignmentY=0.0,border=,flags=9,maximumSize=,minimumSize=,preferredSize=]
2026-03-14 17:00:21,632 [INFO] NvicIntPanel:101 - NVIC parent = com.st.microxplorer.plugins.ip.nvic.MultiNvicIntPanel[,0,0,0x0,invalid,layout=javax.swing.BoxLayout,alignmentX=0.0,alignmentY=0.0,border=,flags=9,maximumSize=,minimumSize=,preferredSize=]
2026-03-14 17:00:25,254 [INFO] UtilMem:75 - End SaveConfig() Used Memory: 881301456 Bytes (1073741824)
2026-03-14 17:00:30,784 [INFO] UtilMem:75 - End SaveConfig() Used Memory: 976721872 Bytes (1073741824)
2026-03-14 17:00:32,012 [INFO] BlockDiagram:2775 - set Specific Code input for plugin: NVIC
2026-03-14 17:00:32,013 [INFO] BlockDiagram:2775 - set Specific Code input for plugin: USART
2026-03-14 17:00:32,013 [INFO] BlockDiagram:2775 - set Specific Code input for plugin: CAN
2026-03-14 17:00:32,013 [INFO] BlockDiagram:2775 - set Specific Code input for plugin: SYS
2026-03-14 17:00:32,013 [INFO] BlockDiagram:2775 - set Specific Code input for plugin: GPIO
2026-03-14 17:00:32,013 [INFO] BlockDiagram:2775 - set Specific Code input for plugin: RCC
2026-03-14 17:00:32,013 [INFO] BlockDiagram:2775 - set Specific Code input for plugin: I2C
2026-03-14 17:00:32,014 [INFO] CodeGenerator:892 - code generatio: config db path: /Applications/STM32CubeIDE.app/Contents/Eclipse/plugins/com.st.stm32cube.common.mx_6.15.0.202507011659//db/
2026-03-14 17:00:32,239 [INFO] CodeEngine:265 - oldGeneratedFile, /Users/karthikkurapati/LHR/VCAT-WheelsSensor/firmware/wheelsboard/MXTmpFiles/license.tmp_save
2026-03-14 17:00:33,231 [INFO] CodeEngine:289 - Generated code: /Users/karthikkurapati/LHR/VCAT-WheelsSensor/firmware/wheelsboard/MXTmpFiles/license.tmp
2026-03-14 17:00:33,576 [INFO] CodeEngine:265 - oldGeneratedFile, /Users/karthikkurapati/LHR/VCAT-WheelsSensor/firmware/wheelsboard/MXTmpFiles/gpio.tmp_save
2026-03-14 17:00:33,904 [INFO] CodeEngine:289 - Generated code: /Users/karthikkurapati/LHR/VCAT-WheelsSensor/firmware/wheelsboard/MXTmpFiles/gpio.tmp
2026-03-14 17:00:34,513 [INFO] CodeEngine:265 - oldGeneratedFile, /Users/karthikkurapati/LHR/VCAT-WheelsSensor/firmware/wheelsboard/Core/Src/stm32l4xx_it.c_save
2026-03-14 17:00:34,862 [INFO] CodeEngine:289 - Generated code: /Users/karthikkurapati/LHR/VCAT-WheelsSensor/firmware/wheelsboard/Core/Src/stm32l4xx_it.c
2026-03-14 17:00:34,869 [INFO] CodeEngine:265 - oldGeneratedFile, /Users/karthikkurapati/LHR/VCAT-WheelsSensor/firmware/wheelsboard/Core/Inc/stm32l4xx_it.h_save
2026-03-14 17:00:34,987 [INFO] CodeEngine:289 - Generated code: /Users/karthikkurapati/LHR/VCAT-WheelsSensor/firmware/wheelsboard/Core/Inc/stm32l4xx_it.h
2026-03-14 17:00:35,002 [INFO] CodeEngine:265 - oldGeneratedFile, /Users/karthikkurapati/LHR/VCAT-WheelsSensor/firmware/wheelsboard/Core/Src/stm32l4xx_hal_msp.c_save
2026-03-14 17:00:35,483 [INFO] CodeEngine:289 - Generated code: /Users/karthikkurapati/LHR/VCAT-WheelsSensor/firmware/wheelsboard/Core/Src/stm32l4xx_hal_msp.c
2026-03-14 17:00:35,489 [INFO] CodeEngine:265 - oldGeneratedFile, /Users/karthikkurapati/LHR/VCAT-WheelsSensor/firmware/wheelsboard/MXTmpFiles/system.tmp_save
2026-03-14 17:00:35,615 [INFO] CodeEngine:289 - Generated code: /Users/karthikkurapati/LHR/VCAT-WheelsSensor/firmware/wheelsboard/MXTmpFiles/system.tmp
2026-03-14 17:00:35,633 [INFO] CodeEngine:321 - oldGeneratedFile, /Users/karthikkurapati/LHR/VCAT-WheelsSensor/firmware/wheelsboard/Core/Inc/stm32l4xx_hal_conf.h_save
2026-03-14 17:00:35,788 [INFO] CodeEngine:345 - Generated code: /Users/karthikkurapati/LHR/VCAT-WheelsSensor/firmware/wheelsboard/Core/Inc/stm32l4xx_hal_conf.h
2026-03-14 17:00:35,910 [INFO] ApiDbMcu:532 - Load IP Config File for CAN1
2026-03-14 17:00:35,915 [INFO] ApiDbMcu:532 - Load IP Config File for I2C1
2026-03-14 17:00:35,949 [INFO] ApiDbMcu:532 - Load IP Config File for USART1
2026-03-14 17:00:35,961 [INFO] ApiDbMcu:532 - Load IP Config File for RCC
2026-03-14 17:00:35,973 [INFO] CodeEngine:265 - oldGeneratedFile, /Users/karthikkurapati/LHR/VCAT-WheelsSensor/firmware/wheelsboard/Core/Inc/main.h_save
2026-03-14 17:00:36,141 [INFO] CodeEngine:289 - Generated code: /Users/karthikkurapati/LHR/VCAT-WheelsSensor/firmware/wheelsboard/Core/Inc/main.h
2026-03-14 17:00:36,146 [INFO] CodeEngine:265 - oldGeneratedFile, /Users/karthikkurapati/LHR/VCAT-WheelsSensor/firmware/wheelsboard/Core/Src/main.c_save
2026-03-14 17:00:36,563 [INFO] CodeEngine:289 - Generated code: /Users/karthikkurapati/LHR/VCAT-WheelsSensor/firmware/wheelsboard/Core/Src/main.c
2026-03-14 17:00:38,593 [INFO] ProjectBuilder:3606 - Time for Copy HAL[1] : 383mS.
2026-03-14 17:00:38,702 [INFO] ProjectBuilder:5216 - Project Generator version: 4.7.0-B52
2026-03-14 17:00:39,122 [INFO] ConfigFileManager:1595 - The Die is : DIE435
2026-03-14 17:00:39,173 [INFO] ApiDbMcu:532 - Load IP Config File for FATFS
2026-03-14 17:00:39,189 [INFO] ApiDbMcu:532 - Load IP Config File for FREERTOS
2026-03-14 17:00:39,207 [INFO] ApiDbMcu:532 - Load IP Config File for TOUCHSENSING
2026-03-14 17:00:40,693 [INFO] LogOutputStream:77 - [STDOUT_REDIRECT] 
2026-03-14 17:00:47,066 [INFO] ProjectBuilder:5496 - Time for Generating toolchain IDE Files: 8307mS.
2026-03-14 17:00:47,099 [INFO] ProjectBuilder:3463 - Time for Copy CMSIS : 11mS.
2026-03-14 17:00:47,108 [INFO] ProjectBuilder:3463 - Time for Copy CMSIS : 0mS.
2026-03-14 17:11:51,041 [ERROR] LogOutputStream:75 - [STDERR_REDIRECT] 
2026-03-14 17:27:12,847 [INFO] Activator:176 - 


2026-03-14 17:27:12,851 [INFO] Activator:177 - !SESSION log4j initialized
2026-03-14 17:27:21,145 [INFO] LogOutputStream:77 - [STDOUT_REDIRECT] 
2026-03-14 17:27:22,272 [ERROR] LogOutputStream:75 - [STDERR_REDIRECT] 
2026-03-14 17:27:26,458 [INFO] LogOutputStream:77 - [STDOUT_REDIRECT] 
2026-03-14 17:27:28,193 [INFO] ApplicationProperties:184 - Using Application install path: /Applications/STM32CubeIDE.app/Contents/Eclipse/plugins/com.st.stm32cube.common.mx_6.15.0.202507011659
2026-03-14 17:27:28,216 [INFO] DbMcusXml:78 - Set database path to: /Applications/STM32CubeIDE.app/Contents/Eclipse/plugins/com.st.stm32cube.common.mx_6.15.0.202507011659//db//mcu/
2026-03-14 17:27:28,217 [INFO] ApiDb:274 - Set plugin database path to: /Applications/STM32CubeIDE.app/Contents/Eclipse/plugins/com.st.stm32cube.common.mx_6.15.0.202507011659//db//plugins/boardmanager/
2026-03-14 17:27:28,218 [WARN] ApiDb:259 - Overriding images path with different value:  => /Applications/STM32CubeIDE.app/Contents/Eclipse/plugins/com.st.stm32cube.common.mx_6.15.0.202507011659//db//plugins/mcufinder/images/
2026-03-14 17:27:28,231 [INFO] ApiDb:250 - Set database path to: /Users/karthikkurapati/.stmcufinder/plugins/mcufinder//mcu/
2026-03-14 17:27:28,234 [INFO] DbMcusAds:125 - Set database path to: /Users/karthikkurapati/.stmcufinder/plugins/mcufinder//mcu/
2026-03-14 17:27:28,237 [INFO] CrossReferenceDbSqlite:203 - Set database path to: /Users/karthikkurapati/.stmcufinder/plugins/mcufinder//mcu/cs/
2026-03-14 17:27:28,466 [INFO] RulesReader:64 - Compatibility file has been processed (317 Rules)
2026-03-14 17:27:28,578 [INFO] DbMcusXml:78 - Set database path to: /Applications/STM32CubeIDE.app/Contents/Eclipse/plugins/com.st.stm32cube.common.mx_6.15.0.202507011659//db//mcu/
2026-03-14 17:27:28,578 [INFO] ApiDb:274 - Set plugin database path to: /Applications/STM32CubeIDE.app/Contents/Eclipse/plugins/com.st.stm32cube.common.mx_6.15.0.202507011659//db//plugins/boardmanager/
2026-03-14 17:27:28,579 [INFO] ApiDb:261 - Set plugin images path to: /Applications/STM32CubeIDE.app/Contents/Eclipse/plugins/com.st.stm32cube.common.mx_6.15.0.202507011659//db//plugins/mcufinder/images/
2026-03-14 17:27:28,579 [WARN] DbFile:41 - Overriding database path with different value: /Users/karthikkurapati/.stmcufinder/plugins/mcufinder/ => /Users/karthikkurapati/.stmcufinder/plugins/mcufinder
2026-03-14 17:27:28,579 [INFO] ApiDb:250 - Set database path to: /Users/karthikkurapati/.stmcufinder/plugins/mcufinder//mcu/
2026-03-14 17:27:28,580 [WARN] DbFile:41 - Overriding database path with different value: /Users/karthikkurapati/.stmcufinder/plugins/mcufinder/ => /Users/karthikkurapati/.stmcufinder/plugins/mcufinder
2026-03-14 17:27:28,580 [INFO] DbMcusAds:125 - Set database path to: /Users/karthikkurapati/.stmcufinder/plugins/mcufinder//mcu/
2026-03-14 17:27:28,580 [WARN] DbFile:41 - Overriding database path with different value: /Users/karthikkurapati/.stmcufinder/plugins/mcufinder/ => /Users/karthikkurapati/.stmcufinder/plugins/mcufinder
2026-03-14 17:27:28,580 [WARN] DbFile:41 - Overriding database path with different value: /Users/karthikkurapati/.stmcufinder/plugins/mcufinder/ => /Users/karthikkurapati/.stmcufinder/plugins/mcufinder
2026-03-14 17:27:28,580 [INFO] CrossReferenceDbSqlite:203 - Set database path to: /Users/karthikkurapati/.stmcufinder/plugins/mcufinder//mcu/cs/
2026-03-14 17:27:28,732 [INFO] MainPanel:274 - HeapMemory: 315621376
2026-03-14 17:27:29,314 [INFO] DbMcusXml:78 - Set database path to: /Applications/STM32CubeIDE.app/Contents/Eclipse/plugins/com.st.stm32cube.common.mx_6.15.0.202507011659//db//mcu/
2026-03-14 17:27:29,314 [INFO] ApiDb:274 - Set plugin database path to: /Applications/STM32CubeIDE.app/Contents/Eclipse/plugins/com.st.stm32cube.common.mx_6.15.0.202507011659//db//plugins/boardmanager/
2026-03-14 17:27:29,314 [INFO] ApiDb:261 - Set plugin images path to: /Applications/STM32CubeIDE.app/Contents/Eclipse/plugins/com.st.stm32cube.common.mx_6.15.0.202507011659//db//plugins/mcufinder/images/
2026-03-14 17:27:29,315 [WARN] DbFile:41 - Overriding database path with different value: /Users/karthikkurapati/.stmcufinder/plugins/mcufinder/ => /Users/karthikkurapati/.stmcufinder/plugins/mcufinder
2026-03-14 17:27:29,315 [INFO] ApiDb:250 - Set database path to: /Users/karthikkurapati/.stmcufinder/plugins/mcufinder//mcu/
2026-03-14 17:27:29,315 [WARN] DbFile:41 - Overriding database path with different value: /Users/karthikkurapati/.stmcufinder/plugins/mcufinder/ => /Users/karthikkurapati/.stmcufinder/plugins/mcufinder
2026-03-14 17:27:29,315 [INFO] DbMcusAds:125 - Set database path to: /Users/karthikkurapati/.stmcufinder/plugins/mcufinder//mcu/
2026-03-14 17:27:29,315 [WARN] DbFile:41 - Overriding database path with different value: /Users/karthikkurapati/.stmcufinder/plugins/mcufinder/ => /Users/karthikkurapati/.stmcufinder/plugins/mcufinder
2026-03-14 17:27:29,315 [WARN] DbFile:41 - Overriding database path with different value: /Users/karthikkurapati/.stmcufinder/plugins/mcufinder/ => /Users/karthikkurapati/.stmcufinder/plugins/mcufinder
2026-03-14 17:27:29,316 [INFO] CrossReferenceDbSqlite:203 - Set database path to: /Users/karthikkurapati/.stmcufinder/plugins/mcufinder//mcu/cs/
2026-03-14 17:27:29,346 [INFO] ApplicationProperties:184 - Using Application install path: /Applications/STM32CubeIDE.app/Contents/Eclipse/plugins/com.st.stm32cube.common.mx_6.15.0.202507011659
2026-03-14 17:27:29,348 [INFO] PluginManage:196 - Search for loadable plugins [exclusion list=, ]
2026-03-14 17:27:29,352 [INFO] PluginManage:310 - Check plugin analytics
2026-03-14 17:27:29,666 [INFO] AnalyticsPlugin:253 - Accepted Software Licenses: 
2026-03-14 17:27:29,666 [INFO] AnalyticsPlugin:255 - Accepted CMSIS Pack Licenses: 
2026-03-14 17:27:29,666 [INFO] AnalyticsPlugin:257 - Accepted Firmware Licenses: FW.L4.1.18.0
2026-03-14 17:27:29,674 [INFO] PluginManage:359 - Loaded plugin analytics (category:tool,tabindex:-1)
2026-03-14 17:27:29,678 [INFO] PluginManage:310 - Check plugin cadmodel
2026-03-14 17:27:29,695 [INFO] CADModel:105 - Init CAD model plugin
2026-03-14 17:27:29,696 [INFO] PluginManage:359 - Loaded plugin cadmodel (category:power,tabindex:5)
2026-03-14 17:27:29,696 [INFO] PluginManage:310 - Check plugin clock
2026-03-14 17:27:29,718 [INFO] PluginManage:359 - Loaded plugin clock (category:base,tabindex:2)
2026-03-14 17:27:29,719 [INFO] PluginManage:310 - Check plugin ddr
2026-03-14 17:27:29,723 [INFO] PluginManage:359 - Loaded plugin ddr (category:tool,tabindex:6)
2026-03-14 17:27:29,723 [INFO] PluginManage:310 - Check plugin filemanager
2026-03-14 17:27:29,959 [INFO] PluginManage:359 - Loaded plugin filemanager (category:base,tabindex:10)
2026-03-14 17:27:29,960 [INFO] PluginManage:310 - Check plugin ipmanager
2026-03-14 17:27:29,970 [INFO] PluginManage:359 - Loaded plugin ipmanager (category:base,tabindex:5)
2026-03-14 17:27:29,970 [INFO] PluginManage:310 - Check plugin lpbam
2026-03-14 17:27:29,986 [INFO] PluginManage:359 - Loaded plugin lpbam (category:base,tabindex:0)
2026-03-14 17:27:29,986 [INFO] PluginManage:310 - Check plugin memorymap
2026-03-14 17:27:30,001 [INFO] PluginManage:359 - Loaded plugin memorymap (category:base,tabindex:4)
2026-03-14 17:27:30,002 [INFO] PluginManage:310 - Check plugin pinoutandconfiguration
2026-03-14 17:27:30,012 [INFO] PluginManage:359 - Loaded plugin pinoutandconfiguration (category:base,tabindex:1)
2026-03-14 17:27:30,012 [INFO] PluginManage:310 - Check plugin pinoutconfig
2026-03-14 17:27:30,158 [WARN] SupportedApi:132 - Cannot load RTOS API schema: s4s-elt-must-match.1: The content of 'definitions' must match (annotation?, (simpleType | complexType)?, (unique | key | keyref)*)). A problem was found starting at: attribute.
2026-03-14 17:27:30,384 [INFO] PluginManage:359 - Loaded plugin pinoutconfig (category:base,tabindex:0)
2026-03-14 17:27:30,384 [INFO] PluginManage:310 - Check plugin power
2026-03-14 17:27:30,399 [INFO] PluginManage:359 - Loaded plugin power (category:power,tabindex:4)
2026-03-14 17:27:30,399 [INFO] PluginManage:310 - Check plugin projectmanager
2026-03-14 17:27:30,434 [INFO] PluginManage:359 - Loaded plugin projectmanager (category:projectmanager,tabindex:4)
2026-03-14 17:27:30,434 [INFO] PluginManage:310 - Check plugin rif
2026-03-14 17:27:30,446 [INFO] PluginManage:359 - Loaded plugin rif (category:base,tabindex:3)
2026-03-14 17:27:30,446 [INFO] PluginManage:310 - Check plugin thirdparty
2026-03-14 17:27:30,680 [INFO] PluginManage:359 - Loaded plugin thirdparty (category:base,tabindex:-1)
2026-03-14 17:27:30,681 [INFO] PluginManage:310 - Check plugin tools
2026-03-14 17:27:30,680 [WARN] IntegrityCheckThread:84 - waiting for thirdparty lock release [integrity check]
2026-03-14 17:27:30,682 [INFO] IntegrityCheckThread:86 - entering critical section [integrity check]
2026-03-14 17:27:30,682 [INFO] ThirdPartyUpdaterWithRetryManager:70 - Updater plugin not ready yet. [1/15]
2026-03-14 17:27:30,685 [INFO] PluginManage:359 - Loaded plugin tools (category:base,tabindex:7)
2026-03-14 17:27:30,685 [INFO] PluginManage:310 - Check plugin tutovideos
2026-03-14 17:27:31,002 [INFO] PluginManage:359 - Loaded plugin tutovideos (category:base,tabindex:-1)
2026-03-14 17:27:31,003 [INFO] PluginManage:310 - Check plugin updater
2026-03-14 17:27:31,049 [INFO] PluginManage:359 - Loaded plugin updater (category:base,tabindex:12)
2026-03-14 17:27:31,049 [INFO] PluginManage:310 - Check plugin userauth
2026-03-14 17:27:31,055 [INFO] UserAuth:118 - Init User Auth plugin
2026-03-14 17:27:31,056 [INFO] PluginManage:359 - Loaded plugin userauth (category:base,tabindex:14)
2026-03-14 17:27:31,060 [INFO] PluginManage:283 - PluginManage : Loaded plugins [18]
2026-03-14 17:27:31,436 [INFO] PinOutPanel:1589 - setPackage(No Configuration,No Configuration)
2026-03-14 17:27:31,565 [INFO] CADModel:165 - CPN selected for project level
2026-03-14 17:27:31,565 [INFO] CADModel:114 - Register for checkConnection events
2026-03-14 17:27:31,582 [INFO] IPUIPlugin:80 - create IPUIPlugin
2026-03-14 17:27:31,583 [INFO] PluginManager:220 - loadIPPluginJar : add mdma
2026-03-14 17:27:31,594 [INFO] IPUIPlugin:80 - create IPUIPlugin
2026-03-14 17:27:31,594 [INFO] PluginManager:220 - loadIPPluginJar : add freertos
2026-03-14 17:27:31,600 [INFO] IPUIPlugin:80 - create IPUIPlugin
2026-03-14 17:27:31,600 [INFO] PluginManager:220 - loadIPPluginJar : add gic
2026-03-14 17:27:31,612 [INFO] IPUIPlugin:80 - create IPUIPlugin
2026-03-14 17:27:31,612 [INFO] PluginManager:220 - loadIPPluginJar : add adc
2026-03-14 17:27:31,614 [INFO] IPUIPlugin:80 - create IPUIPlugin
2026-03-14 17:27:31,614 [INFO] PluginManager:220 - loadIPPluginJar : add gtzc
2026-03-14 17:27:31,616 [INFO] IPUIPlugin:80 - create IPUIPlugin
2026-03-14 17:27:31,616 [INFO] PluginManager:220 - loadIPPluginJar : add quadspi
2026-03-14 17:27:31,618 [INFO] IPUIPlugin:80 - create IPUIPlugin
2026-03-14 17:27:31,618 [INFO] PluginManager:220 - loadIPPluginJar : add aes
2026-03-14 17:27:31,621 [INFO] IPUIPlugin:80 - create IPUIPlugin
2026-03-14 17:27:31,621 [INFO] PluginManager:220 - loadIPPluginJar : add pdm2pcm
2026-03-14 17:27:31,623 [INFO] IPUIPlugin:80 - create IPUIPlugin
2026-03-14 17:27:31,623 [INFO] PluginManager:220 - loadIPPluginJar : add hash
2026-03-14 17:27:31,625 [INFO] IPUIPlugin:80 - create IPUIPlugin
2026-03-14 17:27:31,625 [INFO] PluginManager:220 - loadIPPluginJar : add tim
2026-03-14 17:27:31,627 [INFO] IPUIPlugin:80 - create IPUIPlugin
2026-03-14 17:27:31,628 [INFO] PluginManager:220 - loadIPPluginJar : add tsc
2026-03-14 17:27:31,631 [INFO] IPUIPlugin:80 - create IPUIPlugin
2026-03-14 17:27:31,632 [INFO] PluginManager:220 - loadIPPluginJar : add extmemmanager
2026-03-14 17:27:31,634 [INFO] IPUIPlugin:80 - create IPUIPlugin
2026-03-14 17:27:31,634 [INFO] PluginManager:220 - loadIPPluginJar : add ts
2026-03-14 17:27:31,636 [INFO] IPUIPlugin:80 - create IPUIPlugin
2026-03-14 17:27:31,637 [INFO] PluginManager:220 - loadIPPluginJar : add radio
2026-03-14 17:27:31,639 [INFO] IPUIPlugin:80 - create IPUIPlugin
2026-03-14 17:27:31,639 [INFO] PluginManager:220 - loadIPPluginJar : add can
2026-03-14 17:27:31,641 [INFO] IPUIPlugin:80 - create IPUIPlugin
2026-03-14 17:27:31,641 [INFO] PluginManager:220 - loadIPPluginJar : add dma3
2026-03-14 17:27:31,643 [INFO] IPUIPlugin:80 - create IPUIPlugin
2026-03-14 17:27:31,643 [INFO] PluginManager:220 - loadIPPluginJar : add dfsdm
2026-03-14 17:27:31,645 [INFO] IPUIPlugin:80 - create IPUIPlugin
2026-03-14 17:27:31,645 [INFO] PluginManager:220 - loadIPPluginJar : add spi
2026-03-14 17:27:31,647 [INFO] IPUIPlugin:80 - create IPUIPlugin
2026-03-14 17:27:31,647 [INFO] PluginManager:220 - loadIPPluginJar : add gfxmmu
2026-03-14 17:27:31,650 [INFO] IPUIPlugin:80 - create IPUIPlugin
2026-03-14 17:27:31,650 [INFO] PluginManager:220 - loadIPPluginJar : add genericplugin
2026-03-14 17:27:31,652 [INFO] IPUIPlugin:80 - create IPUIPlugin
2026-03-14 17:27:31,652 [INFO] PluginManager:220 - loadIPPluginJar : add cryp
2026-03-14 17:27:31,657 [INFO] IPUIPlugin:80 - create IPUIPlugin
2026-03-14 17:27:31,658 [INFO] PluginManager:220 - loadIPPluginJar : add gpio
2026-03-14 17:27:31,661 [INFO] IPUIPlugin:80 - create IPUIPlugin
2026-03-14 17:27:31,662 [INFO] PluginManager:220 - loadIPPluginJar : add ddr_ctrl_phy
2026-03-14 17:27:31,664 [INFO] IPUIPlugin:80 - create IPUIPlugin
2026-03-14 17:27:31,664 [INFO] PluginManager:220 - loadIPPluginJar : add comp
2026-03-14 17:27:31,668 [INFO] IPUIPlugin:80 - create IPUIPlugin
2026-03-14 17:27:31,669 [INFO] PluginManager:220 - loadIPPluginJar : add tracer_emb
2026-03-14 17:27:31,672 [INFO] IPUIPlugin:80 - create IPUIPlugin
2026-03-14 17:27:31,672 [INFO] PluginManager:220 - loadIPPluginJar : add openamp
2026-03-14 17:27:31,678 [INFO] IPUIPlugin:80 - create IPUIPlugin
2026-03-14 17:27:31,678 [INFO] PluginManager:220 - loadIPPluginJar : add stm32_wpan
2026-03-14 17:27:31,684 [INFO] IPUIPlugin:80 - create IPUIPlugin
2026-03-14 17:27:31,687 [INFO] PluginManager:220 - loadIPPluginJar : add plateformsettings
2026-03-14 17:27:31,691 [INFO] IPUIPlugin:80 - create IPUIPlugin
2026-03-14 17:27:31,691 [INFO] PluginManager:220 - loadIPPluginJar : add ipddr
2026-03-14 17:27:31,695 [INFO] IPUIPlugin:80 - create IPUIPlugin
2026-03-14 17:27:31,695 [INFO] PluginManager:220 - loadIPPluginJar : add usart
2026-03-14 17:27:31,696 [INFO] IPUIPlugin:80 - create IPUIPlugin
2026-03-14 17:27:31,696 [INFO] PluginManager:220 - loadIPPluginJar : add ltdc
2026-03-14 17:27:31,700 [INFO] IPUIPlugin:80 - create IPUIPlugin
2026-03-14 17:27:31,700 [INFO] PluginManager:220 - loadIPPluginJar : add nvic
2026-03-14 17:27:31,701 [INFO] IPUIPlugin:80 - create IPUIPlugin
2026-03-14 17:27:31,702 [INFO] PluginManager:220 - loadIPPluginJar : add fatfs
2026-03-14 17:27:31,710 [INFO] IPUIPlugin:80 - create IPUIPlugin
2026-03-14 17:27:31,710 [INFO] PluginManager:220 - loadIPPluginJar : add linkedlist
2026-03-14 17:27:31,716 [INFO] IPUIPlugin:80 - create IPUIPlugin
2026-03-14 17:27:31,716 [INFO] PluginManager:220 - loadIPPluginJar : add dma
2026-03-14 17:27:31,721 [INFO] IPUIPlugin:80 - create IPUIPlugin
2026-03-14 17:27:31,721 [INFO] PluginManager:220 - loadIPPluginJar : add fmc
2026-03-14 17:27:31,723 [INFO] IPUIPlugin:80 - create IPUIPlugin
2026-03-14 17:27:31,723 [INFO] PluginManager:220 - loadIPPluginJar : add i2s
2026-03-14 17:27:31,725 [INFO] IPUIPlugin:80 - create IPUIPlugin
2026-03-14 17:27:31,725 [INFO] PluginManager:220 - loadIPPluginJar : add ucpd
2026-03-14 17:27:31,728 [INFO] IPUIPlugin:80 - create IPUIPlugin
2026-03-14 17:27:31,728 [INFO] PluginManager:220 - loadIPPluginJar : add lorawan
2026-03-14 17:27:31,731 [INFO] IPUIPlugin:80 - create IPUIPlugin
2026-03-14 17:27:31,731 [INFO] PluginManager:220 - loadIPPluginJar : add opamp
2026-03-14 17:27:31,734 [INFO] IPUIPlugin:80 - create IPUIPlugin
2026-03-14 17:27:31,734 [INFO] PluginManager:220 - loadIPPluginJar : add i3c
2026-03-14 17:27:31,736 [INFO] IPUIPlugin:80 - create IPUIPlugin
2026-03-14 17:27:31,741 [INFO] PluginManager:220 - loadIPPluginJar : add touchsensing
2026-03-14 17:27:31,745 [INFO] IPUIPlugin:80 - create IPUIPlugin
2026-03-14 17:27:31,745 [INFO] PluginManager:220 - loadIPPluginJar : add i2c
2026-03-14 17:27:31,750 [INFO] IPUIPlugin:80 - create IPUIPlugin
2026-03-14 17:27:31,750 [INFO] PluginManager:220 - loadIPPluginJar : add resmgrutility
2026-03-14 17:27:31,753 [INFO] IPUIPlugin:80 - create IPUIPlugin
2026-03-14 17:27:31,754 [INFO] PluginManager:220 - loadIPPluginJar : add sai
2026-03-14 17:27:31,757 [INFO] IPUIPlugin:80 - create IPUIPlugin
2026-03-14 17:27:31,758 [INFO] PluginManager:220 - loadIPPluginJar : add usbx
2026-03-14 17:27:31,906 [FATAL] Updater:351 - Updater called before beeing initialized
2026-03-14 17:27:31,979 [INFO] RulesReader:64 - Compatibility file has been processed (317 Rules)
2026-03-14 17:27:32,004 [INFO] RulesReader:64 - Compatibility file has been processed (317 Rules)
2026-03-14 17:27:32,025 [INFO] CADModel:165 - CPN selected for project level
2026-03-14 17:27:32,026 [INFO] CADModel:114 - Register for checkConnection events
2026-03-14 17:27:32,026 [FATAL] Updater:351 - Updater called before beeing initialized
2026-03-14 17:27:32,026 [ERROR] CADModel:125 - Updater not yet initialized, retry later 
2026-03-14 17:27:33,074 [FATAL] Updater:351 - Updater called before beeing initialized
2026-03-14 17:27:33,089 [INFO] CADModel:165 - CPN selected for project level
2026-03-14 17:27:33,092 [INFO] CADModel:114 - Register for checkConnection events
2026-03-14 17:27:33,092 [FATAL] Updater:351 - Updater called before beeing initialized
2026-03-14 17:27:33,092 [ERROR] CADModel:125 - Updater not yet initialized, retry later 
2026-03-14 17:27:33,100 [FATAL] Updater:351 - Updater called before beeing initialized
2026-03-14 17:27:33,511 [FATAL] Updater:351 - Updater called before beeing initialized
2026-03-14 17:27:33,531 [INFO] DbMcusAds:53 - JSON generation date=Thu Jan 08 09:57:51 CST 2026 (1767887871456)
2026-03-14 17:27:33,532 [FATAL] Updater:351 - Updater called before beeing initialized
2026-03-14 17:27:33,688 [INFO] ThirdPartyUpdaterWithRetryManager:70 - Updater plugin not ready yet. [2/15]
2026-03-14 17:27:33,893 [WARN] DetailPanel:346 - Failed to get advertising image, set to default
2026-03-14 17:27:34,021 [FATAL] Updater:351 - Updater called before beeing initialized
2026-03-14 17:27:34,024 [FATAL] Updater:351 - Updater called before beeing initialized
2026-03-14 17:27:34,025 [FATAL] Updater:351 - Updater called before beeing initialized
2026-03-14 17:27:34,026 [WARN] DetailPanel:346 - Failed to get advertising image, set to default
2026-03-14 17:27:34,027 [FATAL] Updater:351 - Updater called before beeing initialized
2026-03-14 17:27:34,137 [ERROR] Updater:1198 - MainUpdater not yet initialized. External WinMGr cannot be set.
2026-03-14 17:27:34,157 [INFO] Updater:1134 - Updater Version found : 6.15.0
2026-03-14 17:27:34,181 [INFO] ApplicationProperties:184 - Using Application install path: /Applications/STM32CubeIDE.app/Contents/Eclipse/plugins/com.st.stm32cube.common.mx_6.15.0.202507011659
2026-03-14 17:27:34,774 [INFO] MainUpdater:2872 - connection check result : 10
2026-03-14 17:27:34,775 [INFO] MainUpdater:289 - Updater Check For Update Now.
2026-03-14 17:27:34,776 [INFO] MicroXplorer:498 - Change Database Version : DB.6.0.150
2026-03-14 17:27:34,794 [INFO] McuFinderGlobals:63 - Set McuFinder mode to 2 (CubeIDE integrated)
2026-03-14 17:27:34,798 [INFO] UserAuth:487 - Internet connection configuration mode: 1
2026-03-14 17:27:34,824 [INFO] JxBrowserEngine:152 - Initiate JxBrowser Engine with user profile folder
2026-03-14 17:27:35,156 [INFO] CheckServerUpdateThread:120 - End of CheckServer Thread
2026-03-14 17:27:37,124 [WARN] PackLoader:240 - Cannot read IP mode file for STMicroelectronics.X-CUBE-AZRTOS-H7.3.5.0
2026-03-14 17:27:37,173 [WARN] PackLoader:240 - Cannot read IP mode file for STMicroelectronics.FP-SNS-MOTENVWB1.1.4.0
2026-03-14 17:27:37,215 [WARN] PackLoader:240 - Cannot read IP mode file for STMicroelectronics.FP-ATR-ASTRA1.2.0.2
2026-03-14 17:27:37,229 [WARN] PackLoader:240 - Cannot read IP mode file for STMicroelectronics.X-CUBE-SMBUS.2.1.0
2026-03-14 17:27:37,239 [WARN] PackLoader:240 - Cannot read IP mode file for STMicroelectronics.X-CUBE-ST60.1.0.0
2026-03-14 17:27:37,294 [WARN] PackLoader:240 - Cannot read IP mode file for STMicroelectronics.X-CUBE-AZRTOS-F7.1.1.0
2026-03-14 17:27:37,325 [WARN] PackLoader:240 - Cannot read IP mode file for STMicroelectronics.FP-SNS-MOTENV1.5.1.0
2026-03-14 17:27:37,350 [WARN] PackLoader:240 - Cannot read IP mode file for WES.I-CUBE-Cesium.1.4.0
2026-03-14 17:27:37,427 [WARN] PackLoader:240 - Cannot read IP mode file for Infineon.AIROC-Wi-Fi-Bluetooth-STM32.1.7.1
2026-03-14 17:27:37,546 [WARN] PackLoader:240 - Cannot read IP mode file for STMicroelectronics.X-CUBE-AZRTOS-H7.3.4.0
2026-03-14 17:27:37,598 [WARN] PackLoader:240 - Cannot read IP mode file for STMicroelectronics.X-CUBE-DISPLAY.3.0.0
2026-03-14 17:27:37,618 [WARN] PackLoader:240 - Cannot read IP mode file for STMicroelectronics.FP-SNS-MOTENVWB1.1.5.0
2026-03-14 17:27:37,640 [WARN] PackLoader:240 - Cannot read IP mode file for STMicroelectronics.X-CUBE-NFC10.1.0.0
2026-03-14 17:27:37,669 [WARN] PackLoader:240 - Cannot read IP mode file for STMicroelectronics.X-CUBE-ST60.1.1.0
2026-03-14 17:27:37,685 [WARN] PackLoader:240 - Cannot read IP mode file for emotas.I-CUBE-CANOPEN.1.3.0
2026-03-14 17:27:37,711 [WARN] PackLoader:240 - Cannot read IP mode file for STMicroelectronics.X-CUBE-GNSS1.7.1.0
2026-03-14 17:27:37,743 [WARN] PackLoader:240 - Cannot read IP mode file for STMicroelectronics.FP-SNS-STBOX1.2.1.0
2026-03-14 17:27:37,757 [WARN] PackLoader:240 - Cannot read IP mode file for STMicroelectronics.FP-SNS-SMARTAG2.1.2.0
2026-03-14 17:27:37,764 [WARN] PackLoader:240 - Cannot read IP mode file for STMicroelectronics.FP-SNS-FLIGHT1.5.1.0
2026-03-14 17:27:37,781 [INFO] LogOutputStream:77 - [STDOUT_REDIRECT] 1 : Invalid condition id : UX_CORESTACK_Condition cause : null
2026-03-14 17:27:37,783 [INFO] LogOutputStream:77 - [STDOUT_REDIRECT] 1 : Invalid condition id : UX_CORESTACK_Condition cause : null
2026-03-14 17:27:37,783 [INFO] LogOutputStream:77 - [STDOUT_REDIRECT] 1 : Invalid condition id : UX_CORESTACK_Condition cause : null
2026-03-14 17:27:37,784 [INFO] LogOutputStream:77 - [STDOUT_REDIRECT] 1 : Invalid condition id : UX_CORESTACK_Condition cause : null
2026-03-14 17:27:37,784 [INFO] LogOutputStream:77 - [STDOUT_REDIRECT] 1 : Invalid condition id : UX_CORESTACK_Condition cause : null
2026-03-14 17:27:37,794 [WARN] PackLoader:240 - Cannot read IP mode file for STMicroelectronics.X-CUBE-AZRTOS-WL.2.0.0
2026-03-14 17:27:37,806 [WARN] PackLoader:240 - Cannot read IP mode file for STMicroelectronics.FP-SNS-MOTENV1.5.0.0
2026-03-14 17:27:37,861 [WARN] PackLoader:240 - Cannot read IP mode file for STMicroelectronics.X-CUBE-AZRTOS-H7RS.1.2.0
2026-03-14 17:27:37,880 [WARN] PackLoader:240 - Cannot read IP mode file for STMicroelectronics.X-CUBE-BLE2.3.3.0
2026-03-14 17:27:37,932 [WARN] PackLoader:240 - Cannot read IP mode file for STMicroelectronics.X-CUBE-NFC9.1.0.0
2026-03-14 17:27:37,943 [WARN] PackLoader:240 - Cannot read IP mode file for wolfSSL.I-CUBE-wolfSSL.5.8.2
2026-03-14 17:27:37,953 [WARN] PackLoader:240 - Cannot read IP mode file for STMicroelectronics.X-CUBE-BLE1.7.1.0
2026-03-14 17:27:37,960 [WARN] PackLoader:240 - Cannot read IP mode file for wolfSSL.I-CUBE-wolfMQTT.1.19.2
2026-03-14 17:27:37,970 [WARN] PackLoader:240 - Cannot read IP mode file for STMicroelectronics.X-CUBE-FREERTOS.1.4.0
2026-03-14 17:27:37,989 [WARN] PackLoader:240 - Cannot read IP mode file for STMicroelectronics.X-CUBE-EEPRMA1.5.2.0
2026-03-14 17:27:38,007 [WARN] PackLoader:240 - Cannot read IP mode file for STMicroelectronics.X-CUBE-ST67W61.1.1.0
2026-03-14 17:27:38,130 [WARN] PackLoader:240 - Cannot read IP mode file for STMicroelectronics.X-CUBE-MEMS1.12.0.0
2026-03-14 17:27:38,853 [WARN] PackLoader:240 - Cannot read IP mode file for STMicroelectronics.X-CUBE-AZRTOS-G0.1.1.0
2026-03-14 17:27:38,928 [WARN] PackLoader:240 - Cannot read IP mode file for STMicroelectronics.X-CUBE-SAFEA1.1.2.2
2026-03-14 17:27:38,945 [WARN] PackLoader:240 - Cannot read IP mode file for STMicroelectronics.X-CUBE-NFC4.3.0.0
2026-03-14 17:27:38,994 [WARN] PackLoader:240 - Cannot read IP mode file for EmbeddedOffice.I-CUBE-FS-RTOS.1.0.1
2026-03-14 17:27:39,026 [WARN] PackLoader:240 - Cannot read IP mode file for STMicroelectronics.X-CUBE-WB05N.2.0.0
2026-03-14 17:27:39,046 [WARN] PackLoader:240 - Cannot read IP mode file for wolfSSL.I-CUBE-wolfTPM.3.8.0
2026-03-14 17:27:39,058 [WARN] PackLoader:240 - Cannot read IP mode file for STMicroelectronics.X-CUBE-TCPP.4.2.0
2026-03-14 17:27:39,067 [WARN] PackLoader:240 - Cannot read IP mode file for RealThread.X-CUBE-RT-Thread_Nano.4.1.1
2026-03-14 17:27:39,080 [WARN] PackLoader:240 - Cannot read IP mode file for STMicroelectronics.FP-ATR-SIGFOX1.3.2.0
2026-03-14 17:27:39,091 [WARN] PackLoader:240 - Cannot read IP mode file for STMicroelectronics.X-CUBE-FREERTOS.1.5.0
2026-03-14 17:27:39,099 [WARN] PackLoader:240 - Cannot read IP mode file for ITTIA_DB.I-CUBE-ITTIADB.8.9.0
2026-03-14 17:27:39,115 [WARN] PackLoader:240 - Cannot read IP mode file for STMicroelectronics.X-CUBE-NFC6.3.2.0
2026-03-14 17:27:39,152 [WARN] PackLoader:240 - Cannot read IP mode file for STMicroelectronics.X-CUBE-ST67W61.1.0.0
2026-03-14 17:27:39,167 [WARN] PackLoader:240 - Cannot read IP mode file for STMicroelectronics.X-CUBE-AI.10.2.0
2026-03-14 17:27:39,256 [WARN] PackLoader:240 - Cannot read IP mode file for SEGGER.I-CUBE-embOS.1.3.1
2026-03-14 17:27:39,336 [WARN] PackLoader:240 - Cannot read IP mode file for STMicroelectronics.X-CUBE-ALGOBUILD.1.4.0
2026-03-14 17:27:39,449 [WARN] PackLoader:240 - Cannot read IP mode file for STMicroelectronics.X-CUBE-MEMS1.11.3.0
2026-03-14 17:27:39,603 [WARN] PackLoader:240 - Cannot read IP mode file for STMicroelectronics.X-CUBE-PM33A1.1.0.0
2026-03-14 17:27:39,639 [WARN] PackLoader:240 - Cannot read IP mode file for STMicroelectronics.X-CUBE-AZRTOS-F4.1.1.0
2026-03-14 17:27:39,655 [WARN] PackLoader:240 - Cannot read IP mode file for Avnet-IotConnect.X-CUBE-IoTC-DA16k-PMOD.1.0.0
2026-03-14 17:27:39,661 [WARN] PackLoader:240 - Cannot read IP mode file for STMicroelectronics.X-CUBE-ISPU.2.1.0
2026-03-14 17:27:39,687 [WARN] PackLoader:240 - Cannot read IP mode file for STMicroelectronics.X-CUBE-IPS.3.2.0
2026-03-14 17:27:39,711 [WARN] PackLoader:240 - Cannot read IP mode file for STMicroelectronics.X-CUBE-NFC12.1.0.0
2026-03-14 17:27:39,760 [WARN] PackLoader:240 - Cannot read IP mode file for STMicroelectronics.X-CUBE-AZRTOS-L5.2.0.0
2026-03-14 17:27:39,788 [WARN] PackLoader:240 - Cannot read IP mode file for STMicroelectronics.X-CUBE-NFC6.3.1.0
2026-03-14 17:27:39,802 [WARN] PackLoader:240 - Cannot read IP mode file for STMicroelectronics.X-CUBE-FREERTOS.1.3.1
2026-03-14 17:27:39,812 [WARN] PackLoader:240 - Cannot read IP mode file for STMicroelectronics.X-CUBE-TOUCHGFX.4.26.0
2026-03-14 17:27:39,816 [WARN] PackLoader:240 - Cannot read IP mode file for STMicroelectronics.X-CUBE-TOUCHGFX.4.26.1
2026-03-14 17:27:39,824 [WARN] PackLoader:240 - Cannot read IP mode file for STMicroelectronics.FP-SNS-STAIOTCFT.1.0.0
2026-03-14 17:27:39,834 [WARN] PackLoader:240 - Cannot read IP mode file for STMicroelectronics.X-CUBE-DPower.1.3.0
2026-03-14 17:27:39,864 [WARN] ConditionMgr:438 - getConditionDescription Invalid condition id : LAN8742 Phy interface Condition cause : null
2026-03-14 17:27:39,866 [WARN] PackLoader:240 - Cannot read IP mode file for STMicroelectronics.X-CUBE-AZRTOS-L4.2.0.0
2026-03-14 17:27:39,871 [WARN] ConditionMgr:1044 - genDependencies : Invalid condition id : LAN8742 Phy interface Condition cause : null
2026-03-14 17:27:39,871 [WARN] ConditionMgr:1044 - genDependencies : Invalid condition id : LAN8742 Phy interface Condition cause : null
2026-03-14 17:27:39,873 [WARN] ConditionMgr:1044 - genDependencies : Invalid condition id : LAN8742 Phy interface Condition cause : null
2026-03-14 17:27:39,910 [WARN] PackLoader:240 - Cannot read IP mode file for STMicroelectronics.X-CUBE-SFXS2LP1.4.0.0
2026-03-14 17:27:39,944 [WARN] PackLoader:240 - Cannot read IP mode file for STMicroelectronics.X-CUBE-ST67W61.1.2.0
2026-03-14 17:27:39,968 [WARN] PackLoader:240 - Cannot read IP mode file for STMicroelectronics.X-CUBE-BLEMGR.4.1.0
2026-03-14 17:27:40,019 [WARN] ConditionMgr:438 - getConditionDescription Invalid condition id : UX DEVICE CLASS RTOS Condition cause : null
2026-03-14 17:27:40,019 [WARN] ConditionMgr:438 - getConditionDescription Invalid condition id : UX DEVICE CLASS RTOS Condition cause : null
2026-03-14 17:27:40,025 [WARN] PackLoader:240 - Cannot read IP mode file for STMicroelectronics.X-CUBE-AZRTOS-WB.2.0.0
2026-03-14 17:27:40,026 [WARN] ConditionMgr:1044 - genDependencies : Invalid condition id : UX DEVICE CLASS RTOS Condition cause : null
2026-03-14 17:27:40,026 [WARN] ConditionMgr:1044 - genDependencies : Invalid condition id : UX DEVICE CLASS RTOS Condition cause : null
2026-03-14 17:27:40,027 [WARN] ConditionMgr:1044 - genDependencies : Invalid condition id : UX DEVICE CLASS RTOS Condition cause : null
2026-03-14 17:27:40,028 [WARN] ConditionMgr:1044 - genDependencies : Invalid condition id : UX DEVICE CLASS RTOS Condition cause : null
2026-03-14 17:27:40,028 [WARN] ConditionMgr:1044 - genDependencies : Invalid condition id : UX DEVICE CLASS RTOS Condition cause : null
2026-03-14 17:27:40,058 [WARN] PackLoader:240 - Cannot read IP mode file for STMicroelectronics.X-CUBE-GNSS1.7.0.1
2026-03-14 17:27:40,084 [WARN] PackLoader:240 - Cannot read IP mode file for STMicroelectronics.X-CUBE-TOUCHGFX.4.25.0
2026-03-14 17:27:40,112 [WARN] ConditionMgr:438 - getConditionDescription Invalid condition id : Cortex-A Device cause : null
2026-03-14 17:27:40,155 [WARN] ConditionMgr:1044 - genDependencies : Invalid condition id : Cortex-A Device cause : null
2026-03-14 17:27:40,155 [WARN] ConditionMgr:1044 - genDependencies : Invalid condition id : Cortex-A Device cause : null
2026-03-14 17:27:40,155 [WARN] ConditionMgr:1044 - genDependencies : Invalid condition id : Cortex-A Device cause : null
2026-03-14 17:27:40,188 [WARN] PackLoader:240 - Cannot read IP mode file for STMicroelectronics.X-CUBE-STSE01.2.0.0
2026-03-14 17:27:40,212 [WARN] PackLoader:240 - Cannot read IP mode file for STMicroelectronics.X-CUBE-SUBG2.5.0.0
2026-03-14 17:27:40,250 [WARN] PackLoader:240 - Cannot read IP mode file for STMicroelectronics.X-CUBE-AZRTOS-H7RS.1.1.0
2026-03-14 17:27:40,272 [WARN] PackLoader:240 - Cannot read IP mode file for Cesanta.I-CUBE-Mongoose.7.13.0
2026-03-14 17:27:40,334 [WARN] PackLoader:240 - Cannot read IP mode file for STMicroelectronics.X-CUBE-AZRTOS-G4.2.0.0
2026-03-14 17:27:40,368 [WARN] PackLoader:240 - Cannot read IP mode file for wolfSSL.I-CUBE-wolfSSH.1.4.20
2026-03-14 17:27:40,392 [WARN] PackLoader:240 - Cannot read IP mode file for STMicroelectronics.X-CUBE-NFC7.2.0.0
2026-03-14 17:27:40,429 [WARN] PackLoader:240 - Cannot read IP mode file for STMicroelectronics.X-CUBE-IPS.3.1.0
2026-03-14 17:27:40,451 [WARN] PackLoader:240 - Cannot read IP mode file for STMicroelectronics.X-CUBE-ALS.1.0.2
2026-03-14 17:27:40,475 [WARN] PackLoader:240 - Cannot read IP mode file for STMicroelectronics.X-CUBE-STSE01.1.0.0
2026-03-14 17:27:40,504 [WARN] PackLoader:240 - Cannot read IP mode file for STMicroelectronics.X-CUBE-TOF1.3.4.3
2026-03-14 17:27:40,543 [INFO] ThirdParty:978 - Integrity check success = true
2026-03-14 17:27:40,543 [INFO] IntegrityCheckThread:100 - exiting critical section [integrity check]
2026-03-14 17:27:40,543 [INFO] IntegrityCheckThread:103 - End integrity checks thread
2026-03-14 17:27:45,348 [INFO] WebApp:169 - Instantiating new browser for Auth
2026-03-14 17:27:47,488 [INFO] WebApp:463 - Apply proxy settings
2026-03-14 17:27:47,513 [INFO] WebApp:508 - Chromium authenticates against Manually configured proxy
2026-03-14 17:27:47,541 [INFO] WebApp:516 - Username used for proxy authentication: 
2026-03-14 17:27:47,605 [INFO] WebApp:900 - Register for checkConnection events
2026-03-14 17:27:47,606 [INFO] WebApp:463 - Apply proxy settings
2026-03-14 17:27:47,613 [INFO] WebApp:508 - Chromium authenticates against Manually configured proxy
2026-03-14 17:27:47,614 [INFO] WebApp:516 - Username used for proxy authentication: 
2026-03-14 17:27:48,347 [INFO] WebApp:191 - Connection restablished
2026-03-14 17:27:48,435 [INFO] WebApp:225 - Starting web application
2026-03-14 17:27:48,446 [INFO] WebApp:593 - Web application path used /Applications/STM32CubeIDE.app/Contents/Eclipse/plugins/com.st.stm32cube.common.mx_6.15.0.202507011659/db/plugins/mcufinder/reactClient1/index.html
2026-03-14 17:27:50,123 [INFO] UserAuth:487 - Internet connection configuration mode: 1
2026-03-14 18:31:30,051 [INFO] WebApp:194 - Connection lost
2026-03-14 18:31:33,114 [INFO] WebApp:191 - Connection restablished
2026-03-14 19:44:15,014 [INFO] WebApp:194 - Connection lost
2026-03-14 21:45:28,732 [INFO] WebApp:191 - Connection restablished
2026-03-14 21:45:27,894 [INFO] WebApp:194 - Connection lost
2026-03-14 21:45:28,287 [INFO] WebApp:191 - Connection restablished
2026-03-14 21:45:54,548 [INFO] WebApp:194 - Connection lost
2026-03-14 21:45:55,039 [INFO] WebApp:191 - Connection restablished
2026-03-14 23:47:13,545 [INFO] WebApp:194 - Connection lost
2026-03-14 23:47:14,613 [INFO] WebApp:191 - Connection restablished
