18:27:04 **** Incremental Build of configuration Debug for project wheelsboard ****
make -j7 all 
arm-none-eabi-gcc "../Core/Src/main.c" -mcpu=cortex-m4 -std=gnu11 -g3 -DDEBUG -DUSE_HAL_DRIVER -DSTM32L431xx -c -I../Core/Inc -I../Drivers/STM32L4xx_HAL_Driver/Inc -I../Drivers/STM32L4xx_HAL_Driver/Inc/Legacy -I../Drivers/CMSIS/Device/ST/STM32L4xx/Include -I../Drivers/CMSIS/Include -O0 -ffunction-sections -fdata-sections -Wall -fstack-usage -fcyclomatic-complexity -MMD -MP -MF"Core/Src/main.d" -MT"Core/Src/main.o" --specs=nano.specs -mfpu=fpv4-sp-d16 -mfloat-abi=hard -mthumb -o "Core/Src/main.o"
../Core/Src/main.c: In function 'main':
../Core/Src/main.c:115:26: warning: unused variable 'pressure_counts' [-Wunused-variable]
  115 |                 uint16_t pressure_counts = ((data_rx[0] & 0x3F) << 8) | data_rx[1];
      |                          ^~~~~~~~~~~~~~~
../Core/Src/main.c:71:17: warning: unused variable 'i2c_data' [-Wunused-variable]
   71 |         uint8_t i2c_data[2] = {0x00, 0xFF};
      |                 ^~~~~~~~
arm-none-eabi-gcc -o "wheelsboard.elf" @"objects.list"   -mcpu=cortex-m4 -T"/Users/karthikkurapati/LHR/VCAT-WheelsSensor/firmware/wheelsboard/STM32L431CBTX_FLASH.ld" --specs=nosys.specs -Wl,-Map="wheelsboard.map" -Wl,--gc-sections -static --specs=nano.specs -mfpu=fpv4-sp-d16 -mfloat-abi=hard -mthumb -Wl,--start-group -lc -lm -Wl,--end-group
Finished building target: wheelsboard.elf
 
arm-none-eabi-size  wheelsboard.elf 
arm-none-eabi-objdump -h -S wheelsboard.elf  > "wheelsboard.list"
   text	   data	    bss	    dec	    hex	filename
  10452	     12	   1652	  12116	   2f54	wheelsboard.elf
Finished building: default.size.stdout
 
Finished building: wheelsboard.list
 
19:19:01 **** Incremental Build of configuration Debug for project wheelsboard ****
make -j7 all 
arm-none-eabi-gcc "../Drivers/STM32L4xx_HAL_Driver/Src/stm32l4xx_hal.c" -mcpu=cortex-m4 -std=gnu11 -g3 -DDEBUG -DUSE_HAL_DRIVER -DSTM32L431xx -c -I../Core/Inc -I../Drivers/STM32L4xx_HAL_Driver/Inc -I../Drivers/STM32L4xx_HAL_Driver/Inc/Legacy -I../Drivers/CMSIS/Device/ST/STM32L4xx/Include -I../Drivers/CMSIS/Include -O0 -ffunction-sections -fdata-sections -Wall -fstack-usage -fcyclomatic-complexity -MMD -MP -MF"Drivers/STM32L4xx_HAL_Driver/Src/stm32l4xx_hal.d" -MT"Drivers/STM32L4xx_HAL_Driver/Src/stm32l4xx_hal.o" --specs=nano.specs -mfpu=fpv4-sp-d16 -mfloat-abi=hard -mthumb -o "Drivers/STM32L4xx_HAL_Driver/Src/stm32l4xx_hal.o"
arm-none-eabi-gcc "../Drivers/STM32L4xx_HAL_Driver/Src/stm32l4xx_hal_cortex.c" -mcpu=cortex-m4 -std=gnu11 -g3 -DDEBUG -DUSE_HAL_DRIVER -DSTM32L431xx -c -I../Core/Inc -I../Drivers/STM32L4xx_HAL_Driver/Inc -I../Drivers/STM32L4xx_HAL_Driver/Inc/Legacy -I../Drivers/CMSIS/Device/ST/STM32L4xx/Include -I../Drivers/CMSIS/Include -O0 -ffunction-sections -fdata-sections -Wall -fstack-usage -fcyclomatic-complexity -MMD -MP -MF"Drivers/STM32L4xx_HAL_Driver/Src/stm32l4xx_hal_cortex.d" -MT"Drivers/STM32L4xx_HAL_Driver/Src/stm32l4xx_hal_cortex.o" --specs=nano.specs -mfpu=fpv4-sp-d16 -mfloat-abi=hard -mthumb -o "Drivers/STM32L4xx_HAL_Driver/Src/stm32l4xx_hal_cortex.o"
arm-none-eabi-gcc "../Drivers/STM32L4xx_HAL_Driver/Src/stm32l4xx_hal_dma.c" -mcpu=cortex-m4 -std=gnu11 -g3 -DDEBUG -DUSE_HAL_DRIVER -DSTM32L431xx -c -I../Core/Inc -I../Drivers/STM32L4xx_HAL_Driver/Inc -I../Drivers/STM32L4xx_HAL_Driver/Inc/Legacy -I../Drivers/CMSIS/Device/ST/STM32L4xx/Include -I../Drivers/CMSIS/Include -O0 -ffunction-sections -fdata-sections -Wall -fstack-usage -fcyclomatic-complexity -MMD -MP -MF"Drivers/STM32L4xx_HAL_Driver/Src/stm32l4xx_hal_dma.d" -MT"Drivers/STM32L4xx_HAL_Driver/Src/stm32l4xx_hal_dma.o" --specs=nano.specs -mfpu=fpv4-sp-d16 -mfloat-abi=hard -mthumb -o "Drivers/STM32L4xx_HAL_Driver/Src/stm32l4xx_hal_dma.o"
arm-none-eabi-gcc "../Drivers/STM32L4xx_HAL_Driver/Src/stm32l4xx_hal_dma_ex.c" -mcpu=cortex-m4 -std=gnu11 -g3 -DDEBUG -DUSE_HAL_DRIVER -DSTM32L431xx -c -I../Core/Inc -I../Drivers/STM32L4xx_HAL_Driver/Inc -I../Drivers/STM32L4xx_HAL_Driver/Inc/Legacy -I../Drivers/CMSIS/Device/ST/STM32L4xx/Include -I../Drivers/CMSIS/Include -O0 -ffunction-sections -fdata-sections -Wall -fstack-usage -fcyclomatic-complexity -MMD -MP -MF"Drivers/STM32L4xx_HAL_Driver/Src/stm32l4xx_hal_dma_ex.d" -MT"Drivers/STM32L4xx_HAL_Driver/Src/stm32l4xx_hal_dma_ex.o" --specs=nano.specs -mfpu=fpv4-sp-d16 -mfloat-abi=hard -mthumb -o "Drivers/STM32L4xx_HAL_Driver/Src/stm32l4xx_hal_dma_ex.o"
arm-none-eabi-gcc "../Drivers/STM32L4xx_HAL_Driver/Src/stm32l4xx_hal_exti.c" -mcpu=cortex-m4 -std=gnu11 -g3 -DDEBUG -DUSE_HAL_DRIVER -DSTM32L431xx -c -I../Core/Inc -I../Drivers/STM32L4xx_HAL_Driver/Inc -I../Drivers/STM32L4xx_HAL_Driver/Inc/Legacy -I../Drivers/CMSIS/Device/ST/STM32L4xx/Include -I../Drivers/CMSIS/Include -O0 -ffunction-sections -fdata-sections -Wall -fstack-usage -fcyclomatic-complexity -MMD -MP -MF"Drivers/STM32L4xx_HAL_Driver/Src/stm32l4xx_hal_exti.d" -MT"Drivers/STM32L4xx_HAL_Driver/Src/stm32l4xx_hal_exti.o" --specs=nano.specs -mfpu=fpv4-sp-d16 -mfloat-abi=hard -mthumb -o "Drivers/STM32L4xx_HAL_Driver/Src/stm32l4xx_hal_exti.o"
arm-none-eabi-gcc "../Drivers/STM32L4xx_HAL_Driver/Src/stm32l4xx_hal_flash.c" -mcpu=cortex-m4 -std=gnu11 -g3 -DDEBUG -DUSE_HAL_DRIVER -DSTM32L431xx -c -I../Core/Inc -I../Drivers/STM32L4xx_HAL_Driver/Inc -I../Drivers/STM32L4xx_HAL_Driver/Inc/Legacy -I../Drivers/CMSIS/Device/ST/STM32L4xx/Include -I../Drivers/CMSIS/Include -O0 -ffunction-sections -fdata-sections -Wall -fstack-usage -fcyclomatic-complexity -MMD -MP -MF"Drivers/STM32L4xx_HAL_Driver/Src/stm32l4xx_hal_flash.d" -MT"Drivers/STM32L4xx_HAL_Driver/Src/stm32l4xx_hal_flash.o" --specs=nano.specs -mfpu=fpv4-sp-d16 -mfloat-abi=hard -mthumb -o "Drivers/STM32L4xx_HAL_Driver/Src/stm32l4xx_hal_flash.o"
arm-none-eabi-gcc "../Drivers/STM32L4xx_HAL_Driver/Src/stm32l4xx_hal_flash_ex.c" -mcpu=cortex-m4 -std=gnu11 -g3 -DDEBUG -DUSE_HAL_DRIVER -DSTM32L431xx -c -I../Core/Inc -I../Drivers/STM32L4xx_HAL_Driver/Inc -I../Drivers/STM32L4xx_HAL_Driver/Inc/Legacy -I../Drivers/CMSIS/Device/ST/STM32L4xx/Include -I../Drivers/CMSIS/Include -O0 -ffunction-sections -fdata-sections -Wall -fstack-usage -fcyclomatic-complexity -MMD -MP -MF"Drivers/STM32L4xx_HAL_Driver/Src/stm32l4xx_hal_flash_ex.d" -MT"Drivers/STM32L4xx_HAL_Driver/Src/stm32l4xx_hal_flash_ex.o" --specs=nano.specs -mfpu=fpv4-sp-d16 -mfloat-abi=hard -mthumb -o "Drivers/STM32L4xx_HAL_Driver/Src/stm32l4xx_hal_flash_ex.o"
arm-none-eabi-gcc "../Drivers/STM32L4xx_HAL_Driver/Src/stm32l4xx_hal_flash_ramfunc.c" -mcpu=cortex-m4 -std=gnu11 -g3 -DDEBUG -DUSE_HAL_DRIVER -DSTM32L431xx -c -I../Core/Inc -I../Drivers/STM32L4xx_HAL_Driver/Inc -I../Drivers/STM32L4xx_HAL_Driver/Inc/Legacy -I../Drivers/CMSIS/Device/ST/STM32L4xx/Include -I../Drivers/CMSIS/Include -O0 -ffunction-sections -fdata-sections -Wall -fstack-usage -fcyclomatic-complexity -MMD -MP -MF"Drivers/STM32L4xx_HAL_Driver/Src/stm32l4xx_hal_flash_ramfunc.d" -MT"Drivers/STM32L4xx_HAL_Driver/Src/stm32l4xx_hal_flash_ramfunc.o" --specs=nano.specs -mfpu=fpv4-sp-d16 -mfloat-abi=hard -mthumb -o "Drivers/STM32L4xx_HAL_Driver/Src/stm32l4xx_hal_flash_ramfunc.o"
arm-none-eabi-gcc "../Drivers/STM32L4xx_HAL_Driver/Src/stm32l4xx_hal_gpio.c" -mcpu=cortex-m4 -std=gnu11 -g3 -DDEBUG -DUSE_HAL_DRIVER -DSTM32L431xx -c -I../Core/Inc -I../Drivers/STM32L4xx_HAL_Driver/Inc -I../Drivers/STM32L4xx_HAL_Driver/Inc/Legacy -I../Drivers/CMSIS/Device/ST/STM32L4xx/Include -I../Drivers/CMSIS/Include -O0 -ffunction-sections -fdata-sections -Wall -fstack-usage -fcyclomatic-complexity -MMD -MP -MF"Drivers/STM32L4xx_HAL_Driver/Src/stm32l4xx_hal_gpio.d" -MT"Drivers/STM32L4xx_HAL_Driver/Src/stm32l4xx_hal_gpio.o" --specs=nano.specs -mfpu=fpv4-sp-d16 -mfloat-abi=hard -mthumb -o "Drivers/STM32L4xx_HAL_Driver/Src/stm32l4xx_hal_gpio.o"
arm-none-eabi-gcc "../Drivers/STM32L4xx_HAL_Driver/Src/stm32l4xx_hal_i2c.c" -mcpu=cortex-m4 -std=gnu11 -g3 -DDEBUG -DUSE_HAL_DRIVER -DSTM32L431xx -c -I../Core/Inc -I../Drivers/STM32L4xx_HAL_Driver/Inc -I../Drivers/STM32L4xx_HAL_Driver/Inc/Legacy -I../Drivers/CMSIS/Device/ST/STM32L4xx/Include -I../Drivers/CMSIS/Include -O0 -ffunction-sections -fdata-sections -Wall -fstack-usage -fcyclomatic-complexity -MMD -MP -MF"Drivers/STM32L4xx_HAL_Driver/Src/stm32l4xx_hal_i2c.d" -MT"Drivers/STM32L4xx_HAL_Driver/Src/stm32l4xx_hal_i2c.o" --specs=nano.specs -mfpu=fpv4-sp-d16 -mfloat-abi=hard -mthumb -o "Drivers/STM32L4xx_HAL_Driver/Src/stm32l4xx_hal_i2c.o"
arm-none-eabi-gcc "../Drivers/STM32L4xx_HAL_Driver/Src/stm32l4xx_hal_i2c_ex.c" -mcpu=cortex-m4 -std=gnu11 -g3 -DDEBUG -DUSE_HAL_DRIVER -DSTM32L431xx -c -I../Core/Inc -I../Drivers/STM32L4xx_HAL_Driver/Inc -I../Drivers/STM32L4xx_HAL_Driver/Inc/Legacy -I../Drivers/CMSIS/Device/ST/STM32L4xx/Include -I../Drivers/CMSIS/Include -O0 -ffunction-sections -fdata-sections -Wall -fstack-usage -fcyclomatic-complexity -MMD -MP -MF"Drivers/STM32L4xx_HAL_Driver/Src/stm32l4xx_hal_i2c_ex.d" -MT"Drivers/STM32L4xx_HAL_Driver/Src/stm32l4xx_hal_i2c_ex.o" --specs=nano.specs -mfpu=fpv4-sp-d16 -mfloat-abi=hard -mthumb -o "Drivers/STM32L4xx_HAL_Driver/Src/stm32l4xx_hal_i2c_ex.o"
arm-none-eabi-gcc "../Drivers/STM32L4xx_HAL_Driver/Src/stm32l4xx_hal_pwr.c" -mcpu=cortex-m4 -std=gnu11 -g3 -DDEBUG -DUSE_HAL_DRIVER -DSTM32L431xx -c -I../Core/Inc -I../Drivers/STM32L4xx_HAL_Driver/Inc -I../Drivers/STM32L4xx_HAL_Driver/Inc/Legacy -I../Drivers/CMSIS/Device/ST/STM32L4xx/Include -I../Drivers/CMSIS/Include -O0 -ffunction-sections -fdata-sections -Wall -fstack-usage -fcyclomatic-complexity -MMD -MP -MF"Drivers/STM32L4xx_HAL_Driver/Src/stm32l4xx_hal_pwr.d" -MT"Drivers/STM32L4xx_HAL_Driver/Src/stm32l4xx_hal_pwr.o" --specs=nano.specs -mfpu=fpv4-sp-d16 -mfloat-abi=hard -mthumb -o "Drivers/STM32L4xx_HAL_Driver/Src/stm32l4xx_hal_pwr.o"
arm-none-eabi-gcc "../Drivers/STM32L4xx_HAL_Driver/Src/stm32l4xx_hal_pwr_ex.c" -mcpu=cortex-m4 -std=gnu11 -g3 -DDEBUG -DUSE_HAL_DRIVER -DSTM32L431xx -c -I../Core/Inc -I../Drivers/STM32L4xx_HAL_Driver/Inc -I../Drivers/STM32L4xx_HAL_Driver/Inc/Legacy -I../Drivers/CMSIS/Device/ST/STM32L4xx/Include -I../Drivers/CMSIS/Include -O0 -ffunction-sections -fdata-sections -Wall -fstack-usage -fcyclomatic-complexity -MMD -MP -MF"Drivers/STM32L4xx_HAL_Driver/Src/stm32l4xx_hal_pwr_ex.d" -MT"Drivers/STM32L4xx_HAL_Driver/Src/stm32l4xx_hal_pwr_ex.o" --specs=nano.specs -mfpu=fpv4-sp-d16 -mfloat-abi=hard -mthumb -o "Drivers/STM32L4xx_HAL_Driver/Src/stm32l4xx_hal_pwr_ex.o"
arm-none-eabi-gcc "../Drivers/STM32L4xx_HAL_Driver/Src/stm32l4xx_hal_rcc.c" -mcpu=cortex-m4 -std=gnu11 -g3 -DDEBUG -DUSE_HAL_DRIVER -DSTM32L431xx -c -I../Core/Inc -I../Drivers/STM32L4xx_HAL_Driver/Inc -I../Drivers/STM32L4xx_HAL_Driver/Inc/Legacy -I../Drivers/CMSIS/Device/ST/STM32L4xx/Include -I../Drivers/CMSIS/Include -O0 -ffunction-sections -fdata-sections -Wall -fstack-usage -fcyclomatic-complexity -MMD -MP -MF"Drivers/STM32L4xx_HAL_Driver/Src/stm32l4xx_hal_rcc.d" -MT"Drivers/STM32L4xx_HAL_Driver/Src/stm32l4xx_hal_rcc.o" --specs=nano.specs -mfpu=fpv4-sp-d16 -mfloat-abi=hard -mthumb -o "Drivers/STM32L4xx_HAL_Driver/Src/stm32l4xx_hal_rcc.o"
arm-none-eabi-gcc "../Drivers/STM32L4xx_HAL_Driver/Src/stm32l4xx_hal_rcc_ex.c" -mcpu=cortex-m4 -std=gnu11 -g3 -DDEBUG -DUSE_HAL_DRIVER -DSTM32L431xx -c -I../Core/Inc -I../Drivers/STM32L4xx_HAL_Driver/Inc -I../Drivers/STM32L4xx_HAL_Driver/Inc/Legacy -I../Drivers/CMSIS/Device/ST/STM32L4xx/Include -I../Drivers/CMSIS/Include -O0 -ffunction-sections -fdata-sections -Wall -fstack-usage -fcyclomatic-complexity -MMD -MP -MF"Drivers/STM32L4xx_HAL_Driver/Src/stm32l4xx_hal_rcc_ex.d" -MT"Drivers/STM32L4xx_HAL_Driver/Src/stm32l4xx_hal_rcc_ex.o" --specs=nano.specs -mfpu=fpv4-sp-d16 -mfloat-abi=hard -mthumb -o "Drivers/STM32L4xx_HAL_Driver/Src/stm32l4xx_hal_rcc_ex.o"
arm-none-eabi-gcc "../Drivers/STM32L4xx_HAL_Driver/Src/stm32l4xx_hal_uart.c" -mcpu=cortex-m4 -std=gnu11 -g3 -DDEBUG -DUSE_HAL_DRIVER -DSTM32L431xx -c -I../Core/Inc -I../Drivers/STM32L4xx_HAL_Driver/Inc -I../Drivers/STM32L4xx_HAL_Driver/Inc/Legacy -I../Drivers/CMSIS/Device/ST/STM32L4xx/Include -I../Drivers/CMSIS/Include -O0 -ffunction-sections -fdata-sections -Wall -fstack-usage -fcyclomatic-complexity -MMD -MP -MF"Drivers/STM32L4xx_HAL_Driver/Src/stm32l4xx_hal_uart.d" -MT"Drivers/STM32L4xx_HAL_Driver/Src/stm32l4xx_hal_uart.o" --specs=nano.specs -mfpu=fpv4-sp-d16 -mfloat-abi=hard -mthumb -o "Drivers/STM32L4xx_HAL_Driver/Src/stm32l4xx_hal_uart.o"
arm-none-eabi-gcc "../Drivers/STM32L4xx_HAL_Driver/Src/stm32l4xx_hal_uart_ex.c" -mcpu=cortex-m4 -std=gnu11 -g3 -DDEBUG -DUSE_HAL_DRIVER -DSTM32L431xx -c -I../Core/Inc -I../Drivers/STM32L4xx_HAL_Driver/Inc -I../Drivers/STM32L4xx_HAL_Driver/Inc/Legacy -I../Drivers/CMSIS/Device/ST/STM32L4xx/Include -I../Drivers/CMSIS/Include -O0 -ffunction-sections -fdata-sections -Wall -fstack-usage -fcyclomatic-complexity -MMD -MP -MF"Drivers/STM32L4xx_HAL_Driver/Src/stm32l4xx_hal_uart_ex.d" -MT"Drivers/STM32L4xx_HAL_Driver/Src/stm32l4xx_hal_uart_ex.o" --specs=nano.specs -mfpu=fpv4-sp-d16 -mfloat-abi=hard -mthumb -o "Drivers/STM32L4xx_HAL_Driver/Src/stm32l4xx_hal_uart_ex.o"
arm-none-eabi-gcc "../Core/Src/main.c" -mcpu=cortex-m4 -std=gnu11 -g3 -DDEBUG -DUSE_HAL_DRIVER -DSTM32L431xx -c -I../Core/Inc -I../Drivers/STM32L4xx_HAL_Driver/Inc -I../Drivers/STM32L4xx_HAL_Driver/Inc/Legacy -I../Drivers/CMSIS/Device/ST/STM32L4xx/Include -I../Drivers/CMSIS/Include -O0 -ffunction-sections -fdata-sections -Wall -fstack-usage -fcyclomatic-complexity -MMD -MP -MF"Core/Src/main.d" -MT"Core/Src/main.o" --specs=nano.specs -mfpu=fpv4-sp-d16 -mfloat-abi=hard -mthumb -o "Core/Src/main.o"
arm-none-eabi-gcc "../Core/Src/stm32l4xx_hal_msp.c" -mcpu=cortex-m4 -std=gnu11 -g3 -DDEBUG -DUSE_HAL_DRIVER -DSTM32L431xx -c -I../Core/Inc -I../Drivers/STM32L4xx_HAL_Driver/Inc -I../Drivers/STM32L4xx_HAL_Driver/Inc/Legacy -I../Drivers/CMSIS/Device/ST/STM32L4xx/Include -I../Drivers/CMSIS/Include -O0 -ffunction-sections -fdata-sections -Wall -fstack-usage -fcyclomatic-complexity -MMD -MP -MF"Core/Src/stm32l4xx_hal_msp.d" -MT"Core/Src/stm32l4xx_hal_msp.o" --specs=nano.specs -mfpu=fpv4-sp-d16 -mfloat-abi=hard -mthumb -o "Core/Src/stm32l4xx_hal_msp.o"
arm-none-eabi-gcc "../Core/Src/stm32l4xx_it.c" -mcpu=cortex-m4 -std=gnu11 -g3 -DDEBUG -DUSE_HAL_DRIVER -DSTM32L431xx -c -I../Core/Inc -I../Drivers/STM32L4xx_HAL_Driver/Inc -I../Drivers/STM32L4xx_HAL_Driver/Inc/Legacy -I../Drivers/CMSIS/Device/ST/STM32L4xx/Include -I../Drivers/CMSIS/Include -O0 -ffunction-sections -fdata-sections -Wall -fstack-usage -fcyclomatic-complexity -MMD -MP -MF"Core/Src/stm32l4xx_it.d" -MT"Core/Src/stm32l4xx_it.o" --specs=nano.specs -mfpu=fpv4-sp-d16 -mfloat-abi=hard -mthumb -o "Core/Src/stm32l4xx_it.o"
../Core/Src/main.c: In function 'main':
../Core/Src/main.c:118:26: warning: unused variable 'pressure_counts' [-Wunused-variable]
  118 |                 uint16_t pressure_counts = ((data_rx[0] & 0x3F) << 8) | data_rx[1];
      |                          ^~~~~~~~~~~~~~~
arm-none-eabi-gcc "../Core/Src/system_stm32l4xx.c" -mcpu=cortex-m4 -std=gnu11 -g3 -DDEBUG -DUSE_HAL_DRIVER -DSTM32L431xx -c -I../Core/Inc -I../Drivers/STM32L4xx_HAL_Driver/Inc -I../Drivers/STM32L4xx_HAL_Driver/Inc/Legacy -I../Drivers/CMSIS/Device/ST/STM32L4xx/Include -I../Drivers/CMSIS/Include -O0 -ffunction-sections -fdata-sections -Wall -fstack-usage -fcyclomatic-complexity -MMD -MP -MF"Core/Src/system_stm32l4xx.d" -MT"Core/Src/system_stm32l4xx.o" --specs=nano.specs -mfpu=fpv4-sp-d16 -mfloat-abi=hard -mthumb -o "Core/Src/system_stm32l4xx.o"
arm-none-eabi-gcc -o "wheelsboard.elf" @"objects.list"   -mcpu=cortex-m4 -T"/Users/karthikkurapati/LHR/VCAT-WheelsSensor/firmware/wheelsboard/STM32L431CBTX_FLASH.ld" --specs=nosys.specs -Wl,-Map="wheelsboard.map" -Wl,--gc-sections -static --specs=nano.specs -mfpu=fpv4-sp-d16 -mfloat-abi=hard -mthumb -Wl,--start-group -lc -lm -Wl,--end-group
Finished building target: wheelsboard.elf
 
arm-none-eabi-size  wheelsboard.elf 
arm-none-eabi-objdump -h -S wheelsboard.elf  > "wheelsboard.list"
   text	   data	    bss	    dec	    hex	filename
  14100	     12	   1788	  15900	   3e1c	wheelsboard.elf
Finished building: default.size.stdout
 
Finished building: wheelsboard.list
 
19:29:57 **** Incremental Build of configuration Debug for project wheelsboard ****
make -j7 all 
arm-none-eabi-gcc "../Core/Src/main.c" -mcpu=cortex-m4 -std=gnu11 -g3 -DDEBUG -DUSE_HAL_DRIVER -DSTM32L431xx -c -I../Core/Inc -I../Drivers/STM32L4xx_HAL_Driver/Inc -I../Drivers/STM32L4xx_HAL_Driver/Inc/Legacy -I../Drivers/CMSIS/Device/ST/STM32L4xx/Include -I../Drivers/CMSIS/Include -O0 -ffunction-sections -fdata-sections -Wall -fstack-usage -fcyclomatic-complexity -MMD -MP -MF"Core/Src/main.d" -MT"Core/Src/main.o" --specs=nano.specs -mfpu=fpv4-sp-d16 -mfloat-abi=hard -mthumb -o "Core/Src/main.o"
../Core/Src/main.c: In function 'main':
../Core/Src/main.c:122:27: warning: implicit declaration of function 'sprintf' [-Wimplicit-function-declaration]
  122 |                 int len = sprintf(msg, "Pressure: %u\r\n", pressure_counts);
      |                           ^~~~~~~
../Core/Src/main.c:21:1: note: include '<stdio.h>' or provide a declaration of 'sprintf'
   20 | #include "main.h"
  +++ |+#include <stdio.h>
   21 | 
../Core/Src/main.c:122:27: warning: incompatible implicit declaration of built-in function 'sprintf' [-Wbuiltin-declaration-mismatch]
  122 |                 int len = sprintf(msg, "Pressure: %u\r\n", pressure_counts);
      |                           ^~~~~~~
../Core/Src/main.c:122:27: note: include '<stdio.h>' or provide a declaration of 'sprintf'
../Core/Src/main.c:125:36: error: 'huart' undeclared (first use in this function); did you mean 'huart1'?
  125 |                 HAL_UART_Transmit(&huart, (uint8_t*)msg,2,100);
      |                                    ^~~~~
      |                                    huart1
../Core/Src/main.c:125:36: note: each undeclared identifier is reported only once for each function it appears in
../Core/Src/main.c:122:21: warning: unused variable 'len' [-Wunused-variable]
  122 |                 int len = sprintf(msg, "Pressure: %u\r\n", pressure_counts);
      |                     ^~~
make: *** [Core/Src/subdir.mk:34: Core/Src/main.o] Error 1
"make -j7 all" terminated with exit code 2. Build might be incomplete.
19:30:12 **** Incremental Build of configuration Debug for project wheelsboard ****
make -j7 all 
arm-none-eabi-gcc "../Core/Src/main.c" -mcpu=cortex-m4 -std=gnu11 -g3 -DDEBUG -DUSE_HAL_DRIVER -DSTM32L431xx -c -I../Core/Inc -I../Drivers/STM32L4xx_HAL_Driver/Inc -I../Drivers/STM32L4xx_HAL_Driver/Inc/Legacy -I../Drivers/CMSIS/Device/ST/STM32L4xx/Include -I../Drivers/CMSIS/Include -O0 -ffunction-sections -fdata-sections -Wall -fstack-usage -fcyclomatic-complexity -MMD -MP -MF"Core/Src/main.d" -MT"Core/Src/main.o" --specs=nano.specs -mfpu=fpv4-sp-d16 -mfloat-abi=hard -mthumb -o "Core/Src/main.o"
../Core/Src/main.c: In function 'main':
../Core/Src/main.c:122:27: warning: implicit declaration of function 'sprintf' [-Wimplicit-function-declaration]
  122 |                 int len = sprintf(msg, "Pressure: %u\r\n", pressure_counts);
      |                           ^~~~~~~
../Core/Src/main.c:21:1: note: include '<stdio.h>' or provide a declaration of 'sprintf'
   20 | #include "main.h"
  +++ |+#include <stdio.h>
   21 | 
../Core/Src/main.c:122:27: warning: incompatible implicit declaration of built-in function 'sprintf' [-Wbuiltin-declaration-mismatch]
  122 |                 int len = sprintf(msg, "Pressure: %u\r\n", pressure_counts);
      |                           ^~~~~~~
../Core/Src/main.c:122:27: note: include '<stdio.h>' or provide a declaration of 'sprintf'
../Core/Src/main.c:125:36: error: 'huart' undeclared (first use in this function); did you mean 'huart1'?
  125 |                 HAL_UART_Transmit(&huart, (uint8_t*)msg,len,100);
      |                                    ^~~~~
      |                                    huart1
../Core/Src/main.c:125:36: note: each undeclared identifier is reported only once for each function it appears in
make: *** [Core/Src/subdir.mk:34: Core/Src/main.o] Error 1
"make -j7 all" terminated with exit code 2. Build might be incomplete.
19:30:23 **** Incremental Build of configuration Debug for project wheelsboard ****
make -j7 all 
arm-none-eabi-gcc "../Core/Src/main.c" -mcpu=cortex-m4 -std=gnu11 -g3 -DDEBUG -DUSE_HAL_DRIVER -DSTM32L431xx -c -I../Core/Inc -I../Drivers/STM32L4xx_HAL_Driver/Inc -I../Drivers/STM32L4xx_HAL_Driver/Inc/Legacy -I../Drivers/CMSIS/Device/ST/STM32L4xx/Include -I../Drivers/CMSIS/Include -O0 -ffunction-sections -fdata-sections -Wall -fstack-usage -fcyclomatic-complexity -MMD -MP -MF"Core/Src/main.d" -MT"Core/Src/main.o" --specs=nano.specs -mfpu=fpv4-sp-d16 -mfloat-abi=hard -mthumb -o "Core/Src/main.o"
../Core/Src/main.c: In function 'main':
../Core/Src/main.c:122:27: warning: implicit declaration of function 'sprintf' [-Wimplicit-function-declaration]
  122 |                 int len = sprintf(msg, "Pressure: %u\r\n", pressure_counts);
      |                           ^~~~~~~
../Core/Src/main.c:21:1: note: include '<stdio.h>' or provide a declaration of 'sprintf'
   20 | #include "main.h"
  +++ |+#include <stdio.h>
   21 | 
../Core/Src/main.c:122:27: warning: incompatible implicit declaration of built-in function 'sprintf' [-Wbuiltin-declaration-mismatch]
  122 |                 int len = sprintf(msg, "Pressure: %u\r\n", pressure_counts);
      |                           ^~~~~~~
../Core/Src/main.c:122:27: note: include '<stdio.h>' or provide a declaration of 'sprintf'
arm-none-eabi-gcc -o "wheelsboard.elf" @"objects.list"   -mcpu=cortex-m4 -T"/Users/karthikkurapati/LHR/VCAT-WheelsSensor/firmware/wheelsboard/STM32L431CBTX_FLASH.ld" --specs=nosys.specs -Wl,-Map="wheelsboard.map" -Wl,--gc-sections -static --specs=nano.specs -mfpu=fpv4-sp-d16 -mfloat-abi=hard -mthumb -Wl,--start-group -lc -lm -Wl,--end-group
Finished building target: wheelsboard.elf
 
arm-none-eabi-size  wheelsboard.elf 
arm-none-eabi-objdump -h -S wheelsboard.elf  > "wheelsboard.list"
   text	   data	    bss	    dec	    hex	filename
  17056	     92	   2124	  19272	   4b48	wheelsboard.elf
Finished building: default.size.stdout
 
Finished building: wheelsboard.list
 
19:31:23 **** Incremental Build of configuration Debug for project wheelsboard ****
make -j7 all 
arm-none-eabi-size  wheelsboard.elf 
   text	   data	    bss	    dec	    hex	filename
  17056	     92	   2124	  19272	   4b48	wheelsboard.elf
Finished building: default.size.stdout
 
19:35:35 **** Incremental Build of configuration Debug for project wheelsboard ****
make -j7 all 
arm-none-eabi-gcc "../Core/Src/main.c" -mcpu=cortex-m4 -std=gnu11 -g3 -DDEBUG -DUSE_HAL_DRIVER -DSTM32L431xx -c -I../Core/Inc -I../Drivers/STM32L4xx_HAL_Driver/Inc -I../Drivers/STM32L4xx_HAL_Driver/Inc/Legacy -I../Drivers/CMSIS/Device/ST/STM32L4xx/Include -I../Drivers/CMSIS/Include -O0 -ffunction-sections -fdata-sections -Wall -fstack-usage -fcyclomatic-complexity -MMD -MP -MF"Core/Src/main.d" -MT"Core/Src/main.o" --specs=nano.specs -mfpu=fpv4-sp-d16 -mfloat-abi=hard -mthumb -o "Core/Src/main.o"
../Core/Src/main.c: In function 'main':
../Core/Src/main.c:122:27: warning: implicit declaration of function 'sprintf' [-Wimplicit-function-declaration]
  122 |                 int len = sprintf(msg, "Pressure: %u\r\n", pressure_counts);
      |                           ^~~~~~~
../Core/Src/main.c:21:1: note: include '<stdio.h>' or provide a declaration of 'sprintf'
   20 | #include "main.h"
  +++ |+#include <stdio.h>
   21 | 
../Core/Src/main.c:122:27: warning: incompatible implicit declaration of built-in function 'sprintf' [-Wbuiltin-declaration-mismatch]
  122 |                 int len = sprintf(msg, "Pressure: %u\r\n", pressure_counts);
      |                           ^~~~~~~
../Core/Src/main.c:122:27: note: include '<stdio.h>' or provide a declaration of 'sprintf'
arm-none-eabi-gcc -o "wheelsboard.elf" @"objects.list"   -mcpu=cortex-m4 -T"/Users/karthikkurapati/LHR/VCAT-WheelsSensor/firmware/wheelsboard/STM32L431CBTX_FLASH.ld" --specs=nosys.specs -Wl,-Map="wheelsboard.map" -Wl,--gc-sections -static --specs=nano.specs -mfpu=fpv4-sp-d16 -mfloat-abi=hard -mthumb -Wl,--start-group -lc -lm -Wl,--end-group
Finished building target: wheelsboard.elf
 
arm-none-eabi-size  wheelsboard.elf 
arm-none-eabi-objdump -h -S wheelsboard.elf  > "wheelsboard.list"
   text	   data	    bss	    dec	    hex	filename
  17056	     92	   2124	  19272	   4b48	wheelsboard.elf
Finished building: default.size.stdout
 
Finished building: wheelsboard.list
 
19:36:49 **** Incremental Build of configuration Debug for project wheelsboard ****
make -j7 all 
arm-none-eabi-gcc "../Core/Src/main.c" -mcpu=cortex-m4 -std=gnu11 -g3 -DDEBUG -DUSE_HAL_DRIVER -DSTM32L431xx -c -I../Core/Inc -I../Drivers/STM32L4xx_HAL_Driver/Inc -I../Drivers/STM32L4xx_HAL_Driver/Inc/Legacy -I../Drivers/CMSIS/Device/ST/STM32L4xx/Include -I../Drivers/CMSIS/Include -O0 -ffunction-sections -fdata-sections -Wall -fstack-usage -fcyclomatic-complexity -MMD -MP -MF"Core/Src/main.d" -MT"Core/Src/main.o" --specs=nano.specs -mfpu=fpv4-sp-d16 -mfloat-abi=hard -mthumb -o "Core/Src/main.o"
arm-none-eabi-gcc -o "wheelsboard.elf" @"objects.list"   -mcpu=cortex-m4 -T"/Users/karthikkurapati/LHR/VCAT-WheelsSensor/firmware/wheelsboard/STM32L431CBTX_FLASH.ld" --specs=nosys.specs -Wl,-Map="wheelsboard.map" -Wl,--gc-sections -static --specs=nano.specs -mfpu=fpv4-sp-d16 -mfloat-abi=hard -mthumb -Wl,--start-group -lc -lm -Wl,--end-group
Finished building target: wheelsboard.elf
 
arm-none-eabi-size  wheelsboard.elf 
arm-none-eabi-objdump -h -S wheelsboard.elf  > "wheelsboard.list"
   text	   data	    bss	    dec	    hex	filename
  17056	     92	   2124	  19272	   4b48	wheelsboard.elf
Finished building: default.size.stdout
 
Finished building: wheelsboard.list
 
16:43:02 **** Incremental Build of configuration Debug for project wheelsboard ****
make -j7 all 
arm-none-eabi-gcc "../Core/Src/main.c" -mcpu=cortex-m4 -std=gnu11 -g3 -DDEBUG -DUSE_HAL_DRIVER -DSTM32L431xx -c -I../Core/Inc -I../Drivers/STM32L4xx_HAL_Driver/Inc -I../Drivers/STM32L4xx_HAL_Driver/Inc/Legacy -I../Drivers/CMSIS/Device/ST/STM32L4xx/Include -I../Drivers/CMSIS/Include -O0 -ffunction-sections -fdata-sections -Wall -fstack-usage -fcyclomatic-complexity -MMD -MP -MF"Core/Src/main.d" -MT"Core/Src/main.o" --specs=nano.specs -mfpu=fpv4-sp-d16 -mfloat-abi=hard -mthumb -o "Core/Src/main.o"
arm-none-eabi-gcc -o "wheelsboard.elf" @"objects.list"   -mcpu=cortex-m4 -T"/Users/karthikkurapati/LHR/VCAT-WheelsSensor/firmware/wheelsboard/STM32L431CBTX_FLASH.ld" --specs=nosys.specs -Wl,-Map="wheelsboard.map" -Wl,--gc-sections -static --specs=nano.specs -mfpu=fpv4-sp-d16 -mfloat-abi=hard -mthumb -Wl,--start-group -lc -lm -Wl,--end-group
Finished building target: wheelsboard.elf
 
arm-none-eabi-size  wheelsboard.elf 
arm-none-eabi-objdump -h -S wheelsboard.elf  > "wheelsboard.list"
   text	   data	    bss	    dec	    hex	filename
  17056	     92	   2124	  19272	   4b48	wheelsboard.elf
Finished building: default.size.stdout
 
Finished building: wheelsboard.list
 
16:46:54 **** Incremental Build of configuration Debug for project wheelsboard ****
make -j7 all 
arm-none-eabi-gcc "../Drivers/STM32L4xx_HAL_Driver/Src/stm32l4xx_hal.c" -mcpu=cortex-m4 -std=gnu11 -g3 -DDEBUG -DUSE_HAL_DRIVER -DSTM32L431xx -c -I../Core/Inc -I../Drivers/STM32L4xx_HAL_Driver/Inc -I../Drivers/STM32L4xx_HAL_Driver/Inc/Legacy -I../Drivers/CMSIS/Device/ST/STM32L4xx/Include -I../Drivers/CMSIS/Include -O0 -ffunction-sections -fdata-sections -Wall -fstack-usage -fcyclomatic-complexity -MMD -MP -MF"Drivers/STM32L4xx_HAL_Driver/Src/stm32l4xx_hal.d" -MT"Drivers/STM32L4xx_HAL_Driver/Src/stm32l4xx_hal.o" --specs=nano.specs -mfpu=fpv4-sp-d16 -mfloat-abi=hard -mthumb -o "Drivers/STM32L4xx_HAL_Driver/Src/stm32l4xx_hal.o"
arm-none-eabi-gcc "../Drivers/STM32L4xx_HAL_Driver/Src/stm32l4xx_hal_cortex.c" -mcpu=cortex-m4 -std=gnu11 -g3 -DDEBUG -DUSE_HAL_DRIVER -DSTM32L431xx -c -I../Core/Inc -I../Drivers/STM32L4xx_HAL_Driver/Inc -I../Drivers/STM32L4xx_HAL_Driver/Inc/Legacy -I../Drivers/CMSIS/Device/ST/STM32L4xx/Include -I../Drivers/CMSIS/Include -O0 -ffunction-sections -fdata-sections -Wall -fstack-usage -fcyclomatic-complexity -MMD -MP -MF"Drivers/STM32L4xx_HAL_Driver/Src/stm32l4xx_hal_cortex.d" -MT"Drivers/STM32L4xx_HAL_Driver/Src/stm32l4xx_hal_cortex.o" --specs=nano.specs -mfpu=fpv4-sp-d16 -mfloat-abi=hard -mthumb -o "Drivers/STM32L4xx_HAL_Driver/Src/stm32l4xx_hal_cortex.o"
arm-none-eabi-gcc "../Drivers/STM32L4xx_HAL_Driver/Src/stm32l4xx_hal_dma.c" -mcpu=cortex-m4 -std=gnu11 -g3 -DDEBUG -DUSE_HAL_DRIVER -DSTM32L431xx -c -I../Core/Inc -I../Drivers/STM32L4xx_HAL_Driver/Inc -I../Drivers/STM32L4xx_HAL_Driver/Inc/Legacy -I../Drivers/CMSIS/Device/ST/STM32L4xx/Include -I../Drivers/CMSIS/Include -O0 -ffunction-sections -fdata-sections -Wall -fstack-usage -fcyclomatic-complexity -MMD -MP -MF"Drivers/STM32L4xx_HAL_Driver/Src/stm32l4xx_hal_dma.d" -MT"Drivers/STM32L4xx_HAL_Driver/Src/stm32l4xx_hal_dma.o" --specs=nano.specs -mfpu=fpv4-sp-d16 -mfloat-abi=hard -mthumb -o "Drivers/STM32L4xx_HAL_Driver/Src/stm32l4xx_hal_dma.o"
arm-none-eabi-gcc "../Drivers/STM32L4xx_HAL_Driver/Src/stm32l4xx_hal_dma_ex.c" -mcpu=cortex-m4 -std=gnu11 -g3 -DDEBUG -DUSE_HAL_DRIVER -DSTM32L431xx -c -I../Core/Inc -I../Drivers/STM32L4xx_HAL_Driver/Inc -I../Drivers/STM32L4xx_HAL_Driver/Inc/Legacy -I../Drivers/CMSIS/Device/ST/STM32L4xx/Include -I../Drivers/CMSIS/Include -O0 -ffunction-sections -fdata-sections -Wall -fstack-usage -fcyclomatic-complexity -MMD -MP -MF"Drivers/STM32L4xx_HAL_Driver/Src/stm32l4xx_hal_dma_ex.d" -MT"Drivers/STM32L4xx_HAL_Driver/Src/stm32l4xx_hal_dma_ex.o" --specs=nano.specs -mfpu=fpv4-sp-d16 -mfloat-abi=hard -mthumb -o "Drivers/STM32L4xx_HAL_Driver/Src/stm32l4xx_hal_dma_ex.o"
arm-none-eabi-gcc "../Drivers/STM32L4xx_HAL_Driver/Src/stm32l4xx_hal_exti.c" -mcpu=cortex-m4 -std=gnu11 -g3 -DDEBUG -DUSE_HAL_DRIVER -DSTM32L431xx -c -I../Core/Inc -I../Drivers/STM32L4xx_HAL_Driver/Inc -I../Drivers/STM32L4xx_HAL_Driver/Inc/Legacy -I../Drivers/CMSIS/Device/ST/STM32L4xx/Include -I../Drivers/CMSIS/Include -O0 -ffunction-sections -fdata-sections -Wall -fstack-usage -fcyclomatic-complexity -MMD -MP -MF"Drivers/STM32L4xx_HAL_Driver/Src/stm32l4xx_hal_exti.d" -MT"Drivers/STM32L4xx_HAL_Driver/Src/stm32l4xx_hal_exti.o" --specs=nano.specs -mfpu=fpv4-sp-d16 -mfloat-abi=hard -mthumb -o "Drivers/STM32L4xx_HAL_Driver/Src/stm32l4xx_hal_exti.o"
arm-none-eabi-gcc "../Drivers/STM32L4xx_HAL_Driver/Src/stm32l4xx_hal_flash.c" -mcpu=cortex-m4 -std=gnu11 -g3 -DDEBUG -DUSE_HAL_DRIVER -DSTM32L431xx -c -I../Core/Inc -I../Drivers/STM32L4xx_HAL_Driver/Inc -I../Drivers/STM32L4xx_HAL_Driver/Inc/Legacy -I../Drivers/CMSIS/Device/ST/STM32L4xx/Include -I../Drivers/CMSIS/Include -O0 -ffunction-sections -fdata-sections -Wall -fstack-usage -fcyclomatic-complexity -MMD -MP -MF"Drivers/STM32L4xx_HAL_Driver/Src/stm32l4xx_hal_flash.d" -MT"Drivers/STM32L4xx_HAL_Driver/Src/stm32l4xx_hal_flash.o" --specs=nano.specs -mfpu=fpv4-sp-d16 -mfloat-abi=hard -mthumb -o "Drivers/STM32L4xx_HAL_Driver/Src/stm32l4xx_hal_flash.o"
arm-none-eabi-gcc "../Drivers/STM32L4xx_HAL_Driver/Src/stm32l4xx_hal_flash_ex.c" -mcpu=cortex-m4 -std=gnu11 -g3 -DDEBUG -DUSE_HAL_DRIVER -DSTM32L431xx -c -I../Core/Inc -I../Drivers/STM32L4xx_HAL_Driver/Inc -I../Drivers/STM32L4xx_HAL_Driver/Inc/Legacy -I../Drivers/CMSIS/Device/ST/STM32L4xx/Include -I../Drivers/CMSIS/Include -O0 -ffunction-sections -fdata-sections -Wall -fstack-usage -fcyclomatic-complexity -MMD -MP -MF"Drivers/STM32L4xx_HAL_Driver/Src/stm32l4xx_hal_flash_ex.d" -MT"Drivers/STM32L4xx_HAL_Driver/Src/stm32l4xx_hal_flash_ex.o" --specs=nano.specs -mfpu=fpv4-sp-d16 -mfloat-abi=hard -mthumb -o "Drivers/STM32L4xx_HAL_Driver/Src/stm32l4xx_hal_flash_ex.o"
arm-none-eabi-gcc "../Drivers/STM32L4xx_HAL_Driver/Src/stm32l4xx_hal_flash_ramfunc.c" -mcpu=cortex-m4 -std=gnu11 -g3 -DDEBUG -DUSE_HAL_DRIVER -DSTM32L431xx -c -I../Core/Inc -I../Drivers/STM32L4xx_HAL_Driver/Inc -I../Drivers/STM32L4xx_HAL_Driver/Inc/Legacy -I../Drivers/CMSIS/Device/ST/STM32L4xx/Include -I../Drivers/CMSIS/Include -O0 -ffunction-sections -fdata-sections -Wall -fstack-usage -fcyclomatic-complexity -MMD -MP -MF"Drivers/STM32L4xx_HAL_Driver/Src/stm32l4xx_hal_flash_ramfunc.d" -MT"Drivers/STM32L4xx_HAL_Driver/Src/stm32l4xx_hal_flash_ramfunc.o" --specs=nano.specs -mfpu=fpv4-sp-d16 -mfloat-abi=hard -mthumb -o "Drivers/STM32L4xx_HAL_Driver/Src/stm32l4xx_hal_flash_ramfunc.o"
arm-none-eabi-gcc "../Drivers/STM32L4xx_HAL_Driver/Src/stm32l4xx_hal_gpio.c" -mcpu=cortex-m4 -std=gnu11 -g3 -DDEBUG -DUSE_HAL_DRIVER -DSTM32L431xx -c -I../Core/Inc -I../Drivers/STM32L4xx_HAL_Driver/Inc -I../Drivers/STM32L4xx_HAL_Driver/Inc/Legacy -I../Drivers/CMSIS/Device/ST/STM32L4xx/Include -I../Drivers/CMSIS/Include -O0 -ffunction-sections -fdata-sections -Wall -fstack-usage -fcyclomatic-complexity -MMD -MP -MF"Drivers/STM32L4xx_HAL_Driver/Src/stm32l4xx_hal_gpio.d" -MT"Drivers/STM32L4xx_HAL_Driver/Src/stm32l4xx_hal_gpio.o" --specs=nano.specs -mfpu=fpv4-sp-d16 -mfloat-abi=hard -mthumb -o "Drivers/STM32L4xx_HAL_Driver/Src/stm32l4xx_hal_gpio.o"
arm-none-eabi-gcc "../Drivers/STM32L4xx_HAL_Driver/Src/stm32l4xx_hal_i2c.c" -mcpu=cortex-m4 -std=gnu11 -g3 -DDEBUG -DUSE_HAL_DRIVER -DSTM32L431xx -c -I../Core/Inc -I../Drivers/STM32L4xx_HAL_Driver/Inc -I../Drivers/STM32L4xx_HAL_Driver/Inc/Legacy -I../Drivers/CMSIS/Device/ST/STM32L4xx/Include -I../Drivers/CMSIS/Include -O0 -ffunction-sections -fdata-sections -Wall -fstack-usage -fcyclomatic-complexity -MMD -MP -MF"Drivers/STM32L4xx_HAL_Driver/Src/stm32l4xx_hal_i2c.d" -MT"Drivers/STM32L4xx_HAL_Driver/Src/stm32l4xx_hal_i2c.o" --specs=nano.specs -mfpu=fpv4-sp-d16 -mfloat-abi=hard -mthumb -o "Drivers/STM32L4xx_HAL_Driver/Src/stm32l4xx_hal_i2c.o"
arm-none-eabi-gcc "../Drivers/STM32L4xx_HAL_Driver/Src/stm32l4xx_hal_i2c_ex.c" -mcpu=cortex-m4 -std=gnu11 -g3 -DDEBUG -DUSE_HAL_DRIVER -DSTM32L431xx -c -I../Core/Inc -I../Drivers/STM32L4xx_HAL_Driver/Inc -I../Drivers/STM32L4xx_HAL_Driver/Inc/Legacy -I../Drivers/CMSIS/Device/ST/STM32L4xx/Include -I../Drivers/CMSIS/Include -O0 -ffunction-sections -fdata-sections -Wall -fstack-usage -fcyclomatic-complexity -MMD -MP -MF"Drivers/STM32L4xx_HAL_Driver/Src/stm32l4xx_hal_i2c_ex.d" -MT"Drivers/STM32L4xx_HAL_Driver/Src/stm32l4xx_hal_i2c_ex.o" --specs=nano.specs -mfpu=fpv4-sp-d16 -mfloat-abi=hard -mthumb -o "Drivers/STM32L4xx_HAL_Driver/Src/stm32l4xx_hal_i2c_ex.o"
arm-none-eabi-gcc "../Drivers/STM32L4xx_HAL_Driver/Src/stm32l4xx_hal_pwr.c" -mcpu=cortex-m4 -std=gnu11 -g3 -DDEBUG -DUSE_HAL_DRIVER -DSTM32L431xx -c -I../Core/Inc -I../Drivers/STM32L4xx_HAL_Driver/Inc -I../Drivers/STM32L4xx_HAL_Driver/Inc/Legacy -I../Drivers/CMSIS/Device/ST/STM32L4xx/Include -I../Drivers/CMSIS/Include -O0 -ffunction-sections -fdata-sections -Wall -fstack-usage -fcyclomatic-complexity -MMD -MP -MF"Drivers/STM32L4xx_HAL_Driver/Src/stm32l4xx_hal_pwr.d" -MT"Drivers/STM32L4xx_HAL_Driver/Src/stm32l4xx_hal_pwr.o" --specs=nano.specs -mfpu=fpv4-sp-d16 -mfloat-abi=hard -mthumb -o "Drivers/STM32L4xx_HAL_Driver/Src/stm32l4xx_hal_pwr.o"
arm-none-eabi-gcc "../Drivers/STM32L4xx_HAL_Driver/Src/stm32l4xx_hal_pwr_ex.c" -mcpu=cortex-m4 -std=gnu11 -g3 -DDEBUG -DUSE_HAL_DRIVER -DSTM32L431xx -c -I../Core/Inc -I../Drivers/STM32L4xx_HAL_Driver/Inc -I../Drivers/STM32L4xx_HAL_Driver/Inc/Legacy -I../Drivers/CMSIS/Device/ST/STM32L4xx/Include -I../Drivers/CMSIS/Include -O0 -ffunction-sections -fdata-sections -Wall -fstack-usage -fcyclomatic-complexity -MMD -MP -MF"Drivers/STM32L4xx_HAL_Driver/Src/stm32l4xx_hal_pwr_ex.d" -MT"Drivers/STM32L4xx_HAL_Driver/Src/stm32l4xx_hal_pwr_ex.o" --specs=nano.specs -mfpu=fpv4-sp-d16 -mfloat-abi=hard -mthumb -o "Drivers/STM32L4xx_HAL_Driver/Src/stm32l4xx_hal_pwr_ex.o"
arm-none-eabi-gcc "../Drivers/STM32L4xx_HAL_Driver/Src/stm32l4xx_hal_rcc.c" -mcpu=cortex-m4 -std=gnu11 -g3 -DDEBUG -DUSE_HAL_DRIVER -DSTM32L431xx -c -I../Core/Inc -I../Drivers/STM32L4xx_HAL_Driver/Inc -I../Drivers/STM32L4xx_HAL_Driver/Inc/Legacy -I../Drivers/CMSIS/Device/ST/STM32L4xx/Include -I../Drivers/CMSIS/Include -O0 -ffunction-sections -fdata-sections -Wall -fstack-usage -fcyclomatic-complexity -MMD -MP -MF"Drivers/STM32L4xx_HAL_Driver/Src/stm32l4xx_hal_rcc.d" -MT"Drivers/STM32L4xx_HAL_Driver/Src/stm32l4xx_hal_rcc.o" --specs=nano.specs -mfpu=fpv4-sp-d16 -mfloat-abi=hard -mthumb -o "Drivers/STM32L4xx_HAL_Driver/Src/stm32l4xx_hal_rcc.o"
arm-none-eabi-gcc "../Drivers/STM32L4xx_HAL_Driver/Src/stm32l4xx_hal_rcc_ex.c" -mcpu=cortex-m4 -std=gnu11 -g3 -DDEBUG -DUSE_HAL_DRIVER -DSTM32L431xx -c -I../Core/Inc -I../Drivers/STM32L4xx_HAL_Driver/Inc -I../Drivers/STM32L4xx_HAL_Driver/Inc/Legacy -I../Drivers/CMSIS/Device/ST/STM32L4xx/Include -I../Drivers/CMSIS/Include -O0 -ffunction-sections -fdata-sections -Wall -fstack-usage -fcyclomatic-complexity -MMD -MP -MF"Drivers/STM32L4xx_HAL_Driver/Src/stm32l4xx_hal_rcc_ex.d" -MT"Drivers/STM32L4xx_HAL_Driver/Src/stm32l4xx_hal_rcc_ex.o" --specs=nano.specs -mfpu=fpv4-sp-d16 -mfloat-abi=hard -mthumb -o "Drivers/STM32L4xx_HAL_Driver/Src/stm32l4xx_hal_rcc_ex.o"
arm-none-eabi-gcc "../Drivers/STM32L4xx_HAL_Driver/Src/stm32l4xx_hal_uart.c" -mcpu=cortex-m4 -std=gnu11 -g3 -DDEBUG -DUSE_HAL_DRIVER -DSTM32L431xx -c -I../Core/Inc -I../Drivers/STM32L4xx_HAL_Driver/Inc -I../Drivers/STM32L4xx_HAL_Driver/Inc/Legacy -I../Drivers/CMSIS/Device/ST/STM32L4xx/Include -I../Drivers/CMSIS/Include -O0 -ffunction-sections -fdata-sections -Wall -fstack-usage -fcyclomatic-complexity -MMD -MP -MF"Drivers/STM32L4xx_HAL_Driver/Src/stm32l4xx_hal_uart.d" -MT"Drivers/STM32L4xx_HAL_Driver/Src/stm32l4xx_hal_uart.o" --specs=nano.specs -mfpu=fpv4-sp-d16 -mfloat-abi=hard -mthumb -o "Drivers/STM32L4xx_HAL_Driver/Src/stm32l4xx_hal_uart.o"
arm-none-eabi-gcc "../Drivers/STM32L4xx_HAL_Driver/Src/stm32l4xx_hal_uart_ex.c" -mcpu=cortex-m4 -std=gnu11 -g3 -DDEBUG -DUSE_HAL_DRIVER -DSTM32L431xx -c -I../Core/Inc -I../Drivers/STM32L4xx_HAL_Driver/Inc -I../Drivers/STM32L4xx_HAL_Driver/Inc/Legacy -I../Drivers/CMSIS/Device/ST/STM32L4xx/Include -I../Drivers/CMSIS/Include -O0 -ffunction-sections -fdata-sections -Wall -fstack-usage -fcyclomatic-complexity -MMD -MP -MF"Drivers/STM32L4xx_HAL_Driver/Src/stm32l4xx_hal_uart_ex.d" -MT"Drivers/STM32L4xx_HAL_Driver/Src/stm32l4xx_hal_uart_ex.o" --specs=nano.specs -mfpu=fpv4-sp-d16 -mfloat-abi=hard -mthumb -o "Drivers/STM32L4xx_HAL_Driver/Src/stm32l4xx_hal_uart_ex.o"
arm-none-eabi-gcc "../Core/Src/main.c" -mcpu=cortex-m4 -std=gnu11 -g3 -DDEBUG -DUSE_HAL_DRIVER -DSTM32L431xx -c -I../Core/Inc -I../Drivers/STM32L4xx_HAL_Driver/Inc -I../Drivers/STM32L4xx_HAL_Driver/Inc/Legacy -I../Drivers/CMSIS/Device/ST/STM32L4xx/Include -I../Drivers/CMSIS/Include -O0 -ffunction-sections -fdata-sections -Wall -fstack-usage -fcyclomatic-complexity -MMD -MP -MF"Core/Src/main.d" -MT"Core/Src/main.o" --specs=nano.specs -mfpu=fpv4-sp-d16 -mfloat-abi=hard -mthumb -o "Core/Src/main.o"
arm-none-eabi-gcc "../Core/Src/stm32l4xx_hal_msp.c" -mcpu=cortex-m4 -std=gnu11 -g3 -DDEBUG -DUSE_HAL_DRIVER -DSTM32L431xx -c -I../Core/Inc -I../Drivers/STM32L4xx_HAL_Driver/Inc -I../Drivers/STM32L4xx_HAL_Driver/Inc/Legacy -I../Drivers/CMSIS/Device/ST/STM32L4xx/Include -I../Drivers/CMSIS/Include -O0 -ffunction-sections -fdata-sections -Wall -fstack-usage -fcyclomatic-complexity -MMD -MP -MF"Core/Src/stm32l4xx_hal_msp.d" -MT"Core/Src/stm32l4xx_hal_msp.o" --specs=nano.specs -mfpu=fpv4-sp-d16 -mfloat-abi=hard -mthumb -o "Core/Src/stm32l4xx_hal_msp.o"
arm-none-eabi-gcc "../Core/Src/stm32l4xx_it.c" -mcpu=cortex-m4 -std=gnu11 -g3 -DDEBUG -DUSE_HAL_DRIVER -DSTM32L431xx -c -I../Core/Inc -I../Drivers/STM32L4xx_HAL_Driver/Inc -I../Drivers/STM32L4xx_HAL_Driver/Inc/Legacy -I../Drivers/CMSIS/Device/ST/STM32L4xx/Include -I../Drivers/CMSIS/Include -O0 -ffunction-sections -fdata-sections -Wall -fstack-usage -fcyclomatic-complexity -MMD -MP -MF"Core/Src/stm32l4xx_it.d" -MT"Core/Src/stm32l4xx_it.o" --specs=nano.specs -mfpu=fpv4-sp-d16 -mfloat-abi=hard -mthumb -o "Core/Src/stm32l4xx_it.o"
arm-none-eabi-gcc "../Core/Src/system_stm32l4xx.c" -mcpu=cortex-m4 -std=gnu11 -g3 -DDEBUG -DUSE_HAL_DRIVER -DSTM32L431xx -c -I../Core/Inc -I../Drivers/STM32L4xx_HAL_Driver/Inc -I../Drivers/STM32L4xx_HAL_Driver/Inc/Legacy -I../Drivers/CMSIS/Device/ST/STM32L4xx/Include -I../Drivers/CMSIS/Include -O0 -ffunction-sections -fdata-sections -Wall -fstack-usage -fcyclomatic-complexity -MMD -MP -MF"Core/Src/system_stm32l4xx.d" -MT"Core/Src/system_stm32l4xx.o" --specs=nano.specs -mfpu=fpv4-sp-d16 -mfloat-abi=hard -mthumb -o "Core/Src/system_stm32l4xx.o"
../Core/Src/main.c: In function 'main':
../Core/Src/main.c:106:19: warning: unused variable 'data_rx' [-Wunused-variable]
  106 |           uint8_t data_rx[2]; // Buffer to store the 2 bytes from the sensor
      |                   ^~~~~~~
../Core/Src/main.c:70:18: warning: unused variable 'i2c_addr' [-Wunused-variable]
   70 |         uint16_t i2c_addr = 0x28 << 1;
      |                  ^~~~~~~~
arm-none-eabi-gcc -o "wheelsboard.elf" @"objects.list"   -mcpu=cortex-m4 -T"/Users/karthikkurapati/LHR/VCAT-WheelsSensor/firmware/wheelsboard/STM32L431CBTX_FLASH.ld" --specs=nosys.specs -Wl,-Map="wheelsboard.map" -Wl,--gc-sections -static --specs=nano.specs -mfpu=fpv4-sp-d16 -mfloat-abi=hard -mthumb -Wl,--start-group -lc -lm -Wl,--end-group
Finished building target: wheelsboard.elf
 
arm-none-eabi-size  wheelsboard.elf 
arm-none-eabi-objdump -h -S wheelsboard.elf  > "wheelsboard.list"
   text	   data	    bss	    dec	    hex	filename
  11444	     12	   1708	  13164	   336c	wheelsboard.elf
Finished building: default.size.stdout
 
Finished building: wheelsboard.list
 
16:47:05 **** Incremental Build of configuration Debug for project wheelsboard ****
make -j7 all 
arm-none-eabi-gcc "../Core/Src/main.c" -mcpu=cortex-m4 -std=gnu11 -g3 -DDEBUG -DUSE_HAL_DRIVER -DSTM32L431xx -c -I../Core/Inc -I../Drivers/STM32L4xx_HAL_Driver/Inc -I../Drivers/STM32L4xx_HAL_Driver/Inc/Legacy -I../Drivers/CMSIS/Device/ST/STM32L4xx/Include -I../Drivers/CMSIS/Include -O0 -ffunction-sections -fdata-sections -Wall -fstack-usage -fcyclomatic-complexity -MMD -MP -MF"Core/Src/main.d" -MT"Core/Src/main.o" --specs=nano.specs -mfpu=fpv4-sp-d16 -mfloat-abi=hard -mthumb -o "Core/Src/main.o"
../Core/Src/main.c: In function 'main':
../Core/Src/main.c:70:18: warning: unused variable 'i2c_addr' [-Wunused-variable]
   70 |         uint16_t i2c_addr = 0x28 << 1;
      |                  ^~~~~~~~
arm-none-eabi-gcc -o "wheelsboard.elf" @"objects.list"   -mcpu=cortex-m4 -T"/Users/karthikkurapati/LHR/VCAT-WheelsSensor/firmware/wheelsboard/STM32L431CBTX_FLASH.ld" --specs=nosys.specs -Wl,-Map="wheelsboard.map" -Wl,--gc-sections -static --specs=nano.specs -mfpu=fpv4-sp-d16 -mfloat-abi=hard -mthumb -Wl,--start-group -lc -lm -Wl,--end-group
Finished building target: wheelsboard.elf
 
arm-none-eabi-size  wheelsboard.elf 
arm-none-eabi-objdump -h -S wheelsboard.elf  > "wheelsboard.list"
   text	   data	    bss	    dec	    hex	filename
  11444	     12	   1708	  13164	   336c	wheelsboard.elf
Finished building: default.size.stdout
 
Finished building: wheelsboard.list
 
16:47:15 **** Incremental Build of configuration Debug for project wheelsboard ****
make -j7 all 
arm-none-eabi-size  wheelsboard.elf 
   text	   data	    bss	    dec	    hex	filename
  11444	     12	   1708	  13164	   336c	wheelsboard.elf
Finished building: default.size.stdout
 
16:59:40 **** Incremental Build of configuration Debug for project wheelsboard ****
make -j7 all 
arm-none-eabi-gcc "../Drivers/STM32L4xx_HAL_Driver/Src/stm32l4xx_hal.c" -mcpu=cortex-m4 -std=gnu11 -g3 -DDEBUG -DUSE_HAL_DRIVER -DSTM32L431xx -c -I../Core/Inc -I../Drivers/STM32L4xx_HAL_Driver/Inc -I../Drivers/STM32L4xx_HAL_Driver/Inc/Legacy -I../Drivers/CMSIS/Device/ST/STM32L4xx/Include -I../Drivers/CMSIS/Include -O0 -ffunction-sections -fdata-sections -Wall -fstack-usage -fcyclomatic-complexity -MMD -MP -MF"Drivers/STM32L4xx_HAL_Driver/Src/stm32l4xx_hal.d" -MT"Drivers/STM32L4xx_HAL_Driver/Src/stm32l4xx_hal.o" --specs=nano.specs -mfpu=fpv4-sp-d16 -mfloat-abi=hard -mthumb -o "Drivers/STM32L4xx_HAL_Driver/Src/stm32l4xx_hal.o"
arm-none-eabi-gcc "../Drivers/STM32L4xx_HAL_Driver/Src/stm32l4xx_hal_cortex.c" -mcpu=cortex-m4 -std=gnu11 -g3 -DDEBUG -DUSE_HAL_DRIVER -DSTM32L431xx -c -I../Core/Inc -I../Drivers/STM32L4xx_HAL_Driver/Inc -I../Drivers/STM32L4xx_HAL_Driver/Inc/Legacy -I../Drivers/CMSIS/Device/ST/STM32L4xx/Include -I../Drivers/CMSIS/Include -O0 -ffunction-sections -fdata-sections -Wall -fstack-usage -fcyclomatic-complexity -MMD -MP -MF"Drivers/STM32L4xx_HAL_Driver/Src/stm32l4xx_hal_cortex.d" -MT"Drivers/STM32L4xx_HAL_Driver/Src/stm32l4xx_hal_cortex.o" --specs=nano.specs -mfpu=fpv4-sp-d16 -mfloat-abi=hard -mthumb -o "Drivers/STM32L4xx_HAL_Driver/Src/stm32l4xx_hal_cortex.o"
arm-none-eabi-gcc "../Drivers/STM32L4xx_HAL_Driver/Src/stm32l4xx_hal_dma.c" -mcpu=cortex-m4 -std=gnu11 -g3 -DDEBUG -DUSE_HAL_DRIVER -DSTM32L431xx -c -I../Core/Inc -I../Drivers/STM32L4xx_HAL_Driver/Inc -I../Drivers/STM32L4xx_HAL_Driver/Inc/Legacy -I../Drivers/CMSIS/Device/ST/STM32L4xx/Include -I../Drivers/CMSIS/Include -O0 -ffunction-sections -fdata-sections -Wall -fstack-usage -fcyclomatic-complexity -MMD -MP -MF"Drivers/STM32L4xx_HAL_Driver/Src/stm32l4xx_hal_dma.d" -MT"Drivers/STM32L4xx_HAL_Driver/Src/stm32l4xx_hal_dma.o" --specs=nano.specs -mfpu=fpv4-sp-d16 -mfloat-abi=hard -mthumb -o "Drivers/STM32L4xx_HAL_Driver/Src/stm32l4xx_hal_dma.o"
arm-none-eabi-gcc "../Drivers/STM32L4xx_HAL_Driver/Src/stm32l4xx_hal_dma_ex.c" -mcpu=cortex-m4 -std=gnu11 -g3 -DDEBUG -DUSE_HAL_DRIVER -DSTM32L431xx -c -I../Core/Inc -I../Drivers/STM32L4xx_HAL_Driver/Inc -I../Drivers/STM32L4xx_HAL_Driver/Inc/Legacy -I../Drivers/CMSIS/Device/ST/STM32L4xx/Include -I../Drivers/CMSIS/Include -O0 -ffunction-sections -fdata-sections -Wall -fstack-usage -fcyclomatic-complexity -MMD -MP -MF"Drivers/STM32L4xx_HAL_Driver/Src/stm32l4xx_hal_dma_ex.d" -MT"Drivers/STM32L4xx_HAL_Driver/Src/stm32l4xx_hal_dma_ex.o" --specs=nano.specs -mfpu=fpv4-sp-d16 -mfloat-abi=hard -mthumb -o "Drivers/STM32L4xx_HAL_Driver/Src/stm32l4xx_hal_dma_ex.o"
arm-none-eabi-gcc "../Drivers/STM32L4xx_HAL_Driver/Src/stm32l4xx_hal_exti.c" -mcpu=cortex-m4 -std=gnu11 -g3 -DDEBUG -DUSE_HAL_DRIVER -DSTM32L431xx -c -I../Core/Inc -I../Drivers/STM32L4xx_HAL_Driver/Inc -I../Drivers/STM32L4xx_HAL_Driver/Inc/Legacy -I../Drivers/CMSIS/Device/ST/STM32L4xx/Include -I../Drivers/CMSIS/Include -O0 -ffunction-sections -fdata-sections -Wall -fstack-usage -fcyclomatic-complexity -MMD -MP -MF"Drivers/STM32L4xx_HAL_Driver/Src/stm32l4xx_hal_exti.d" -MT"Drivers/STM32L4xx_HAL_Driver/Src/stm32l4xx_hal_exti.o" --specs=nano.specs -mfpu=fpv4-sp-d16 -mfloat-abi=hard -mthumb -o "Drivers/STM32L4xx_HAL_Driver/Src/stm32l4xx_hal_exti.o"
arm-none-eabi-gcc "../Drivers/STM32L4xx_HAL_Driver/Src/stm32l4xx_hal_flash.c" -mcpu=cortex-m4 -std=gnu11 -g3 -DDEBUG -DUSE_HAL_DRIVER -DSTM32L431xx -c -I../Core/Inc -I../Drivers/STM32L4xx_HAL_Driver/Inc -I../Drivers/STM32L4xx_HAL_Driver/Inc/Legacy -I../Drivers/CMSIS/Device/ST/STM32L4xx/Include -I../Drivers/CMSIS/Include -O0 -ffunction-sections -fdata-sections -Wall -fstack-usage -fcyclomatic-complexity -MMD -MP -MF"Drivers/STM32L4xx_HAL_Driver/Src/stm32l4xx_hal_flash.d" -MT"Drivers/STM32L4xx_HAL_Driver/Src/stm32l4xx_hal_flash.o" --specs=nano.specs -mfpu=fpv4-sp-d16 -mfloat-abi=hard -mthumb -o "Drivers/STM32L4xx_HAL_Driver/Src/stm32l4xx_hal_flash.o"
arm-none-eabi-gcc "../Drivers/STM32L4xx_HAL_Driver/Src/stm32l4xx_hal_flash_ex.c" -mcpu=cortex-m4 -std=gnu11 -g3 -DDEBUG -DUSE_HAL_DRIVER -DSTM32L431xx -c -I../Core/Inc -I../Drivers/STM32L4xx_HAL_Driver/Inc -I../Drivers/STM32L4xx_HAL_Driver/Inc/Legacy -I../Drivers/CMSIS/Device/ST/STM32L4xx/Include -I../Drivers/CMSIS/Include -O0 -ffunction-sections -fdata-sections -Wall -fstack-usage -fcyclomatic-complexity -MMD -MP -MF"Drivers/STM32L4xx_HAL_Driver/Src/stm32l4xx_hal_flash_ex.d" -MT"Drivers/STM32L4xx_HAL_Driver/Src/stm32l4xx_hal_flash_ex.o" --specs=nano.specs -mfpu=fpv4-sp-d16 -mfloat-abi=hard -mthumb -o "Drivers/STM32L4xx_HAL_Driver/Src/stm32l4xx_hal_flash_ex.o"
arm-none-eabi-gcc "../Drivers/STM32L4xx_HAL_Driver/Src/stm32l4xx_hal_flash_ramfunc.c" -mcpu=cortex-m4 -std=gnu11 -g3 -DDEBUG -DUSE_HAL_DRIVER -DSTM32L431xx -c -I../Core/Inc -I../Drivers/STM32L4xx_HAL_Driver/Inc -I../Drivers/STM32L4xx_HAL_Driver/Inc/Legacy -I../Drivers/CMSIS/Device/ST/STM32L4xx/Include -I../Drivers/CMSIS/Include -O0 -ffunction-sections -fdata-sections -Wall -fstack-usage -fcyclomatic-complexity -MMD -MP -MF"Drivers/STM32L4xx_HAL_Driver/Src/stm32l4xx_hal_flash_ramfunc.d" -MT"Drivers/STM32L4xx_HAL_Driver/Src/stm32l4xx_hal_flash_ramfunc.o" --specs=nano.specs -mfpu=fpv4-sp-d16 -mfloat-abi=hard -mthumb -o "Drivers/STM32L4xx_HAL_Driver/Src/stm32l4xx_hal_flash_ramfunc.o"
arm-none-eabi-gcc "../Drivers/STM32L4xx_HAL_Driver/Src/stm32l4xx_hal_gpio.c" -mcpu=cortex-m4 -std=gnu11 -g3 -DDEBUG -DUSE_HAL_DRIVER -DSTM32L431xx -c -I../Core/Inc -I../Drivers/STM32L4xx_HAL_Driver/Inc -I../Drivers/STM32L4xx_HAL_Driver/Inc/Legacy -I../Drivers/CMSIS/Device/ST/STM32L4xx/Include -I../Drivers/CMSIS/Include -O0 -ffunction-sections -fdata-sections -Wall -fstack-usage -fcyclomatic-complexity -MMD -MP -MF"Drivers/STM32L4xx_HAL_Driver/Src/stm32l4xx_hal_gpio.d" -MT"Drivers/STM32L4xx_HAL_Driver/Src/stm32l4xx_hal_gpio.o" --specs=nano.specs -mfpu=fpv4-sp-d16 -mfloat-abi=hard -mthumb -o "Drivers/STM32L4xx_HAL_Driver/Src/stm32l4xx_hal_gpio.o"
arm-none-eabi-gcc "../Drivers/STM32L4xx_HAL_Driver/Src/stm32l4xx_hal_i2c.c" -mcpu=cortex-m4 -std=gnu11 -g3 -DDEBUG -DUSE_HAL_DRIVER -DSTM32L431xx -c -I../Core/Inc -I../Drivers/STM32L4xx_HAL_Driver/Inc -I../Drivers/STM32L4xx_HAL_Driver/Inc/Legacy -I../Drivers/CMSIS/Device/ST/STM32L4xx/Include -I../Drivers/CMSIS/Include -O0 -ffunction-sections -fdata-sections -Wall -fstack-usage -fcyclomatic-complexity -MMD -MP -MF"Drivers/STM32L4xx_HAL_Driver/Src/stm32l4xx_hal_i2c.d" -MT"Drivers/STM32L4xx_HAL_Driver/Src/stm32l4xx_hal_i2c.o" --specs=nano.specs -mfpu=fpv4-sp-d16 -mfloat-abi=hard -mthumb -o "Drivers/STM32L4xx_HAL_Driver/Src/stm32l4xx_hal_i2c.o"
arm-none-eabi-gcc "../Drivers/STM32L4xx_HAL_Driver/Src/stm32l4xx_hal_i2c_ex.c" -mcpu=cortex-m4 -std=gnu11 -g3 -DDEBUG -DUSE_HAL_DRIVER -DSTM32L431xx -c -I../Core/Inc -I../Drivers/STM32L4xx_HAL_Driver/Inc -I../Drivers/STM32L4xx_HAL_Driver/Inc/Legacy -I../Drivers/CMSIS/Device/ST/STM32L4xx/Include -I../Drivers/CMSIS/Include -O0 -ffunction-sections -fdata-sections -Wall -fstack-usage -fcyclomatic-complexity -MMD -MP -MF"Drivers/STM32L4xx_HAL_Driver/Src/stm32l4xx_hal_i2c_ex.d" -MT"Drivers/STM32L4xx_HAL_Driver/Src/stm32l4xx_hal_i2c_ex.o" --specs=nano.specs -mfpu=fpv4-sp-d16 -mfloat-abi=hard -mthumb -o "Drivers/STM32L4xx_HAL_Driver/Src/stm32l4xx_hal_i2c_ex.o"
arm-none-eabi-gcc "../Drivers/STM32L4xx_HAL_Driver/Src/stm32l4xx_hal_pwr.c" -mcpu=cortex-m4 -std=gnu11 -g3 -DDEBUG -DUSE_HAL_DRIVER -DSTM32L431xx -c -I../Core/Inc -I../Drivers/STM32L4xx_HAL_Driver/Inc -I../Drivers/STM32L4xx_HAL_Driver/Inc/Legacy -I../Drivers/CMSIS/Device/ST/STM32L4xx/Include -I../Drivers/CMSIS/Include -O0 -ffunction-sections -fdata-sections -Wall -fstack-usage -fcyclomatic-complexity -MMD -MP -MF"Drivers/STM32L4xx_HAL_Driver/Src/stm32l4xx_hal_pwr.d" -MT"Drivers/STM32L4xx_HAL_Driver/Src/stm32l4xx_hal_pwr.o" --specs=nano.specs -mfpu=fpv4-sp-d16 -mfloat-abi=hard -mthumb -o "Drivers/STM32L4xx_HAL_Driver/Src/stm32l4xx_hal_pwr.o"
arm-none-eabi-gcc "../Drivers/STM32L4xx_HAL_Driver/Src/stm32l4xx_hal_pwr_ex.c" -mcpu=cortex-m4 -std=gnu11 -g3 -DDEBUG -DUSE_HAL_DRIVER -DSTM32L431xx -c -I../Core/Inc -I../Drivers/STM32L4xx_HAL_Driver/Inc -I../Drivers/STM32L4xx_HAL_Driver/Inc/Legacy -I../Drivers/CMSIS/Device/ST/STM32L4xx/Include -I../Drivers/CMSIS/Include -O0 -ffunction-sections -fdata-sections -Wall -fstack-usage -fcyclomatic-complexity -MMD -MP -MF"Drivers/STM32L4xx_HAL_Driver/Src/stm32l4xx_hal_pwr_ex.d" -MT"Drivers/STM32L4xx_HAL_Driver/Src/stm32l4xx_hal_pwr_ex.o" --specs=nano.specs -mfpu=fpv4-sp-d16 -mfloat-abi=hard -mthumb -o "Drivers/STM32L4xx_HAL_Driver/Src/stm32l4xx_hal_pwr_ex.o"
arm-none-eabi-gcc "../Drivers/STM32L4xx_HAL_Driver/Src/stm32l4xx_hal_rcc.c" -mcpu=cortex-m4 -std=gnu11 -g3 -DDEBUG -DUSE_HAL_DRIVER -DSTM32L431xx -c -I../Core/Inc -I../Drivers/STM32L4xx_HAL_Driver/Inc -I../Drivers/STM32L4xx_HAL_Driver/Inc/Legacy -I../Drivers/CMSIS/Device/ST/STM32L4xx/Include -I../Drivers/CMSIS/Include -O0 -ffunction-sections -fdata-sections -Wall -fstack-usage -fcyclomatic-complexity -MMD -MP -MF"Drivers/STM32L4xx_HAL_Driver/Src/stm32l4xx_hal_rcc.d" -MT"Drivers/STM32L4xx_HAL_Driver/Src/stm32l4xx_hal_rcc.o" --specs=nano.specs -mfpu=fpv4-sp-d16 -mfloat-abi=hard -mthumb -o "Drivers/STM32L4xx_HAL_Driver/Src/stm32l4xx_hal_rcc.o"
arm-none-eabi-gcc "../Drivers/STM32L4xx_HAL_Driver/Src/stm32l4xx_hal_rcc_ex.c" -mcpu=cortex-m4 -std=gnu11 -g3 -DDEBUG -DUSE_HAL_DRIVER -DSTM32L431xx -c -I../Core/Inc -I../Drivers/STM32L4xx_HAL_Driver/Inc -I../Drivers/STM32L4xx_HAL_Driver/Inc/Legacy -I../Drivers/CMSIS/Device/ST/STM32L4xx/Include -I../Drivers/CMSIS/Include -O0 -ffunction-sections -fdata-sections -Wall -fstack-usage -fcyclomatic-complexity -MMD -MP -MF"Drivers/STM32L4xx_HAL_Driver/Src/stm32l4xx_hal_rcc_ex.d" -MT"Drivers/STM32L4xx_HAL_Driver/Src/stm32l4xx_hal_rcc_ex.o" --specs=nano.specs -mfpu=fpv4-sp-d16 -mfloat-abi=hard -mthumb -o "Drivers/STM32L4xx_HAL_Driver/Src/stm32l4xx_hal_rcc_ex.o"
arm-none-eabi-gcc "../Drivers/STM32L4xx_HAL_Driver/Src/stm32l4xx_hal_uart.c" -mcpu=cortex-m4 -std=gnu11 -g3 -DDEBUG -DUSE_HAL_DRIVER -DSTM32L431xx -c -I../Core/Inc -I../Drivers/STM32L4xx_HAL_Driver/Inc -I../Drivers/STM32L4xx_HAL_Driver/Inc/Legacy -I../Drivers/CMSIS/Device/ST/STM32L4xx/Include -I../Drivers/CMSIS/Include -O0 -ffunction-sections -fdata-sections -Wall -fstack-usage -fcyclomatic-complexity -MMD -MP -MF"Drivers/STM32L4xx_HAL_Driver/Src/stm32l4xx_hal_uart.d" -MT"Drivers/STM32L4xx_HAL_Driver/Src/stm32l4xx_hal_uart.o" --specs=nano.specs -mfpu=fpv4-sp-d16 -mfloat-abi=hard -mthumb -o "Drivers/STM32L4xx_HAL_Driver/Src/stm32l4xx_hal_uart.o"
arm-none-eabi-gcc "../Drivers/STM32L4xx_HAL_Driver/Src/stm32l4xx_hal_uart_ex.c" -mcpu=cortex-m4 -std=gnu11 -g3 -DDEBUG -DUSE_HAL_DRIVER -DSTM32L431xx -c -I../Core/Inc -I../Drivers/STM32L4xx_HAL_Driver/Inc -I../Drivers/STM32L4xx_HAL_Driver/Inc/Legacy -I../Drivers/CMSIS/Device/ST/STM32L4xx/Include -I../Drivers/CMSIS/Include -O0 -ffunction-sections -fdata-sections -Wall -fstack-usage -fcyclomatic-complexity -MMD -MP -MF"Drivers/STM32L4xx_HAL_Driver/Src/stm32l4xx_hal_uart_ex.d" -MT"Drivers/STM32L4xx_HAL_Driver/Src/stm32l4xx_hal_uart_ex.o" --specs=nano.specs -mfpu=fpv4-sp-d16 -mfloat-abi=hard -mthumb -o "Drivers/STM32L4xx_HAL_Driver/Src/stm32l4xx_hal_uart_ex.o"
arm-none-eabi-gcc "../Core/Src/main.c" -mcpu=cortex-m4 -std=gnu11 -g3 -DDEBUG -DUSE_HAL_DRIVER -DSTM32L431xx -c -I../Core/Inc -I../Drivers/STM32L4xx_HAL_Driver/Inc -I../Drivers/STM32L4xx_HAL_Driver/Inc/Legacy -I../Drivers/CMSIS/Device/ST/STM32L4xx/Include -I../Drivers/CMSIS/Include -O0 -ffunction-sections -fdata-sections -Wall -fstack-usage -fcyclomatic-complexity -MMD -MP -MF"Core/Src/main.d" -MT"Core/Src/main.o" --specs=nano.specs -mfpu=fpv4-sp-d16 -mfloat-abi=hard -mthumb -o "Core/Src/main.o"
arm-none-eabi-gcc "../Core/Src/stm32l4xx_hal_msp.c" -mcpu=cortex-m4 -std=gnu11 -g3 -DDEBUG -DUSE_HAL_DRIVER -DSTM32L431xx -c -I../Core/Inc -I../Drivers/STM32L4xx_HAL_Driver/Inc -I../Drivers/STM32L4xx_HAL_Driver/Inc/Legacy -I../Drivers/CMSIS/Device/ST/STM32L4xx/Include -I../Drivers/CMSIS/Include -O0 -ffunction-sections -fdata-sections -Wall -fstack-usage -fcyclomatic-complexity -MMD -MP -MF"Core/Src/stm32l4xx_hal_msp.d" -MT"Core/Src/stm32l4xx_hal_msp.o" --specs=nano.specs -mfpu=fpv4-sp-d16 -mfloat-abi=hard -mthumb -o "Core/Src/stm32l4xx_hal_msp.o"
arm-none-eabi-gcc "../Core/Src/stm32l4xx_it.c" -mcpu=cortex-m4 -std=gnu11 -g3 -DDEBUG -DUSE_HAL_DRIVER -DSTM32L431xx -c -I../Core/Inc -I../Drivers/STM32L4xx_HAL_Driver/Inc -I../Drivers/STM32L4xx_HAL_Driver/Inc/Legacy -I../Drivers/CMSIS/Device/ST/STM32L4xx/Include -I../Drivers/CMSIS/Include -O0 -ffunction-sections -fdata-sections -Wall -fstack-usage -fcyclomatic-complexity -MMD -MP -MF"Core/Src/stm32l4xx_it.d" -MT"Core/Src/stm32l4xx_it.o" --specs=nano.specs -mfpu=fpv4-sp-d16 -mfloat-abi=hard -mthumb -o "Core/Src/stm32l4xx_it.o"
../Core/Src/main.c: In function 'main':
../Core/Src/main.c:73:18: warning: unused variable 'i2c_addr' [-Wunused-variable]
   73 |         uint16_t i2c_addr = 0x28 << 1;
      |                  ^~~~~~~~
arm-none-eabi-gcc "../Core/Src/system_stm32l4xx.c" -mcpu=cortex-m4 -std=gnu11 -g3 -DDEBUG -DUSE_HAL_DRIVER -DSTM32L431xx -c -I../Core/Inc -I../Drivers/STM32L4xx_HAL_Driver/Inc -I../Drivers/STM32L4xx_HAL_Driver/Inc/Legacy -I../Drivers/CMSIS/Device/ST/STM32L4xx/Include -I../Drivers/CMSIS/Include -O0 -ffunction-sections -fdata-sections -Wall -fstack-usage -fcyclomatic-complexity -MMD -MP -MF"Core/Src/system_stm32l4xx.d" -MT"Core/Src/system_stm32l4xx.o" --specs=nano.specs -mfpu=fpv4-sp-d16 -mfloat-abi=hard -mthumb -o "Core/Src/system_stm32l4xx.o"
arm-none-eabi-gcc -o "wheelsboard.elf" @"objects.list"   -mcpu=cortex-m4 -T"/Users/karthikkurapati/LHR/VCAT-WheelsSensor/firmware/wheelsboard/STM32L431CBTX_FLASH.ld" --specs=nosys.specs -Wl,-Map="wheelsboard.map" -Wl,--gc-sections -static --specs=nano.specs -mfpu=fpv4-sp-d16 -mfloat-abi=hard -mthumb -Wl,--start-group -lc -lm -Wl,--end-group
Finished building target: wheelsboard.elf
 
arm-none-eabi-size  wheelsboard.elf 
arm-none-eabi-objdump -h -S wheelsboard.elf  > "wheelsboard.list"
   text	   data	    bss	    dec	    hex	filename
  13568	     12	   1788	  15368	   3c08	wheelsboard.elf
Finished building: default.size.stdout
 
Finished building: wheelsboard.list
 
16:59:54 **** Incremental Build of configuration Debug for project wheelsboard ****
make -j7 all 
arm-none-eabi-gcc "../Core/Src/main.c" -mcpu=cortex-m4 -std=gnu11 -g3 -DDEBUG -DUSE_HAL_DRIVER -DSTM32L431xx -c -I../Core/Inc -I../Drivers/STM32L4xx_HAL_Driver/Inc -I../Drivers/STM32L4xx_HAL_Driver/Inc/Legacy -I../Drivers/CMSIS/Device/ST/STM32L4xx/Include -I../Drivers/CMSIS/Include -O0 -ffunction-sections -fdata-sections -Wall -fstack-usage -fcyclomatic-complexity -MMD -MP -MF"Core/Src/main.d" -MT"Core/Src/main.o" --specs=nano.specs -mfpu=fpv4-sp-d16 -mfloat-abi=hard -mthumb -o "Core/Src/main.o"
arm-none-eabi-gcc -o "wheelsboard.elf" @"objects.list"   -mcpu=cortex-m4 -T"/Users/karthikkurapati/LHR/VCAT-WheelsSensor/firmware/wheelsboard/STM32L431CBTX_FLASH.ld" --specs=nosys.specs -Wl,-Map="wheelsboard.map" -Wl,--gc-sections -static --specs=nano.specs -mfpu=fpv4-sp-d16 -mfloat-abi=hard -mthumb -Wl,--start-group -lc -lm -Wl,--end-group
Finished building target: wheelsboard.elf
 
arm-none-eabi-size  wheelsboard.elf 
arm-none-eabi-objdump -h -S wheelsboard.elf  > "wheelsboard.list"
   text	   data	    bss	    dec	    hex	filename
  13564	     12	   1788	  15364	   3c04	wheelsboard.elf
Finished building: default.size.stdout
 
Finished building: wheelsboard.list
 
17:00:31 **** Incremental Build of configuration Debug for project wheelsboard ****
make -j7 all 
arm-none-eabi-size  wheelsboard.elf 
   text	   data	    bss	    dec	    hex	filename
  13564	     12	   1788	  15364	   3c04	wheelsboard.elf
Finished building: default.size.stdout
 
17:05:29 **** Incremental Build of configuration Debug for project wheelsboard ****
make -j7 all 
arm-none-eabi-gcc "../Core/Src/main.c" -mcpu=cortex-m4 -std=gnu11 -g3 -DDEBUG -DUSE_HAL_DRIVER -DSTM32L431xx -c -I../Core/Inc -I../Drivers/STM32L4xx_HAL_Driver/Inc -I../Drivers/STM32L4xx_HAL_Driver/Inc/Legacy -I../Drivers/CMSIS/Device/ST/STM32L4xx/Include -I../Drivers/CMSIS/Include -O0 -ffunction-sections -fdata-sections -Wall -fstack-usage -fcyclomatic-complexity -MMD -MP -MF"Core/Src/main.d" -MT"Core/Src/main.o" --specs=nano.specs -mfpu=fpv4-sp-d16 -mfloat-abi=hard -mthumb -o "Core/Src/main.o"
arm-none-eabi-gcc -o "wheelsboard.elf" @"objects.list"   -mcpu=cortex-m4 -T"/Users/karthikkurapati/LHR/VCAT-WheelsSensor/firmware/wheelsboard/STM32L431CBTX_FLASH.ld" --specs=nosys.specs -Wl,-Map="wheelsboard.map" -Wl,--gc-sections -static --specs=nano.specs -mfpu=fpv4-sp-d16 -mfloat-abi=hard -mthumb -Wl,--start-group -lc -lm -Wl,--end-group
Finished building target: wheelsboard.elf
 
arm-none-eabi-size  wheelsboard.elf 
arm-none-eabi-objdump -h -S wheelsboard.elf  > "wheelsboard.list"
   text	   data	    bss	    dec	    hex	filename
  13564	     12	   1788	  15364	   3c04	wheelsboard.elf
Finished building: default.size.stdout
 
Finished building: wheelsboard.list
 
17:14:08 **** Incremental Build of configuration Debug for project wheelsboard ****
make -j7 all 
arm-none-eabi-gcc "../Core/Src/main.c" -mcpu=cortex-m4 -std=gnu11 -g3 -DDEBUG -DUSE_HAL_DRIVER -DSTM32L431xx -c -I../Core/Inc -I../Drivers/STM32L4xx_HAL_Driver/Inc -I../Drivers/STM32L4xx_HAL_Driver/Inc/Legacy -I../Drivers/CMSIS/Device/ST/STM32L4xx/Include -I../Drivers/CMSIS/Include -O0 -ffunction-sections -fdata-sections -Wall -fstack-usage -fcyclomatic-complexity -MMD -MP -MF"Core/Src/main.d" -MT"Core/Src/main.o" --specs=nano.specs -mfpu=fpv4-sp-d16 -mfloat-abi=hard -mthumb -o "Core/Src/main.o"
arm-none-eabi-gcc -o "wheelsboard.elf" @"objects.list"   -mcpu=cortex-m4 -T"/Users/karthikkurapati/LHR/VCAT-WheelsSensor/firmware/wheelsboard/STM32L431CBTX_FLASH.ld" --specs=nosys.specs -Wl,-Map="wheelsboard.map" -Wl,--gc-sections -static --specs=nano.specs -mfpu=fpv4-sp-d16 -mfloat-abi=hard -mthumb -Wl,--start-group -lc -lm -Wl,--end-group
Finished building target: wheelsboard.elf
 
arm-none-eabi-size  wheelsboard.elf 
arm-none-eabi-objdump -h -S wheelsboard.elf  > "wheelsboard.list"
   text	   data	    bss	    dec	    hex	filename
  14224	     12	   1788	  16024	   3e98	wheelsboard.elf
Finished building: default.size.stdout
 
Finished building: wheelsboard.list
 
17:18:26 **** Incremental Build of configuration Debug for project wheelsboard ****
make -j7 all 
arm-none-eabi-gcc "../Core/Src/main.c" -mcpu=cortex-m4 -std=gnu11 -g3 -DDEBUG -DUSE_HAL_DRIVER -DSTM32L431xx -c -I../Core/Inc -I../Drivers/STM32L4xx_HAL_Driver/Inc -I../Drivers/STM32L4xx_HAL_Driver/Inc/Legacy -I../Drivers/CMSIS/Device/ST/STM32L4xx/Include -I../Drivers/CMSIS/Include -O0 -ffunction-sections -fdata-sections -Wall -fstack-usage -fcyclomatic-complexity -MMD -MP -MF"Core/Src/main.d" -MT"Core/Src/main.o" --specs=nano.specs -mfpu=fpv4-sp-d16 -mfloat-abi=hard -mthumb -o "Core/Src/main.o"
arm-none-eabi-gcc -o "wheelsboard.elf" @"objects.list"   -mcpu=cortex-m4 -T"/Users/karthikkurapati/LHR/VCAT-WheelsSensor/firmware/wheelsboard/STM32L431CBTX_FLASH.ld" --specs=nosys.specs -Wl,-Map="wheelsboard.map" -Wl,--gc-sections -static --specs=nano.specs -mfpu=fpv4-sp-d16 -mfloat-abi=hard -mthumb -Wl,--start-group -lc -lm -Wl,--end-group
Finished building target: wheelsboard.elf
 
arm-none-eabi-size  wheelsboard.elf 
arm-none-eabi-objdump -h -S wheelsboard.elf  > "wheelsboard.list"
   text	   data	    bss	    dec	    hex	filename
  14220	     12	   1788	  16020	   3e94	wheelsboard.elf
Finished building: default.size.stdout
 
Finished building: wheelsboard.list
 
17:19:44 **** Incremental Build of configuration Debug for project wheelsboard ****
make -j7 all 
arm-none-eabi-gcc "../Core/Src/main.c" -mcpu=cortex-m4 -std=gnu11 -g3 -DDEBUG -DUSE_HAL_DRIVER -DSTM32L431xx -c -I../Core/Inc -I../Drivers/STM32L4xx_HAL_Driver/Inc -I../Drivers/STM32L4xx_HAL_Driver/Inc/Legacy -I../Drivers/CMSIS/Device/ST/STM32L4xx/Include -I../Drivers/CMSIS/Include -O0 -ffunction-sections -fdata-sections -Wall -fstack-usage -fcyclomatic-complexity -MMD -MP -MF"Core/Src/main.d" -MT"Core/Src/main.o" --specs=nano.specs -mfpu=fpv4-sp-d16 -mfloat-abi=hard -mthumb -o "Core/Src/main.o"
arm-none-eabi-gcc -o "wheelsboard.elf" @"objects.list"   -mcpu=cortex-m4 -T"/Users/karthikkurapati/LHR/VCAT-WheelsSensor/firmware/wheelsboard/STM32L431CBTX_FLASH.ld" --specs=nosys.specs -Wl,-Map="wheelsboard.map" -Wl,--gc-sections -static --specs=nano.specs -mfpu=fpv4-sp-d16 -mfloat-abi=hard -mthumb -Wl,--start-group -lc -lm -Wl,--end-group
Finished building target: wheelsboard.elf
 
arm-none-eabi-size  wheelsboard.elf 
arm-none-eabi-objdump -h -S wheelsboard.elf  > "wheelsboard.list"
   text	   data	    bss	    dec	    hex	filename
  14220	     12	   1788	  16020	   3e94	wheelsboard.elf
Finished building: default.size.stdout
 
Finished building: wheelsboard.list
 
11:54:39 **** Incremental Build of configuration Debug for project wheelsboard ****
make -j7 all 
arm-none-eabi-gcc "../Drivers/STM32L4xx_HAL_Driver/Src/stm32l4xx_hal.c" -mcpu=cortex-m4 -std=gnu11 -g3 -DDEBUG -DUSE_HAL_DRIVER -DSTM32L431xx -c -I../Core/Inc -I../Drivers/STM32L4xx_HAL_Driver/Inc -I../Drivers/STM32L4xx_HAL_Driver/Inc/Legacy -I../Drivers/CMSIS/Device/ST/STM32L4xx/Include -I../Drivers/CMSIS/Include -O0 -ffunction-sections -fdata-sections -Wall -fstack-usage -fcyclomatic-complexity -MMD -MP -MF"Drivers/STM32L4xx_HAL_Driver/Src/stm32l4xx_hal.d" -MT"Drivers/STM32L4xx_HAL_Driver/Src/stm32l4xx_hal.o" --specs=nano.specs -mfpu=fpv4-sp-d16 -mfloat-abi=hard -mthumb -o "Drivers/STM32L4xx_HAL_Driver/Src/stm32l4xx_hal.o"
arm-none-eabi-gcc "../Drivers/STM32L4xx_HAL_Driver/Src/stm32l4xx_hal_can.c" -mcpu=cortex-m4 -std=gnu11 -g3 -DDEBUG -DUSE_HAL_DRIVER -DSTM32L431xx -c -I../Core/Inc -I../Drivers/STM32L4xx_HAL_Driver/Inc -I../Drivers/STM32L4xx_HAL_Driver/Inc/Legacy -I../Drivers/CMSIS/Device/ST/STM32L4xx/Include -I../Drivers/CMSIS/Include -O0 -ffunction-sections -fdata-sections -Wall -fstack-usage -fcyclomatic-complexity -MMD -MP -MF"Drivers/STM32L4xx_HAL_Driver/Src/stm32l4xx_hal_can.d" -MT"Drivers/STM32L4xx_HAL_Driver/Src/stm32l4xx_hal_can.o" --specs=nano.specs -mfpu=fpv4-sp-d16 -mfloat-abi=hard -mthumb -o "Drivers/STM32L4xx_HAL_Driver/Src/stm32l4xx_hal_can.o"
arm-none-eabi-gcc "../Drivers/STM32L4xx_HAL_Driver/Src/stm32l4xx_hal_cortex.c" -mcpu=cortex-m4 -std=gnu11 -g3 -DDEBUG -DUSE_HAL_DRIVER -DSTM32L431xx -c -I../Core/Inc -I../Drivers/STM32L4xx_HAL_Driver/Inc -I../Drivers/STM32L4xx_HAL_Driver/Inc/Legacy -I../Drivers/CMSIS/Device/ST/STM32L4xx/Include -I../Drivers/CMSIS/Include -O0 -ffunction-sections -fdata-sections -Wall -fstack-usage -fcyclomatic-complexity -MMD -MP -MF"Drivers/STM32L4xx_HAL_Driver/Src/stm32l4xx_hal_cortex.d" -MT"Drivers/STM32L4xx_HAL_Driver/Src/stm32l4xx_hal_cortex.o" --specs=nano.specs -mfpu=fpv4-sp-d16 -mfloat-abi=hard -mthumb -o "Drivers/STM32L4xx_HAL_Driver/Src/stm32l4xx_hal_cortex.o"
arm-none-eabi-gcc "../Drivers/STM32L4xx_HAL_Driver/Src/stm32l4xx_hal_dma.c" -mcpu=cortex-m4 -std=gnu11 -g3 -DDEBUG -DUSE_HAL_DRIVER -DSTM32L431xx -c -I../Core/Inc -I../Drivers/STM32L4xx_HAL_Driver/Inc -I../Drivers/STM32L4xx_HAL_Driver/Inc/Legacy -I../Drivers/CMSIS/Device/ST/STM32L4xx/Include -I../Drivers/CMSIS/Include -O0 -ffunction-sections -fdata-sections -Wall -fstack-usage -fcyclomatic-complexity -MMD -MP -MF"Drivers/STM32L4xx_HAL_Driver/Src/stm32l4xx_hal_dma.d" -MT"Drivers/STM32L4xx_HAL_Driver/Src/stm32l4xx_hal_dma.o" --specs=nano.specs -mfpu=fpv4-sp-d16 -mfloat-abi=hard -mthumb -o "Drivers/STM32L4xx_HAL_Driver/Src/stm32l4xx_hal_dma.o"
arm-none-eabi-gcc "../Drivers/STM32L4xx_HAL_Driver/Src/stm32l4xx_hal_dma_ex.c" -mcpu=cortex-m4 -std=gnu11 -g3 -DDEBUG -DUSE_HAL_DRIVER -DSTM32L431xx -c -I../Core/Inc -I../Drivers/STM32L4xx_HAL_Driver/Inc -I../Drivers/STM32L4xx_HAL_Driver/Inc/Legacy -I../Drivers/CMSIS/Device/ST/STM32L4xx/Include -I../Drivers/CMSIS/Include -O0 -ffunction-sections -fdata-sections -Wall -fstack-usage -fcyclomatic-complexity -MMD -MP -MF"Drivers/STM32L4xx_HAL_Driver/Src/stm32l4xx_hal_dma_ex.d" -MT"Drivers/STM32L4xx_HAL_Driver/Src/stm32l4xx_hal_dma_ex.o" --specs=nano.specs -mfpu=fpv4-sp-d16 -mfloat-abi=hard -mthumb -o "Drivers/STM32L4xx_HAL_Driver/Src/stm32l4xx_hal_dma_ex.o"
arm-none-eabi-gcc "../Drivers/STM32L4xx_HAL_Driver/Src/stm32l4xx_hal_exti.c" -mcpu=cortex-m4 -std=gnu11 -g3 -DDEBUG -DUSE_HAL_DRIVER -DSTM32L431xx -c -I../Core/Inc -I../Drivers/STM32L4xx_HAL_Driver/Inc -I../Drivers/STM32L4xx_HAL_Driver/Inc/Legacy -I../Drivers/CMSIS/Device/ST/STM32L4xx/Include -I../Drivers/CMSIS/Include -O0 -ffunction-sections -fdata-sections -Wall -fstack-usage -fcyclomatic-complexity -MMD -MP -MF"Drivers/STM32L4xx_HAL_Driver/Src/stm32l4xx_hal_exti.d" -MT"Drivers/STM32L4xx_HAL_Driver/Src/stm32l4xx_hal_exti.o" --specs=nano.specs -mfpu=fpv4-sp-d16 -mfloat-abi=hard -mthumb -o "Drivers/STM32L4xx_HAL_Driver/Src/stm32l4xx_hal_exti.o"
arm-none-eabi-gcc "../Drivers/STM32L4xx_HAL_Driver/Src/stm32l4xx_hal_flash.c" -mcpu=cortex-m4 -std=gnu11 -g3 -DDEBUG -DUSE_HAL_DRIVER -DSTM32L431xx -c -I../Core/Inc -I../Drivers/STM32L4xx_HAL_Driver/Inc -I../Drivers/STM32L4xx_HAL_Driver/Inc/Legacy -I../Drivers/CMSIS/Device/ST/STM32L4xx/Include -I../Drivers/CMSIS/Include -O0 -ffunction-sections -fdata-sections -Wall -fstack-usage -fcyclomatic-complexity -MMD -MP -MF"Drivers/STM32L4xx_HAL_Driver/Src/stm32l4xx_hal_flash.d" -MT"Drivers/STM32L4xx_HAL_Driver/Src/stm32l4xx_hal_flash.o" --specs=nano.specs -mfpu=fpv4-sp-d16 -mfloat-abi=hard -mthumb -o "Drivers/STM32L4xx_HAL_Driver/Src/stm32l4xx_hal_flash.o"
arm-none-eabi-gcc "../Drivers/STM32L4xx_HAL_Driver/Src/stm32l4xx_hal_flash_ex.c" -mcpu=cortex-m4 -std=gnu11 -g3 -DDEBUG -DUSE_HAL_DRIVER -DSTM32L431xx -c -I../Core/Inc -I../Drivers/STM32L4xx_HAL_Driver/Inc -I../Drivers/STM32L4xx_HAL_Driver/Inc/Legacy -I../Drivers/CMSIS/Device/ST/STM32L4xx/Include -I../Drivers/CMSIS/Include -O0 -ffunction-sections -fdata-sections -Wall -fstack-usage -fcyclomatic-complexity -MMD -MP -MF"Drivers/STM32L4xx_HAL_Driver/Src/stm32l4xx_hal_flash_ex.d" -MT"Drivers/STM32L4xx_HAL_Driver/Src/stm32l4xx_hal_flash_ex.o" --specs=nano.specs -mfpu=fpv4-sp-d16 -mfloat-abi=hard -mthumb -o "Drivers/STM32L4xx_HAL_Driver/Src/stm32l4xx_hal_flash_ex.o"
arm-none-eabi-gcc "../Drivers/STM32L4xx_HAL_Driver/Src/stm32l4xx_hal_flash_ramfunc.c" -mcpu=cortex-m4 -std=gnu11 -g3 -DDEBUG -DUSE_HAL_DRIVER -DSTM32L431xx -c -I../Core/Inc -I../Drivers/STM32L4xx_HAL_Driver/Inc -I../Drivers/STM32L4xx_HAL_Driver/Inc/Legacy -I../Drivers/CMSIS/Device/ST/STM32L4xx/Include -I../Drivers/CMSIS/Include -O0 -ffunction-sections -fdata-sections -Wall -fstack-usage -fcyclomatic-complexity -MMD -MP -MF"Drivers/STM32L4xx_HAL_Driver/Src/stm32l4xx_hal_flash_ramfunc.d" -MT"Drivers/STM32L4xx_HAL_Driver/Src/stm32l4xx_hal_flash_ramfunc.o" --specs=nano.specs -mfpu=fpv4-sp-d16 -mfloat-abi=hard -mthumb -o "Drivers/STM32L4xx_HAL_Driver/Src/stm32l4xx_hal_flash_ramfunc.o"
arm-none-eabi-gcc "../Drivers/STM32L4xx_HAL_Driver/Src/stm32l4xx_hal_gpio.c" -mcpu=cortex-m4 -std=gnu11 -g3 -DDEBUG -DUSE_HAL_DRIVER -DSTM32L431xx -c -I../Core/Inc -I../Drivers/STM32L4xx_HAL_Driver/Inc -I../Drivers/STM32L4xx_HAL_Driver/Inc/Legacy -I../Drivers/CMSIS/Device/ST/STM32L4xx/Include -I../Drivers/CMSIS/Include -O0 -ffunction-sections -fdata-sections -Wall -fstack-usage -fcyclomatic-complexity -MMD -MP -MF"Drivers/STM32L4xx_HAL_Driver/Src/stm32l4xx_hal_gpio.d" -MT"Drivers/STM32L4xx_HAL_Driver/Src/stm32l4xx_hal_gpio.o" --specs=nano.specs -mfpu=fpv4-sp-d16 -mfloat-abi=hard -mthumb -o "Drivers/STM32L4xx_HAL_Driver/Src/stm32l4xx_hal_gpio.o"
arm-none-eabi-gcc "../Drivers/STM32L4xx_HAL_Driver/Src/stm32l4xx_hal_i2c.c" -mcpu=cortex-m4 -std=gnu11 -g3 -DDEBUG -DUSE_HAL_DRIVER -DSTM32L431xx -c -I../Core/Inc -I../Drivers/STM32L4xx_HAL_Driver/Inc -I../Drivers/STM32L4xx_HAL_Driver/Inc/Legacy -I../Drivers/CMSIS/Device/ST/STM32L4xx/Include -I../Drivers/CMSIS/Include -O0 -ffunction-sections -fdata-sections -Wall -fstack-usage -fcyclomatic-complexity -MMD -MP -MF"Drivers/STM32L4xx_HAL_Driver/Src/stm32l4xx_hal_i2c.d" -MT"Drivers/STM32L4xx_HAL_Driver/Src/stm32l4xx_hal_i2c.o" --specs=nano.specs -mfpu=fpv4-sp-d16 -mfloat-abi=hard -mthumb -o "Drivers/STM32L4xx_HAL_Driver/Src/stm32l4xx_hal_i2c.o"
arm-none-eabi-gcc "../Drivers/STM32L4xx_HAL_Driver/Src/stm32l4xx_hal_i2c_ex.c" -mcpu=cortex-m4 -std=gnu11 -g3 -DDEBUG -DUSE_HAL_DRIVER -DSTM32L431xx -c -I../Core/Inc -I../Drivers/STM32L4xx_HAL_Driver/Inc -I../Drivers/STM32L4xx_HAL_Driver/Inc/Legacy -I../Drivers/CMSIS/Device/ST/STM32L4xx/Include -I../Drivers/CMSIS/Include -O0 -ffunction-sections -fdata-sections -Wall -fstack-usage -fcyclomatic-complexity -MMD -MP -MF"Drivers/STM32L4xx_HAL_Driver/Src/stm32l4xx_hal_i2c_ex.d" -MT"Drivers/STM32L4xx_HAL_Driver/Src/stm32l4xx_hal_i2c_ex.o" --specs=nano.specs -mfpu=fpv4-sp-d16 -mfloat-abi=hard -mthumb -o "Drivers/STM32L4xx_HAL_Driver/Src/stm32l4xx_hal_i2c_ex.o"
arm-none-eabi-gcc "../Drivers/STM32L4xx_HAL_Driver/Src/stm32l4xx_hal_pwr.c" -mcpu=cortex-m4 -std=gnu11 -g3 -DDEBUG -DUSE_HAL_DRIVER -DSTM32L431xx -c -I../Core/Inc -I../Drivers/STM32L4xx_HAL_Driver/Inc -I../Drivers/STM32L4xx_HAL_Driver/Inc/Legacy -I../Drivers/CMSIS/Device/ST/STM32L4xx/Include -I../Drivers/CMSIS/Include -O0 -ffunction-sections -fdata-sections -Wall -fstack-usage -fcyclomatic-complexity -MMD -MP -MF"Drivers/STM32L4xx_HAL_Driver/Src/stm32l4xx_hal_pwr.d" -MT"Drivers/STM32L4xx_HAL_Driver/Src/stm32l4xx_hal_pwr.o" --specs=nano.specs -mfpu=fpv4-sp-d16 -mfloat-abi=hard -mthumb -o "Drivers/STM32L4xx_HAL_Driver/Src/stm32l4xx_hal_pwr.o"
arm-none-eabi-gcc "../Drivers/STM32L4xx_HAL_Driver/Src/stm32l4xx_hal_pwr_ex.c" -mcpu=cortex-m4 -std=gnu11 -g3 -DDEBUG -DUSE_HAL_DRIVER -DSTM32L431xx -c -I../Core/Inc -I../Drivers/STM32L4xx_HAL_Driver/Inc -I../Drivers/STM32L4xx_HAL_Driver/Inc/Legacy -I../Drivers/CMSIS/Device/ST/STM32L4xx/Include -I../Drivers/CMSIS/Include -O0 -ffunction-sections -fdata-sections -Wall -fstack-usage -fcyclomatic-complexity -MMD -MP -MF"Drivers/STM32L4xx_HAL_Driver/Src/stm32l4xx_hal_pwr_ex.d" -MT"Drivers/STM32L4xx_HAL_Driver/Src/stm32l4xx_hal_pwr_ex.o" --specs=nano.specs -mfpu=fpv4-sp-d16 -mfloat-abi=hard -mthumb -o "Drivers/STM32L4xx_HAL_Driver/Src/stm32l4xx_hal_pwr_ex.o"
arm-none-eabi-gcc "../Drivers/STM32L4xx_HAL_Driver/Src/stm32l4xx_hal_rcc.c" -mcpu=cortex-m4 -std=gnu11 -g3 -DDEBUG -DUSE_HAL_DRIVER -DSTM32L431xx -c -I../Core/Inc -I../Drivers/STM32L4xx_HAL_Driver/Inc -I../Drivers/STM32L4xx_HAL_Driver/Inc/Legacy -I../Drivers/CMSIS/Device/ST/STM32L4xx/Include -I../Drivers/CMSIS/Include -O0 -ffunction-sections -fdata-sections -Wall -fstack-usage -fcyclomatic-complexity -MMD -MP -MF"Drivers/STM32L4xx_HAL_Driver/Src/stm32l4xx_hal_rcc.d" -MT"Drivers/STM32L4xx_HAL_Driver/Src/stm32l4xx_hal_rcc.o" --specs=nano.specs -mfpu=fpv4-sp-d16 -mfloat-abi=hard -mthumb -o "Drivers/STM32L4xx_HAL_Driver/Src/stm32l4xx_hal_rcc.o"
arm-none-eabi-gcc "../Drivers/STM32L4xx_HAL_Driver/Src/stm32l4xx_hal_rcc_ex.c" -mcpu=cortex-m4 -std=gnu11 -g3 -DDEBUG -DUSE_HAL_DRIVER -DSTM32L431xx -c -I../Core/Inc -I../Drivers/STM32L4xx_HAL_Driver/Inc -I../Drivers/STM32L4xx_HAL_Driver/Inc/Legacy -I../Drivers/CMSIS/Device/ST/STM32L4xx/Include -I../Drivers/CMSIS/Include -O0 -ffunction-sections -fdata-sections -Wall -fstack-usage -fcyclomatic-complexity -MMD -MP -MF"Drivers/STM32L4xx_HAL_Driver/Src/stm32l4xx_hal_rcc_ex.d" -MT"Drivers/STM32L4xx_HAL_Driver/Src/stm32l4xx_hal_rcc_ex.o" --specs=nano.specs -mfpu=fpv4-sp-d16 -mfloat-abi=hard -mthumb -o "Drivers/STM32L4xx_HAL_Driver/Src/stm32l4xx_hal_rcc_ex.o"
arm-none-eabi-gcc "../Drivers/STM32L4xx_HAL_Driver/Src/stm32l4xx_hal_uart.c" -mcpu=cortex-m4 -std=gnu11 -g3 -DDEBUG -DUSE_HAL_DRIVER -DSTM32L431xx -c -I../Core/Inc -I../Drivers/STM32L4xx_HAL_Driver/Inc -I../Drivers/STM32L4xx_HAL_Driver/Inc/Legacy -I../Drivers/CMSIS/Device/ST/STM32L4xx/Include -I../Drivers/CMSIS/Include -O0 -ffunction-sections -fdata-sections -Wall -fstack-usage -fcyclomatic-complexity -MMD -MP -MF"Drivers/STM32L4xx_HAL_Driver/Src/stm32l4xx_hal_uart.d" -MT"Drivers/STM32L4xx_HAL_Driver/Src/stm32l4xx_hal_uart.o" --specs=nano.specs -mfpu=fpv4-sp-d16 -mfloat-abi=hard -mthumb -o "Drivers/STM32L4xx_HAL_Driver/Src/stm32l4xx_hal_uart.o"
arm-none-eabi-gcc "../Drivers/STM32L4xx_HAL_Driver/Src/stm32l4xx_hal_uart_ex.c" -mcpu=cortex-m4 -std=gnu11 -g3 -DDEBUG -DUSE_HAL_DRIVER -DSTM32L431xx -c -I../Core/Inc -I../Drivers/STM32L4xx_HAL_Driver/Inc -I../Drivers/STM32L4xx_HAL_Driver/Inc/Legacy -I../Drivers/CMSIS/Device/ST/STM32L4xx/Include -I../Drivers/CMSIS/Include -O0 -ffunction-sections -fdata-sections -Wall -fstack-usage -fcyclomatic-complexity -MMD -MP -MF"Drivers/STM32L4xx_HAL_Driver/Src/stm32l4xx_hal_uart_ex.d" -MT"Drivers/STM32L4xx_HAL_Driver/Src/stm32l4xx_hal_uart_ex.o" --specs=nano.specs -mfpu=fpv4-sp-d16 -mfloat-abi=hard -mthumb -o "Drivers/STM32L4xx_HAL_Driver/Src/stm32l4xx_hal_uart_ex.o"
arm-none-eabi-gcc "../Core/Src/main.c" -mcpu=cortex-m4 -std=gnu11 -g3 -DDEBUG -DUSE_HAL_DRIVER -DSTM32L431xx -c -I../Core/Inc -I../Drivers/STM32L4xx_HAL_Driver/Inc -I../Drivers/STM32L4xx_HAL_Driver/Inc/Legacy -I../Drivers/CMSIS/Device/ST/STM32L4xx/Include -I../Drivers/CMSIS/Include -O0 -ffunction-sections -fdata-sections -Wall -fstack-usage -fcyclomatic-complexity -MMD -MP -MF"Core/Src/main.d" -MT"Core/Src/main.o" --specs=nano.specs -mfpu=fpv4-sp-d16 -mfloat-abi=hard -mthumb -o "Core/Src/main.o"
arm-none-eabi-gcc "../Core/Src/stm32l4xx_hal_msp.c" -mcpu=cortex-m4 -std=gnu11 -g3 -DDEBUG -DUSE_HAL_DRIVER -DSTM32L431xx -c -I../Core/Inc -I../Drivers/STM32L4xx_HAL_Driver/Inc -I../Drivers/STM32L4xx_HAL_Driver/Inc/Legacy -I../Drivers/CMSIS/Device/ST/STM32L4xx/Include -I../Drivers/CMSIS/Include -O0 -ffunction-sections -fdata-sections -Wall -fstack-usage -fcyclomatic-complexity -MMD -MP -MF"Core/Src/stm32l4xx_hal_msp.d" -MT"Core/Src/stm32l4xx_hal_msp.o" --specs=nano.specs -mfpu=fpv4-sp-d16 -mfloat-abi=hard -mthumb -o "Core/Src/stm32l4xx_hal_msp.o"
../Core/Src/main.c: In function 'main':
../Core/Src/main.c:102:72: error: incompatible types when initializing type 'enum <anonymous>' using type 'void *'
  102 |   CAN_TxHeaderTypeDef header = {0x006, 0x006,CAN_ID_STD,CAN_RTR_DATA,8,NULL};
      |                                                                        ^~~~
../Core/Src/main.c:103:3: error: unknown type name 'u_int8_t'; did you mean 'uint8_t'?
  103 |   u_int8_t data[] = {0,1,2,3,4,5,6,7};
      |   ^~~~~~~~
      |   uint8_t
../Core/Src/main.c:104:3: error: unknown type name 'u_int32_t'; did you mean 'uint32_t'?
  104 |   u_int32_t *mailbox;
      |   ^~~~~~~~~
      |   uint32_t
../Core/Src/main.c:113:43: warning: passing argument 3 of 'HAL_CAN_AddTxMessage' from incompatible pointer type [-Wincompatible-pointer-types]
  113 |       HAL_CAN_AddTxMessage(&hcan1,&header,data,mailbox);
      |                                           ^~~~
      |                                           |
      |                                           int *
In file included from ../Core/Inc/stm32l4xx_hal_conf.h:282,
                 from ../Drivers/STM32L4xx_HAL_Driver/Inc/stm32l4xx_hal.h:29,
                 from ../Core/Inc/main.h:30,
                 from ../Core/Src/main.c:20:
../Drivers/STM32L4xx_HAL_Driver/Inc/stm32l4xx_hal_can.h:689:54: note: expected 'const uint8_t *' {aka 'const unsigned char *'} but argument is of type 'int *'
  689 |                                        const uint8_t aData[], uint32_t *pTxMailbox);
      |                                        ~~~~~~~~~~~~~~^~~~~~~
../Core/Src/main.c:113:48: warning: passing argument 4 of 'HAL_CAN_AddTxMessage' from incompatible pointer type [-Wincompatible-pointer-types]
  113 |       HAL_CAN_AddTxMessage(&hcan1,&header,data,mailbox);
      |                                                ^~~~~~~
      |                                                |
      |                                                int *
../Drivers/STM32L4xx_HAL_Driver/Inc/stm32l4xx_hal_can.h:689:73: note: expected 'uint32_t *' {aka 'long unsigned int *'} but argument is of type 'int *'
  689 |                                        const uint8_t aData[], uint32_t *pTxMailbox);
      |                                                               ~~~~~~~~~~^~~~~~~~~~
make: *** [Core/Src/subdir.mk:34: Core/Src/main.o] Error 1
make: *** Waiting for unfinished jobs....
"make -j7 all" terminated with exit code 2. Build might be incomplete.
11:55:09 **** Incremental Build of configuration Debug for project wheelsboard ****
make -j7 all 
arm-none-eabi-gcc "../Core/Src/main.c" -mcpu=cortex-m4 -std=gnu11 -g3 -DDEBUG -DUSE_HAL_DRIVER -DSTM32L431xx -c -I../Core/Inc -I../Drivers/STM32L4xx_HAL_Driver/Inc -I../Drivers/STM32L4xx_HAL_Driver/Inc/Legacy -I../Drivers/CMSIS/Device/ST/STM32L4xx/Include -I../Drivers/CMSIS/Include -O0 -ffunction-sections -fdata-sections -Wall -fstack-usage -fcyclomatic-complexity -MMD -MP -MF"Core/Src/main.d" -MT"Core/Src/main.o" --specs=nano.specs -mfpu=fpv4-sp-d16 -mfloat-abi=hard -mthumb -o "Core/Src/main.o"
arm-none-eabi-gcc "../Core/Src/stm32l4xx_it.c" -mcpu=cortex-m4 -std=gnu11 -g3 -DDEBUG -DUSE_HAL_DRIVER -DSTM32L431xx -c -I../Core/Inc -I../Drivers/STM32L4xx_HAL_Driver/Inc -I../Drivers/STM32L4xx_HAL_Driver/Inc/Legacy -I../Drivers/CMSIS/Device/ST/STM32L4xx/Include -I../Drivers/CMSIS/Include -O0 -ffunction-sections -fdata-sections -Wall -fstack-usage -fcyclomatic-complexity -MMD -MP -MF"Core/Src/stm32l4xx_it.d" -MT"Core/Src/stm32l4xx_it.o" --specs=nano.specs -mfpu=fpv4-sp-d16 -mfloat-abi=hard -mthumb -o "Core/Src/stm32l4xx_it.o"
arm-none-eabi-gcc "../Core/Src/system_stm32l4xx.c" -mcpu=cortex-m4 -std=gnu11 -g3 -DDEBUG -DUSE_HAL_DRIVER -DSTM32L431xx -c -I../Core/Inc -I../Drivers/STM32L4xx_HAL_Driver/Inc -I../Drivers/STM32L4xx_HAL_Driver/Inc/Legacy -I../Drivers/CMSIS/Device/ST/STM32L4xx/Include -I../Drivers/CMSIS/Include -O0 -ffunction-sections -fdata-sections -Wall -fstack-usage -fcyclomatic-complexity -MMD -MP -MF"Core/Src/system_stm32l4xx.d" -MT"Core/Src/system_stm32l4xx.o" --specs=nano.specs -mfpu=fpv4-sp-d16 -mfloat-abi=hard -mthumb -o "Core/Src/system_stm32l4xx.o"
../Core/Src/main.c: In function 'main':
../Core/Src/main.c:102:72: error: incompatible types when initializing type 'enum <anonymous>' using type 'void *'
  102 |   CAN_TxHeaderTypeDef header = {0x006, 0x006,CAN_ID_STD,CAN_RTR_DATA,8,NULL};
      |                                                                        ^~~~
make: *** [Core/Src/subdir.mk:34: Core/Src/main.o] Error 1
make: *** Waiting for unfinished jobs....
"make -j7 all" terminated with exit code 2. Build might be incomplete.
11:57:30 **** Incremental Build of configuration Debug for project wheelsboard ****
make -j7 all 
arm-none-eabi-gcc "../Core/Src/main.c" -mcpu=cortex-m4 -std=gnu11 -g3 -DDEBUG -DUSE_HAL_DRIVER -DSTM32L431xx -c -I../Core/Inc -I../Drivers/STM32L4xx_HAL_Driver/Inc -I../Drivers/STM32L4xx_HAL_Driver/Inc/Legacy -I../Drivers/CMSIS/Device/ST/STM32L4xx/Include -I../Drivers/CMSIS/Include -O0 -ffunction-sections -fdata-sections -Wall -fstack-usage -fcyclomatic-complexity -MMD -MP -MF"Core/Src/main.d" -MT"Core/Src/main.o" --specs=nano.specs -mfpu=fpv4-sp-d16 -mfloat-abi=hard -mthumb -o "Core/Src/main.o"
../Core/Src/main.c: In function 'main':
../Core/Src/main.c:113:7: warning: 'mailbox' is used uninitialized [-Wuninitialized]
  113 |       HAL_CAN_AddTxMessage(&hcan1,&header,data,mailbox);
      |       ^~~~~~~~~~~~~~~~~~~~~~~~~~~~~~~~~~~~~~~~~~~~~~~~~
../Core/Src/main.c:104:13: note: 'mailbox' was declared here
  104 |   uint32_t *mailbox;
      |             ^~~~~~~
arm-none-eabi-gcc -o "wheelsboard.elf" @"objects.list"   -mcpu=cortex-m4 -T"/Users/karthikkurapati/LHR/VCAT-WheelsSensor/firmware/wheelsboard/STM32L431CBTX_FLASH.ld" --specs=nosys.specs -Wl,-Map="wheelsboard.map" -Wl,--gc-sections -static --specs=nano.specs -mfpu=fpv4-sp-d16 -mfloat-abi=hard -mthumb -Wl,--start-group -lc -lm -Wl,--end-group
Finished building target: wheelsboard.elf
 
arm-none-eabi-size  wheelsboard.elf 
arm-none-eabi-objdump -h -S wheelsboard.elf  > "wheelsboard.list"
   text	   data	    bss	    dec	    hex	filename
  14952	     12	   1828	  16792	   4198	wheelsboard.elf
Finished building: default.size.stdout
 
Finished building: wheelsboard.list
 
11:58:01 **** Incremental Build of configuration Debug for project wheelsboard ****
make -j7 all 
arm-none-eabi-gcc "../Core/Src/main.c" -mcpu=cortex-m4 -std=gnu11 -g3 -DDEBUG -DUSE_HAL_DRIVER -DSTM32L431xx -c -I../Core/Inc -I../Drivers/STM32L4xx_HAL_Driver/Inc -I../Drivers/STM32L4xx_HAL_Driver/Inc/Legacy -I../Drivers/CMSIS/Device/ST/STM32L4xx/Include -I../Drivers/CMSIS/Include -O0 -ffunction-sections -fdata-sections -Wall -fstack-usage -fcyclomatic-complexity -MMD -MP -MF"Core/Src/main.d" -MT"Core/Src/main.o" --specs=nano.specs -mfpu=fpv4-sp-d16 -mfloat-abi=hard -mthumb -o "Core/Src/main.o"
arm-none-eabi-gcc -o "wheelsboard.elf" @"objects.list"   -mcpu=cortex-m4 -T"/Users/karthikkurapati/LHR/VCAT-WheelsSensor/firmware/wheelsboard/STM32L431CBTX_FLASH.ld" --specs=nosys.specs -Wl,-Map="wheelsboard.map" -Wl,--gc-sections -static --specs=nano.specs -mfpu=fpv4-sp-d16 -mfloat-abi=hard -mthumb -Wl,--start-group -lc -lm -Wl,--end-group
Finished building target: wheelsboard.elf
 
arm-none-eabi-size  wheelsboard.elf 
arm-none-eabi-objdump -h -S wheelsboard.elf  > "wheelsboard.list"
   text	   data	    bss	    dec	    hex	filename
  14956	     12	   1828	  16796	   419c	wheelsboard.elf
Finished building: default.size.stdout
 
Finished building: wheelsboard.list
 
12:04:46 **** Incremental Build of configuration Debug for project wheelsboard ****
make -j7 all 
arm-none-eabi-gcc "../Core/Src/main.c" -mcpu=cortex-m4 -std=gnu11 -g3 -DDEBUG -DUSE_HAL_DRIVER -DSTM32L431xx -c -I../Core/Inc -I../Drivers/STM32L4xx_HAL_Driver/Inc -I../Drivers/STM32L4xx_HAL_Driver/Inc/Legacy -I../Drivers/CMSIS/Device/ST/STM32L4xx/Include -I../Drivers/CMSIS/Include -O0 -ffunction-sections -fdata-sections -Wall -fstack-usage -fcyclomatic-complexity -MMD -MP -MF"Core/Src/main.d" -MT"Core/Src/main.o" --specs=nano.specs -mfpu=fpv4-sp-d16 -mfloat-abi=hard -mthumb -o "Core/Src/main.o"
arm-none-eabi-gcc -o "wheelsboard.elf" @"objects.list"   -mcpu=cortex-m4 -T"/Users/karthikkurapati/LHR/VCAT-WheelsSensor/firmware/wheelsboard/STM32L431CBTX_FLASH.ld" --specs=nosys.specs -Wl,-Map="wheelsboard.map" -Wl,--gc-sections -static --specs=nano.specs -mfpu=fpv4-sp-d16 -mfloat-abi=hard -mthumb -Wl,--start-group -lc -lm -Wl,--end-group
Finished building target: wheelsboard.elf
 
arm-none-eabi-size  wheelsboard.elf 
arm-none-eabi-objdump -h -S wheelsboard.elf  > "wheelsboard.list"
   text	   data	    bss	    dec	    hex	filename
  14956	     12	   1828	  16796	   419c	wheelsboard.elf
Finished building: default.size.stdout
 
Finished building: wheelsboard.list
 
12:12:06 **** Incremental Build of configuration Debug for project wheelsboard ****
make -j7 all 
arm-none-eabi-gcc "../Core/Src/main.c" -mcpu=cortex-m4 -std=gnu11 -g3 -DDEBUG -DUSE_HAL_DRIVER -DSTM32L431xx -c -I../Core/Inc -I../Drivers/STM32L4xx_HAL_Driver/Inc -I../Drivers/STM32L4xx_HAL_Driver/Inc/Legacy -I../Drivers/CMSIS/Device/ST/STM32L4xx/Include -I../Drivers/CMSIS/Include -O0 -ffunction-sections -fdata-sections -Wall -fstack-usage -fcyclomatic-complexity -MMD -MP -MF"Core/Src/main.d" -MT"Core/Src/main.o" --specs=nano.specs -mfpu=fpv4-sp-d16 -mfloat-abi=hard -mthumb -o "Core/Src/main.o"
arm-none-eabi-gcc -o "wheelsboard.elf" @"objects.list"   -mcpu=cortex-m4 -T"/Users/karthikkurapati/LHR/VCAT-WheelsSensor/firmware/wheelsboard/STM32L431CBTX_FLASH.ld" --specs=nosys.specs -Wl,-Map="wheelsboard.map" -Wl,--gc-sections -static --specs=nano.specs -mfpu=fpv4-sp-d16 -mfloat-abi=hard -mthumb -Wl,--start-group -lc -lm -Wl,--end-group
Finished building target: wheelsboard.elf
 
arm-none-eabi-size  wheelsboard.elf 
arm-none-eabi-objdump -h -S wheelsboard.elf  > "wheelsboard.list"
   text	   data	    bss	    dec	    hex	filename
  14956	     12	   1828	  16796	   419c	wheelsboard.elf
Finished building: default.size.stdout
 
Finished building: wheelsboard.list
 
14:41:20 **** Incremental Build of configuration Debug for project wheelsboard ****
make -j7 all 
arm-none-eabi-gcc "../Core/Src/main.c" -mcpu=cortex-m4 -std=gnu11 -g3 -DDEBUG -DUSE_HAL_DRIVER -DSTM32L431xx -c -I../Core/Inc -I../Drivers/STM32L4xx_HAL_Driver/Inc -I../Drivers/STM32L4xx_HAL_Driver/Inc/Legacy -I../Drivers/CMSIS/Device/ST/STM32L4xx/Include -I../Drivers/CMSIS/Include -O0 -ffunction-sections -fdata-sections -Wall -fstack-usage -fcyclomatic-complexity -MMD -MP -MF"Core/Src/main.d" -MT"Core/Src/main.o" --specs=nano.specs -mfpu=fpv4-sp-d16 -mfloat-abi=hard -mthumb -o "Core/Src/main.o"
arm-none-eabi-gcc -o "wheelsboard.elf" @"objects.list"   -mcpu=cortex-m4 -T"/Users/karthikkurapati/LHR/VCAT-WheelsSensor/firmware/wheelsboard/STM32L431CBTX_FLASH.ld" --specs=nosys.specs -Wl,-Map="wheelsboard.map" -Wl,--gc-sections -static --specs=nano.specs -mfpu=fpv4-sp-d16 -mfloat-abi=hard -mthumb -Wl,--start-group -lc -lm -Wl,--end-group
Finished building target: wheelsboard.elf
 
arm-none-eabi-size  wheelsboard.elf 
arm-none-eabi-objdump -h -S wheelsboard.elf  > "wheelsboard.list"
   text	   data	    bss	    dec	    hex	filename
  15108	     12	   1828	  16948	   4234	wheelsboard.elf
Finished building: default.size.stdout
 
Finished building: wheelsboard.list
 
14:43:32 **** Incremental Build of configuration Debug for project wheelsboard ****
make -j7 all 
arm-none-eabi-gcc "../Core/Src/main.c" -mcpu=cortex-m4 -std=gnu11 -g3 -DDEBUG -DUSE_HAL_DRIVER -DSTM32L431xx -c -I../Core/Inc -I../Drivers/STM32L4xx_HAL_Driver/Inc -I../Drivers/STM32L4xx_HAL_Driver/Inc/Legacy -I../Drivers/CMSIS/Device/ST/STM32L4xx/Include -I../Drivers/CMSIS/Include -O0 -ffunction-sections -fdata-sections -Wall -fstack-usage -fcyclomatic-complexity -MMD -MP -MF"Core/Src/main.d" -MT"Core/Src/main.o" --specs=nano.specs -mfpu=fpv4-sp-d16 -mfloat-abi=hard -mthumb -o "Core/Src/main.o"
arm-none-eabi-gcc -o "wheelsboard.elf" @"objects.list"   -mcpu=cortex-m4 -T"/Users/karthikkurapati/LHR/VCAT-WheelsSensor/firmware/wheelsboard/STM32L431CBTX_FLASH.ld" --specs=nosys.specs -Wl,-Map="wheelsboard.map" -Wl,--gc-sections -static --specs=nano.specs -mfpu=fpv4-sp-d16 -mfloat-abi=hard -mthumb -Wl,--start-group -lc -lm -Wl,--end-group
Finished building target: wheelsboard.elf
 
arm-none-eabi-size  wheelsboard.elf 
arm-none-eabi-objdump -h -S wheelsboard.elf  > "wheelsboard.list"
   text	   data	    bss	    dec	    hex	filename
  15108	     12	   1828	  16948	   4234	wheelsboard.elf
Finished building: default.size.stdout
 
Finished building: wheelsboard.list
 
14:45:12 **** Incremental Build of configuration Debug for project wheelsboard ****
make -j7 all 
arm-none-eabi-gcc "../Core/Src/main.c" -mcpu=cortex-m4 -std=gnu11 -g3 -DDEBUG -DUSE_HAL_DRIVER -DSTM32L431xx -c -I../Core/Inc -I../Drivers/STM32L4xx_HAL_Driver/Inc -I../Drivers/STM32L4xx_HAL_Driver/Inc/Legacy -I../Drivers/CMSIS/Device/ST/STM32L4xx/Include -I../Drivers/CMSIS/Include -O0 -ffunction-sections -fdata-sections -Wall -fstack-usage -fcyclomatic-complexity -MMD -MP -MF"Core/Src/main.d" -MT"Core/Src/main.o" --specs=nano.specs -mfpu=fpv4-sp-d16 -mfloat-abi=hard -mthumb -o "Core/Src/main.o"
arm-none-eabi-gcc -o "wheelsboard.elf" @"objects.list"   -mcpu=cortex-m4 -T"/Users/karthikkurapati/LHR/VCAT-WheelsSensor/firmware/wheelsboard/STM32L431CBTX_FLASH.ld" --specs=nosys.specs -Wl,-Map="wheelsboard.map" -Wl,--gc-sections -static --specs=nano.specs -mfpu=fpv4-sp-d16 -mfloat-abi=hard -mthumb -Wl,--start-group -lc -lm -Wl,--end-group
Finished building target: wheelsboard.elf
 
arm-none-eabi-size  wheelsboard.elf 
arm-none-eabi-objdump -h -S wheelsboard.elf  > "wheelsboard.list"
   text	   data	    bss	    dec	    hex	filename
  15108	     12	   1828	  16948	   4234	wheelsboard.elf
Finished building: default.size.stdout
 
Finished building: wheelsboard.list
 
14:46:04 **** Incremental Build of configuration Debug for project wheelsboard ****
make -j7 all 
arm-none-eabi-gcc "../Core/Src/main.c" -mcpu=cortex-m4 -std=gnu11 -g3 -DDEBUG -DUSE_HAL_DRIVER -DSTM32L431xx -c -I../Core/Inc -I../Drivers/STM32L4xx_HAL_Driver/Inc -I../Drivers/STM32L4xx_HAL_Driver/Inc/Legacy -I../Drivers/CMSIS/Device/ST/STM32L4xx/Include -I../Drivers/CMSIS/Include -O0 -ffunction-sections -fdata-sections -Wall -fstack-usage -fcyclomatic-complexity -MMD -MP -MF"Core/Src/main.d" -MT"Core/Src/main.o" --specs=nano.specs -mfpu=fpv4-sp-d16 -mfloat-abi=hard -mthumb -o "Core/Src/main.o"
arm-none-eabi-gcc -o "wheelsboard.elf" @"objects.list"   -mcpu=cortex-m4 -T"/Users/karthikkurapati/LHR/VCAT-WheelsSensor/firmware/wheelsboard/STM32L431CBTX_FLASH.ld" --specs=nosys.specs -Wl,-Map="wheelsboard.map" -Wl,--gc-sections -static --specs=nano.specs -mfpu=fpv4-sp-d16 -mfloat-abi=hard -mthumb -Wl,--start-group -lc -lm -Wl,--end-group
Finished building target: wheelsboard.elf
 
arm-none-eabi-size  wheelsboard.elf 
arm-none-eabi-objdump -h -S wheelsboard.elf  > "wheelsboard.list"
   text	   data	    bss	    dec	    hex	filename
  15116	     12	   1828	  16956	   423c	wheelsboard.elf
Finished building: default.size.stdout
 
Finished building: wheelsboard.list
 
14:51:38 **** Incremental Build of configuration Debug for project wheelsboard ****
make -j7 all 
arm-none-eabi-gcc "../Drivers/STM32L4xx_HAL_Driver/Src/stm32l4xx_hal.c" -mcpu=cortex-m4 -std=gnu11 -g3 -DDEBUG -DUSE_HAL_DRIVER -DSTM32L431xx -c -I../Core/Inc -I../Drivers/STM32L4xx_HAL_Driver/Inc -I../Drivers/STM32L4xx_HAL_Driver/Inc/Legacy -I../Drivers/CMSIS/Device/ST/STM32L4xx/Include -I../Drivers/CMSIS/Include -O0 -ffunction-sections -fdata-sections -Wall -fstack-usage -fcyclomatic-complexity -MMD -MP -MF"Drivers/STM32L4xx_HAL_Driver/Src/stm32l4xx_hal.d" -MT"Drivers/STM32L4xx_HAL_Driver/Src/stm32l4xx_hal.o" --specs=nano.specs -mfpu=fpv4-sp-d16 -mfloat-abi=hard -mthumb -o "Drivers/STM32L4xx_HAL_Driver/Src/stm32l4xx_hal.o"
arm-none-eabi-gcc "../Drivers/STM32L4xx_HAL_Driver/Src/stm32l4xx_hal_can.c" -mcpu=cortex-m4 -std=gnu11 -g3 -DDEBUG -DUSE_HAL_DRIVER -DSTM32L431xx -c -I../Core/Inc -I../Drivers/STM32L4xx_HAL_Driver/Inc -I../Drivers/STM32L4xx_HAL_Driver/Inc/Legacy -I../Drivers/CMSIS/Device/ST/STM32L4xx/Include -I../Drivers/CMSIS/Include -O0 -ffunction-sections -fdata-sections -Wall -fstack-usage -fcyclomatic-complexity -MMD -MP -MF"Drivers/STM32L4xx_HAL_Driver/Src/stm32l4xx_hal_can.d" -MT"Drivers/STM32L4xx_HAL_Driver/Src/stm32l4xx_hal_can.o" --specs=nano.specs -mfpu=fpv4-sp-d16 -mfloat-abi=hard -mthumb -o "Drivers/STM32L4xx_HAL_Driver/Src/stm32l4xx_hal_can.o"
arm-none-eabi-gcc "../Drivers/STM32L4xx_HAL_Driver/Src/stm32l4xx_hal_cortex.c" -mcpu=cortex-m4 -std=gnu11 -g3 -DDEBUG -DUSE_HAL_DRIVER -DSTM32L431xx -c -I../Core/Inc -I../Drivers/STM32L4xx_HAL_Driver/Inc -I../Drivers/STM32L4xx_HAL_Driver/Inc/Legacy -I../Drivers/CMSIS/Device/ST/STM32L4xx/Include -I../Drivers/CMSIS/Include -O0 -ffunction-sections -fdata-sections -Wall -fstack-usage -fcyclomatic-complexity -MMD -MP -MF"Drivers/STM32L4xx_HAL_Driver/Src/stm32l4xx_hal_cortex.d" -MT"Drivers/STM32L4xx_HAL_Driver/Src/stm32l4xx_hal_cortex.o" --specs=nano.specs -mfpu=fpv4-sp-d16 -mfloat-abi=hard -mthumb -o "Drivers/STM32L4xx_HAL_Driver/Src/stm32l4xx_hal_cortex.o"
arm-none-eabi-gcc "../Drivers/STM32L4xx_HAL_Driver/Src/stm32l4xx_hal_dma.c" -mcpu=cortex-m4 -std=gnu11 -g3 -DDEBUG -DUSE_HAL_DRIVER -DSTM32L431xx -c -I../Core/Inc -I../Drivers/STM32L4xx_HAL_Driver/Inc -I../Drivers/STM32L4xx_HAL_Driver/Inc/Legacy -I../Drivers/CMSIS/Device/ST/STM32L4xx/Include -I../Drivers/CMSIS/Include -O0 -ffunction-sections -fdata-sections -Wall -fstack-usage -fcyclomatic-complexity -MMD -MP -MF"Drivers/STM32L4xx_HAL_Driver/Src/stm32l4xx_hal_dma.d" -MT"Drivers/STM32L4xx_HAL_Driver/Src/stm32l4xx_hal_dma.o" --specs=nano.specs -mfpu=fpv4-sp-d16 -mfloat-abi=hard -mthumb -o "Drivers/STM32L4xx_HAL_Driver/Src/stm32l4xx_hal_dma.o"
arm-none-eabi-gcc "../Drivers/STM32L4xx_HAL_Driver/Src/stm32l4xx_hal_dma_ex.c" -mcpu=cortex-m4 -std=gnu11 -g3 -DDEBUG -DUSE_HAL_DRIVER -DSTM32L431xx -c -I../Core/Inc -I../Drivers/STM32L4xx_HAL_Driver/Inc -I../Drivers/STM32L4xx_HAL_Driver/Inc/Legacy -I../Drivers/CMSIS/Device/ST/STM32L4xx/Include -I../Drivers/CMSIS/Include -O0 -ffunction-sections -fdata-sections -Wall -fstack-usage -fcyclomatic-complexity -MMD -MP -MF"Drivers/STM32L4xx_HAL_Driver/Src/stm32l4xx_hal_dma_ex.d" -MT"Drivers/STM32L4xx_HAL_Driver/Src/stm32l4xx_hal_dma_ex.o" --specs=nano.specs -mfpu=fpv4-sp-d16 -mfloat-abi=hard -mthumb -o "Drivers/STM32L4xx_HAL_Driver/Src/stm32l4xx_hal_dma_ex.o"
arm-none-eabi-gcc "../Drivers/STM32L4xx_HAL_Driver/Src/stm32l4xx_hal_exti.c" -mcpu=cortex-m4 -std=gnu11 -g3 -DDEBUG -DUSE_HAL_DRIVER -DSTM32L431xx -c -I../Core/Inc -I../Drivers/STM32L4xx_HAL_Driver/Inc -I../Drivers/STM32L4xx_HAL_Driver/Inc/Legacy -I../Drivers/CMSIS/Device/ST/STM32L4xx/Include -I../Drivers/CMSIS/Include -O0 -ffunction-sections -fdata-sections -Wall -fstack-usage -fcyclomatic-complexity -MMD -MP -MF"Drivers/STM32L4xx_HAL_Driver/Src/stm32l4xx_hal_exti.d" -MT"Drivers/STM32L4xx_HAL_Driver/Src/stm32l4xx_hal_exti.o" --specs=nano.specs -mfpu=fpv4-sp-d16 -mfloat-abi=hard -mthumb -o "Drivers/STM32L4xx_HAL_Driver/Src/stm32l4xx_hal_exti.o"
arm-none-eabi-gcc "../Drivers/STM32L4xx_HAL_Driver/Src/stm32l4xx_hal_flash.c" -mcpu=cortex-m4 -std=gnu11 -g3 -DDEBUG -DUSE_HAL_DRIVER -DSTM32L431xx -c -I../Core/Inc -I../Drivers/STM32L4xx_HAL_Driver/Inc -I../Drivers/STM32L4xx_HAL_Driver/Inc/Legacy -I../Drivers/CMSIS/Device/ST/STM32L4xx/Include -I../Drivers/CMSIS/Include -O0 -ffunction-sections -fdata-sections -Wall -fstack-usage -fcyclomatic-complexity -MMD -MP -MF"Drivers/STM32L4xx_HAL_Driver/Src/stm32l4xx_hal_flash.d" -MT"Drivers/STM32L4xx_HAL_Driver/Src/stm32l4xx_hal_flash.o" --specs=nano.specs -mfpu=fpv4-sp-d16 -mfloat-abi=hard -mthumb -o "Drivers/STM32L4xx_HAL_Driver/Src/stm32l4xx_hal_flash.o"
arm-none-eabi-gcc "../Drivers/STM32L4xx_HAL_Driver/Src/stm32l4xx_hal_flash_ex.c" -mcpu=cortex-m4 -std=gnu11 -g3 -DDEBUG -DUSE_HAL_DRIVER -DSTM32L431xx -c -I../Core/Inc -I../Drivers/STM32L4xx_HAL_Driver/Inc -I../Drivers/STM32L4xx_HAL_Driver/Inc/Legacy -I../Drivers/CMSIS/Device/ST/STM32L4xx/Include -I../Drivers/CMSIS/Include -O0 -ffunction-sections -fdata-sections -Wall -fstack-usage -fcyclomatic-complexity -MMD -MP -MF"Drivers/STM32L4xx_HAL_Driver/Src/stm32l4xx_hal_flash_ex.d" -MT"Drivers/STM32L4xx_HAL_Driver/Src/stm32l4xx_hal_flash_ex.o" --specs=nano.specs -mfpu=fpv4-sp-d16 -mfloat-abi=hard -mthumb -o "Drivers/STM32L4xx_HAL_Driver/Src/stm32l4xx_hal_flash_ex.o"
arm-none-eabi-gcc "../Drivers/STM32L4xx_HAL_Driver/Src/stm32l4xx_hal_flash_ramfunc.c" -mcpu=cortex-m4 -std=gnu11 -g3 -DDEBUG -DUSE_HAL_DRIVER -DSTM32L431xx -c -I../Core/Inc -I../Drivers/STM32L4xx_HAL_Driver/Inc -I../Drivers/STM32L4xx_HAL_Driver/Inc/Legacy -I../Drivers/CMSIS/Device/ST/STM32L4xx/Include -I../Drivers/CMSIS/Include -O0 -ffunction-sections -fdata-sections -Wall -fstack-usage -fcyclomatic-complexity -MMD -MP -MF"Drivers/STM32L4xx_HAL_Driver/Src/stm32l4xx_hal_flash_ramfunc.d" -MT"Drivers/STM32L4xx_HAL_Driver/Src/stm32l4xx_hal_flash_ramfunc.o" --specs=nano.specs -mfpu=fpv4-sp-d16 -mfloat-abi=hard -mthumb -o "Drivers/STM32L4xx_HAL_Driver/Src/stm32l4xx_hal_flash_ramfunc.o"
arm-none-eabi-gcc "../Drivers/STM32L4xx_HAL_Driver/Src/stm32l4xx_hal_gpio.c" -mcpu=cortex-m4 -std=gnu11 -g3 -DDEBUG -DUSE_HAL_DRIVER -DSTM32L431xx -c -I../Core/Inc -I../Drivers/STM32L4xx_HAL_Driver/Inc -I../Drivers/STM32L4xx_HAL_Driver/Inc/Legacy -I../Drivers/CMSIS/Device/ST/STM32L4xx/Include -I../Drivers/CMSIS/Include -O0 -ffunction-sections -fdata-sections -Wall -fstack-usage -fcyclomatic-complexity -MMD -MP -MF"Drivers/STM32L4xx_HAL_Driver/Src/stm32l4xx_hal_gpio.d" -MT"Drivers/STM32L4xx_HAL_Driver/Src/stm32l4xx_hal_gpio.o" --specs=nano.specs -mfpu=fpv4-sp-d16 -mfloat-abi=hard -mthumb -o "Drivers/STM32L4xx_HAL_Driver/Src/stm32l4xx_hal_gpio.o"
arm-none-eabi-gcc "../Drivers/STM32L4xx_HAL_Driver/Src/stm32l4xx_hal_i2c.c" -mcpu=cortex-m4 -std=gnu11 -g3 -DDEBUG -DUSE_HAL_DRIVER -DSTM32L431xx -c -I../Core/Inc -I../Drivers/STM32L4xx_HAL_Driver/Inc -I../Drivers/STM32L4xx_HAL_Driver/Inc/Legacy -I../Drivers/CMSIS/Device/ST/STM32L4xx/Include -I../Drivers/CMSIS/Include -O0 -ffunction-sections -fdata-sections -Wall -fstack-usage -fcyclomatic-complexity -MMD -MP -MF"Drivers/STM32L4xx_HAL_Driver/Src/stm32l4xx_hal_i2c.d" -MT"Drivers/STM32L4xx_HAL_Driver/Src/stm32l4xx_hal_i2c.o" --specs=nano.specs -mfpu=fpv4-sp-d16 -mfloat-abi=hard -mthumb -o "Drivers/STM32L4xx_HAL_Driver/Src/stm32l4xx_hal_i2c.o"
arm-none-eabi-gcc "../Drivers/STM32L4xx_HAL_Driver/Src/stm32l4xx_hal_i2c_ex.c" -mcpu=cortex-m4 -std=gnu11 -g3 -DDEBUG -DUSE_HAL_DRIVER -DSTM32L431xx -c -I../Core/Inc -I../Drivers/STM32L4xx_HAL_Driver/Inc -I../Drivers/STM32L4xx_HAL_Driver/Inc/Legacy -I../Drivers/CMSIS/Device/ST/STM32L4xx/Include -I../Drivers/CMSIS/Include -O0 -ffunction-sections -fdata-sections -Wall -fstack-usage -fcyclomatic-complexity -MMD -MP -MF"Drivers/STM32L4xx_HAL_Driver/Src/stm32l4xx_hal_i2c_ex.d" -MT"Drivers/STM32L4xx_HAL_Driver/Src/stm32l4xx_hal_i2c_ex.o" --specs=nano.specs -mfpu=fpv4-sp-d16 -mfloat-abi=hard -mthumb -o "Drivers/STM32L4xx_HAL_Driver/Src/stm32l4xx_hal_i2c_ex.o"
arm-none-eabi-gcc "../Drivers/STM32L4xx_HAL_Driver/Src/stm32l4xx_hal_pwr.c" -mcpu=cortex-m4 -std=gnu11 -g3 -DDEBUG -DUSE_HAL_DRIVER -DSTM32L431xx -c -I../Core/Inc -I../Drivers/STM32L4xx_HAL_Driver/Inc -I../Drivers/STM32L4xx_HAL_Driver/Inc/Legacy -I../Drivers/CMSIS/Device/ST/STM32L4xx/Include -I../Drivers/CMSIS/Include -O0 -ffunction-sections -fdata-sections -Wall -fstack-usage -fcyclomatic-complexity -MMD -MP -MF"Drivers/STM32L4xx_HAL_Driver/Src/stm32l4xx_hal_pwr.d" -MT"Drivers/STM32L4xx_HAL_Driver/Src/stm32l4xx_hal_pwr.o" --specs=nano.specs -mfpu=fpv4-sp-d16 -mfloat-abi=hard -mthumb -o "Drivers/STM32L4xx_HAL_Driver/Src/stm32l4xx_hal_pwr.o"
arm-none-eabi-gcc "../Drivers/STM32L4xx_HAL_Driver/Src/stm32l4xx_hal_pwr_ex.c" -mcpu=cortex-m4 -std=gnu11 -g3 -DDEBUG -DUSE_HAL_DRIVER -DSTM32L431xx -c -I../Core/Inc -I../Drivers/STM32L4xx_HAL_Driver/Inc -I../Drivers/STM32L4xx_HAL_Driver/Inc/Legacy -I../Drivers/CMSIS/Device/ST/STM32L4xx/Include -I../Drivers/CMSIS/Include -O0 -ffunction-sections -fdata-sections -Wall -fstack-usage -fcyclomatic-complexity -MMD -MP -MF"Drivers/STM32L4xx_HAL_Driver/Src/stm32l4xx_hal_pwr_ex.d" -MT"Drivers/STM32L4xx_HAL_Driver/Src/stm32l4xx_hal_pwr_ex.o" --specs=nano.specs -mfpu=fpv4-sp-d16 -mfloat-abi=hard -mthumb -o "Drivers/STM32L4xx_HAL_Driver/Src/stm32l4xx_hal_pwr_ex.o"
arm-none-eabi-gcc "../Drivers/STM32L4xx_HAL_Driver/Src/stm32l4xx_hal_rcc.c" -mcpu=cortex-m4 -std=gnu11 -g3 -DDEBUG -DUSE_HAL_DRIVER -DSTM32L431xx -c -I../Core/Inc -I../Drivers/STM32L4xx_HAL_Driver/Inc -I../Drivers/STM32L4xx_HAL_Driver/Inc/Legacy -I../Drivers/CMSIS/Device/ST/STM32L4xx/Include -I../Drivers/CMSIS/Include -O0 -ffunction-sections -fdata-sections -Wall -fstack-usage -fcyclomatic-complexity -MMD -MP -MF"Drivers/STM32L4xx_HAL_Driver/Src/stm32l4xx_hal_rcc.d" -MT"Drivers/STM32L4xx_HAL_Driver/Src/stm32l4xx_hal_rcc.o" --specs=nano.specs -mfpu=fpv4-sp-d16 -mfloat-abi=hard -mthumb -o "Drivers/STM32L4xx_HAL_Driver/Src/stm32l4xx_hal_rcc.o"
arm-none-eabi-gcc "../Drivers/STM32L4xx_HAL_Driver/Src/stm32l4xx_hal_rcc_ex.c" -mcpu=cortex-m4 -std=gnu11 -g3 -DDEBUG -DUSE_HAL_DRIVER -DSTM32L431xx -c -I../Core/Inc -I../Drivers/STM32L4xx_HAL_Driver/Inc -I../Drivers/STM32L4xx_HAL_Driver/Inc/Legacy -I../Drivers/CMSIS/Device/ST/STM32L4xx/Include -I../Drivers/CMSIS/Include -O0 -ffunction-sections -fdata-sections -Wall -fstack-usage -fcyclomatic-complexity -MMD -MP -MF"Drivers/STM32L4xx_HAL_Driver/Src/stm32l4xx_hal_rcc_ex.d" -MT"Drivers/STM32L4xx_HAL_Driver/Src/stm32l4xx_hal_rcc_ex.o" --specs=nano.specs -mfpu=fpv4-sp-d16 -mfloat-abi=hard -mthumb -o "Drivers/STM32L4xx_HAL_Driver/Src/stm32l4xx_hal_rcc_ex.o"
arm-none-eabi-gcc "../Drivers/STM32L4xx_HAL_Driver/Src/stm32l4xx_hal_uart.c" -mcpu=cortex-m4 -std=gnu11 -g3 -DDEBUG -DUSE_HAL_DRIVER -DSTM32L431xx -c -I../Core/Inc -I../Drivers/STM32L4xx_HAL_Driver/Inc -I../Drivers/STM32L4xx_HAL_Driver/Inc/Legacy -I../Drivers/CMSIS/Device/ST/STM32L4xx/Include -I../Drivers/CMSIS/Include -O0 -ffunction-sections -fdata-sections -Wall -fstack-usage -fcyclomatic-complexity -MMD -MP -MF"Drivers/STM32L4xx_HAL_Driver/Src/stm32l4xx_hal_uart.d" -MT"Drivers/STM32L4xx_HAL_Driver/Src/stm32l4xx_hal_uart.o" --specs=nano.specs -mfpu=fpv4-sp-d16 -mfloat-abi=hard -mthumb -o "Drivers/STM32L4xx_HAL_Driver/Src/stm32l4xx_hal_uart.o"
arm-none-eabi-gcc "../Drivers/STM32L4xx_HAL_Driver/Src/stm32l4xx_hal_uart_ex.c" -mcpu=cortex-m4 -std=gnu11 -g3 -DDEBUG -DUSE_HAL_DRIVER -DSTM32L431xx -c -I../Core/Inc -I../Drivers/STM32L4xx_HAL_Driver/Inc -I../Drivers/STM32L4xx_HAL_Driver/Inc/Legacy -I../Drivers/CMSIS/Device/ST/STM32L4xx/Include -I../Drivers/CMSIS/Include -O0 -ffunction-sections -fdata-sections -Wall -fstack-usage -fcyclomatic-complexity -MMD -MP -MF"Drivers/STM32L4xx_HAL_Driver/Src/stm32l4xx_hal_uart_ex.d" -MT"Drivers/STM32L4xx_HAL_Driver/Src/stm32l4xx_hal_uart_ex.o" --specs=nano.specs -mfpu=fpv4-sp-d16 -mfloat-abi=hard -mthumb -o "Drivers/STM32L4xx_HAL_Driver/Src/stm32l4xx_hal_uart_ex.o"
arm-none-eabi-gcc "../Core/Src/main.c" -mcpu=cortex-m4 -std=gnu11 -g3 -DDEBUG -DUSE_HAL_DRIVER -DSTM32L431xx -c -I../Core/Inc -I../Drivers/STM32L4xx_HAL_Driver/Inc -I../Drivers/STM32L4xx_HAL_Driver/Inc/Legacy -I../Drivers/CMSIS/Device/ST/STM32L4xx/Include -I../Drivers/CMSIS/Include -O0 -ffunction-sections -fdata-sections -Wall -fstack-usage -fcyclomatic-complexity -MMD -MP -MF"Core/Src/main.d" -MT"Core/Src/main.o" --specs=nano.specs -mfpu=fpv4-sp-d16 -mfloat-abi=hard -mthumb -o "Core/Src/main.o"
arm-none-eabi-gcc "../Core/Src/stm32l4xx_hal_msp.c" -mcpu=cortex-m4 -std=gnu11 -g3 -DDEBUG -DUSE_HAL_DRIVER -DSTM32L431xx -c -I../Core/Inc -I../Drivers/STM32L4xx_HAL_Driver/Inc -I../Drivers/STM32L4xx_HAL_Driver/Inc/Legacy -I../Drivers/CMSIS/Device/ST/STM32L4xx/Include -I../Drivers/CMSIS/Include -O0 -ffunction-sections -fdata-sections -Wall -fstack-usage -fcyclomatic-complexity -MMD -MP -MF"Core/Src/stm32l4xx_hal_msp.d" -MT"Core/Src/stm32l4xx_hal_msp.o" --specs=nano.specs -mfpu=fpv4-sp-d16 -mfloat-abi=hard -mthumb -o "Core/Src/stm32l4xx_hal_msp.o"
arm-none-eabi-gcc "../Core/Src/stm32l4xx_it.c" -mcpu=cortex-m4 -std=gnu11 -g3 -DDEBUG -DUSE_HAL_DRIVER -DSTM32L431xx -c -I../Core/Inc -I../Drivers/STM32L4xx_HAL_Driver/Inc -I../Drivers/STM32L4xx_HAL_Driver/Inc/Legacy -I../Drivers/CMSIS/Device/ST/STM32L4xx/Include -I../Drivers/CMSIS/Include -O0 -ffunction-sections -fdata-sections -Wall -fstack-usage -fcyclomatic-complexity -MMD -MP -MF"Core/Src/stm32l4xx_it.d" -MT"Core/Src/stm32l4xx_it.o" --specs=nano.specs -mfpu=fpv4-sp-d16 -mfloat-abi=hard -mthumb -o "Core/Src/stm32l4xx_it.o"
arm-none-eabi-gcc "../Core/Src/system_stm32l4xx.c" -mcpu=cortex-m4 -std=gnu11 -g3 -DDEBUG -DUSE_HAL_DRIVER -DSTM32L431xx -c -I../Core/Inc -I../Drivers/STM32L4xx_HAL_Driver/Inc -I../Drivers/STM32L4xx_HAL_Driver/Inc/Legacy -I../Drivers/CMSIS/Device/ST/STM32L4xx/Include -I../Drivers/CMSIS/Include -O0 -ffunction-sections -fdata-sections -Wall -fstack-usage -fcyclomatic-complexity -MMD -MP -MF"Core/Src/system_stm32l4xx.d" -MT"Core/Src/system_stm32l4xx.o" --specs=nano.specs -mfpu=fpv4-sp-d16 -mfloat-abi=hard -mthumb -o "Core/Src/system_stm32l4xx.o"
arm-none-eabi-gcc -o "wheelsboard.elf" @"objects.list"   -mcpu=cortex-m4 -T"/Users/karthikkurapati/LHR/VCAT-WheelsSensor/firmware/wheelsboard/STM32L431CBTX_FLASH.ld" --specs=nosys.specs -Wl,-Map="wheelsboard.map" -Wl,--gc-sections -static --specs=nano.specs -mfpu=fpv4-sp-d16 -mfloat-abi=hard -mthumb -Wl,--start-group -lc -lm -Wl,--end-group
Finished building target: wheelsboard.elf
 
arm-none-eabi-size  wheelsboard.elf 
arm-none-eabi-objdump -h -S wheelsboard.elf  > "wheelsboard.list"
   text	   data	    bss	    dec	    hex	filename
  15104	     12	   1828	  16944	   4230	wheelsboard.elf
Finished building: default.size.stdout
 
Finished building: wheelsboard.list
 
14:52:24 **** Incremental Build of configuration Debug for project wheelsboard ****
make -j7 all 
arm-none-eabi-gcc "../Core/Src/main.c" -mcpu=cortex-m4 -std=gnu11 -g3 -DDEBUG -DUSE_HAL_DRIVER -DSTM32L431xx -c -I../Core/Inc -I../Drivers/STM32L4xx_HAL_Driver/Inc -I../Drivers/STM32L4xx_HAL_Driver/Inc/Legacy -I../Drivers/CMSIS/Device/ST/STM32L4xx/Include -I../Drivers/CMSIS/Include -O0 -ffunction-sections -fdata-sections -Wall -fstack-usage -fcyclomatic-complexity -MMD -MP -MF"Core/Src/main.d" -MT"Core/Src/main.o" --specs=nano.specs -mfpu=fpv4-sp-d16 -mfloat-abi=hard -mthumb -o "Core/Src/main.o"
arm-none-eabi-gcc -o "wheelsboard.elf" @"objects.list"   -mcpu=cortex-m4 -T"/Users/karthikkurapati/LHR/VCAT-WheelsSensor/firmware/wheelsboard/STM32L431CBTX_FLASH.ld" --specs=nosys.specs -Wl,-Map="wheelsboard.map" -Wl,--gc-sections -static --specs=nano.specs -mfpu=fpv4-sp-d16 -mfloat-abi=hard -mthumb -Wl,--start-group -lc -lm -Wl,--end-group
Finished building target: wheelsboard.elf
 
arm-none-eabi-size  wheelsboard.elf 
arm-none-eabi-objdump -h -S wheelsboard.elf  > "wheelsboard.list"
   text	   data	    bss	    dec	    hex	filename
  15084	     12	   1828	  16924	   421c	wheelsboard.elf
Finished building: default.size.stdout
 
Finished building: wheelsboard.list
 
14:52:33 **** Incremental Build of configuration Debug for project wheelsboard ****
make -j7 all 
arm-none-eabi-size  wheelsboard.elf 
   text	   data	    bss	    dec	    hex	filename
  15084	     12	   1828	  16924	   421c	wheelsboard.elf
Finished building: default.size.stdout
 
14:53:30 **** Incremental Build of configuration Debug for project wheelsboard ****
make -j7 all 
arm-none-eabi-gcc "../Core/Src/main.c" -mcpu=cortex-m4 -std=gnu11 -g3 -DDEBUG -DUSE_HAL_DRIVER -DSTM32L431xx -c -I../Core/Inc -I../Drivers/STM32L4xx_HAL_Driver/Inc -I../Drivers/STM32L4xx_HAL_Driver/Inc/Legacy -I../Drivers/CMSIS/Device/ST/STM32L4xx/Include -I../Drivers/CMSIS/Include -O0 -ffunction-sections -fdata-sections -Wall -fstack-usage -fcyclomatic-complexity -MMD -MP -MF"Core/Src/main.d" -MT"Core/Src/main.o" --specs=nano.specs -mfpu=fpv4-sp-d16 -mfloat-abi=hard -mthumb -o "Core/Src/main.o"
arm-none-eabi-gcc -o "wheelsboard.elf" @"objects.list"   -mcpu=cortex-m4 -T"/Users/karthikkurapati/LHR/VCAT-WheelsSensor/firmware/wheelsboard/STM32L431CBTX_FLASH.ld" --specs=nosys.specs -Wl,-Map="wheelsboard.map" -Wl,--gc-sections -static --specs=nano.specs -mfpu=fpv4-sp-d16 -mfloat-abi=hard -mthumb -Wl,--start-group -lc -lm -Wl,--end-group
Finished building target: wheelsboard.elf
 
arm-none-eabi-size  wheelsboard.elf 
arm-none-eabi-objdump -h -S wheelsboard.elf  > "wheelsboard.list"
   text	   data	    bss	    dec	    hex	filename
  15104	     12	   1828	  16944	   4230	wheelsboard.elf
Finished building: default.size.stdout
 
Finished building: wheelsboard.list
 
14:55:26 **** Incremental Build of configuration Debug for project wheelsboard ****
make -j7 all 
arm-none-eabi-gcc "../Core/Src/main.c" -mcpu=cortex-m4 -std=gnu11 -g3 -DDEBUG -DUSE_HAL_DRIVER -DSTM32L431xx -c -I../Core/Inc -I../Drivers/STM32L4xx_HAL_Driver/Inc -I../Drivers/STM32L4xx_HAL_Driver/Inc/Legacy -I../Drivers/CMSIS/Device/ST/STM32L4xx/Include -I../Drivers/CMSIS/Include -O0 -ffunction-sections -fdata-sections -Wall -fstack-usage -fcyclomatic-complexity -MMD -MP -MF"Core/Src/main.d" -MT"Core/Src/main.o" --specs=nano.specs -mfpu=fpv4-sp-d16 -mfloat-abi=hard -mthumb -o "Core/Src/main.o"
arm-none-eabi-gcc -o "wheelsboard.elf" @"objects.list"   -mcpu=cortex-m4 -T"/Users/karthikkurapati/LHR/VCAT-WheelsSensor/firmware/wheelsboard/STM32L431CBTX_FLASH.ld" --specs=nosys.specs -Wl,-Map="wheelsboard.map" -Wl,--gc-sections -static --specs=nano.specs -mfpu=fpv4-sp-d16 -mfloat-abi=hard -mthumb -Wl,--start-group -lc -lm -Wl,--end-group
Finished building target: wheelsboard.elf
 
arm-none-eabi-size  wheelsboard.elf 
arm-none-eabi-objdump -h -S wheelsboard.elf  > "wheelsboard.list"
   text	   data	    bss	    dec	    hex	filename
  15104	     12	   1828	  16944	   4230	wheelsboard.elf
Finished building: default.size.stdout
 
Finished building: wheelsboard.list
 
15:02:45 **** Incremental Build of configuration Debug for project wheelsboard ****
make -j7 all 
arm-none-eabi-gcc "../Core/Src/main.c" -mcpu=cortex-m4 -std=gnu11 -g3 -DDEBUG -DUSE_HAL_DRIVER -DSTM32L431xx -c -I../Core/Inc -I../Drivers/STM32L4xx_HAL_Driver/Inc -I../Drivers/STM32L4xx_HAL_Driver/Inc/Legacy -I../Drivers/CMSIS/Device/ST/STM32L4xx/Include -I../Drivers/CMSIS/Include -O0 -ffunction-sections -fdata-sections -Wall -fstack-usage -fcyclomatic-complexity -MMD -MP -MF"Core/Src/main.d" -MT"Core/Src/main.o" --specs=nano.specs -mfpu=fpv4-sp-d16 -mfloat-abi=hard -mthumb -o "Core/Src/main.o"
arm-none-eabi-gcc -o "wheelsboard.elf" @"objects.list"   -mcpu=cortex-m4 -T"/Users/karthikkurapati/LHR/VCAT-WheelsSensor/firmware/wheelsboard/STM32L431CBTX_FLASH.ld" --specs=nosys.specs -Wl,-Map="wheelsboard.map" -Wl,--gc-sections -static --specs=nano.specs -mfpu=fpv4-sp-d16 -mfloat-abi=hard -mthumb -Wl,--start-group -lc -lm -Wl,--end-group
Finished building target: wheelsboard.elf
 
arm-none-eabi-size  wheelsboard.elf 
arm-none-eabi-objdump -h -S wheelsboard.elf  > "wheelsboard.list"
   text	   data	    bss	    dec	    hex	filename
  15104	     12	   1828	  16944	   4230	wheelsboard.elf
Finished building: default.size.stdout
 
Finished building: wheelsboard.list
 
15:03:45 **** Incremental Build of configuration Debug for project wheelsboard ****
make -j7 all 
arm-none-eabi-gcc "../Core/Src/main.c" -mcpu=cortex-m4 -std=gnu11 -g3 -DDEBUG -DUSE_HAL_DRIVER -DSTM32L431xx -c -I../Core/Inc -I../Drivers/STM32L4xx_HAL_Driver/Inc -I../Drivers/STM32L4xx_HAL_Driver/Inc/Legacy -I../Drivers/CMSIS/Device/ST/STM32L4xx/Include -I../Drivers/CMSIS/Include -O0 -ffunction-sections -fdata-sections -Wall -fstack-usage -fcyclomatic-complexity -MMD -MP -MF"Core/Src/main.d" -MT"Core/Src/main.o" --specs=nano.specs -mfpu=fpv4-sp-d16 -mfloat-abi=hard -mthumb -o "Core/Src/main.o"
arm-none-eabi-gcc -o "wheelsboard.elf" @"objects.list"   -mcpu=cortex-m4 -T"/Users/karthikkurapati/LHR/VCAT-WheelsSensor/firmware/wheelsboard/STM32L431CBTX_FLASH.ld" --specs=nosys.specs -Wl,-Map="wheelsboard.map" -Wl,--gc-sections -static --specs=nano.specs -mfpu=fpv4-sp-d16 -mfloat-abi=hard -mthumb -Wl,--start-group -lc -lm -Wl,--end-group
Finished building target: wheelsboard.elf
 
arm-none-eabi-size  wheelsboard.elf 
arm-none-eabi-objdump -h -S wheelsboard.elf  > "wheelsboard.list"
   text	   data	    bss	    dec	    hex	filename
  15104	     12	   1828	  16944	   4230	wheelsboard.elf
Finished building: default.size.stdout
 
Finished building: wheelsboard.list
 
15:09:04 **** Incremental Build of configuration Debug for project wheelsboard ****
make -j7 all 
arm-none-eabi-gcc "../Core/Src/main.c" -mcpu=cortex-m4 -std=gnu11 -g3 -DDEBUG -DUSE_HAL_DRIVER -DSTM32L431xx -c -I../Core/Inc -I../Drivers/STM32L4xx_HAL_Driver/Inc -I../Drivers/STM32L4xx_HAL_Driver/Inc/Legacy -I../Drivers/CMSIS/Device/ST/STM32L4xx/Include -I../Drivers/CMSIS/Include -O0 -ffunction-sections -fdata-sections -Wall -fstack-usage -fcyclomatic-complexity -MMD -MP -MF"Core/Src/main.d" -MT"Core/Src/main.o" --specs=nano.specs -mfpu=fpv4-sp-d16 -mfloat-abi=hard -mthumb -o "Core/Src/main.o"
arm-none-eabi-gcc -o "wheelsboard.elf" @"objects.list"   -mcpu=cortex-m4 -T"/Users/karthikkurapati/LHR/VCAT-WheelsSensor/firmware/wheelsboard/STM32L431CBTX_FLASH.ld" --specs=nosys.specs -Wl,-Map="wheelsboard.map" -Wl,--gc-sections -static --specs=nano.specs -mfpu=fpv4-sp-d16 -mfloat-abi=hard -mthumb -Wl,--start-group -lc -lm -Wl,--end-group
Finished building target: wheelsboard.elf
 
arm-none-eabi-size  wheelsboard.elf 
arm-none-eabi-objdump -h -S wheelsboard.elf  > "wheelsboard.list"
   text	   data	    bss	    dec	    hex	filename
  15104	     12	   1828	  16944	   4230	wheelsboard.elf
Finished building: default.size.stdout
 
Finished building: wheelsboard.list
 
15:51:15 **** Incremental Build of configuration Debug for project wheelsboard ****
make -j7 all 
arm-none-eabi-gcc "../Drivers/STM32L4xx_HAL_Driver/Src/stm32l4xx_hal.c" -mcpu=cortex-m4 -std=gnu11 -g3 -DDEBUG -DUSE_HAL_DRIVER -DSTM32L431xx -c -I../Core/Inc -I../Drivers/STM32L4xx_HAL_Driver/Inc -I../Drivers/STM32L4xx_HAL_Driver/Inc/Legacy -I../Drivers/CMSIS/Device/ST/STM32L4xx/Include -I../Drivers/CMSIS/Include -O0 -ffunction-sections -fdata-sections -Wall -fstack-usage -fcyclomatic-complexity -MMD -MP -MF"Drivers/STM32L4xx_HAL_Driver/Src/stm32l4xx_hal.d" -MT"Drivers/STM32L4xx_HAL_Driver/Src/stm32l4xx_hal.o" --specs=nano.specs -mfpu=fpv4-sp-d16 -mfloat-abi=hard -mthumb -o "Drivers/STM32L4xx_HAL_Driver/Src/stm32l4xx_hal.o"
arm-none-eabi-gcc "../Drivers/STM32L4xx_HAL_Driver/Src/stm32l4xx_hal_can.c" -mcpu=cortex-m4 -std=gnu11 -g3 -DDEBUG -DUSE_HAL_DRIVER -DSTM32L431xx -c -I../Core/Inc -I../Drivers/STM32L4xx_HAL_Driver/Inc -I../Drivers/STM32L4xx_HAL_Driver/Inc/Legacy -I../Drivers/CMSIS/Device/ST/STM32L4xx/Include -I../Drivers/CMSIS/Include -O0 -ffunction-sections -fdata-sections -Wall -fstack-usage -fcyclomatic-complexity -MMD -MP -MF"Drivers/STM32L4xx_HAL_Driver/Src/stm32l4xx_hal_can.d" -MT"Drivers/STM32L4xx_HAL_Driver/Src/stm32l4xx_hal_can.o" --specs=nano.specs -mfpu=fpv4-sp-d16 -mfloat-abi=hard -mthumb -o "Drivers/STM32L4xx_HAL_Driver/Src/stm32l4xx_hal_can.o"
arm-none-eabi-gcc "../Drivers/STM32L4xx_HAL_Driver/Src/stm32l4xx_hal_cortex.c" -mcpu=cortex-m4 -std=gnu11 -g3 -DDEBUG -DUSE_HAL_DRIVER -DSTM32L431xx -c -I../Core/Inc -I../Drivers/STM32L4xx_HAL_Driver/Inc -I../Drivers/STM32L4xx_HAL_Driver/Inc/Legacy -I../Drivers/CMSIS/Device/ST/STM32L4xx/Include -I../Drivers/CMSIS/Include -O0 -ffunction-sections -fdata-sections -Wall -fstack-usage -fcyclomatic-complexity -MMD -MP -MF"Drivers/STM32L4xx_HAL_Driver/Src/stm32l4xx_hal_cortex.d" -MT"Drivers/STM32L4xx_HAL_Driver/Src/stm32l4xx_hal_cortex.o" --specs=nano.specs -mfpu=fpv4-sp-d16 -mfloat-abi=hard -mthumb -o "Drivers/STM32L4xx_HAL_Driver/Src/stm32l4xx_hal_cortex.o"
arm-none-eabi-gcc "../Drivers/STM32L4xx_HAL_Driver/Src/stm32l4xx_hal_dma.c" -mcpu=cortex-m4 -std=gnu11 -g3 -DDEBUG -DUSE_HAL_DRIVER -DSTM32L431xx -c -I../Core/Inc -I../Drivers/STM32L4xx_HAL_Driver/Inc -I../Drivers/STM32L4xx_HAL_Driver/Inc/Legacy -I../Drivers/CMSIS/Device/ST/STM32L4xx/Include -I../Drivers/CMSIS/Include -O0 -ffunction-sections -fdata-sections -Wall -fstack-usage -fcyclomatic-complexity -MMD -MP -MF"Drivers/STM32L4xx_HAL_Driver/Src/stm32l4xx_hal_dma.d" -MT"Drivers/STM32L4xx_HAL_Driver/Src/stm32l4xx_hal_dma.o" --specs=nano.specs -mfpu=fpv4-sp-d16 -mfloat-abi=hard -mthumb -o "Drivers/STM32L4xx_HAL_Driver/Src/stm32l4xx_hal_dma.o"
arm-none-eabi-gcc "../Drivers/STM32L4xx_HAL_Driver/Src/stm32l4xx_hal_dma_ex.c" -mcpu=cortex-m4 -std=gnu11 -g3 -DDEBUG -DUSE_HAL_DRIVER -DSTM32L431xx -c -I../Core/Inc -I../Drivers/STM32L4xx_HAL_Driver/Inc -I../Drivers/STM32L4xx_HAL_Driver/Inc/Legacy -I../Drivers/CMSIS/Device/ST/STM32L4xx/Include -I../Drivers/CMSIS/Include -O0 -ffunction-sections -fdata-sections -Wall -fstack-usage -fcyclomatic-complexity -MMD -MP -MF"Drivers/STM32L4xx_HAL_Driver/Src/stm32l4xx_hal_dma_ex.d" -MT"Drivers/STM32L4xx_HAL_Driver/Src/stm32l4xx_hal_dma_ex.o" --specs=nano.specs -mfpu=fpv4-sp-d16 -mfloat-abi=hard -mthumb -o "Drivers/STM32L4xx_HAL_Driver/Src/stm32l4xx_hal_dma_ex.o"
arm-none-eabi-gcc "../Drivers/STM32L4xx_HAL_Driver/Src/stm32l4xx_hal_exti.c" -mcpu=cortex-m4 -std=gnu11 -g3 -DDEBUG -DUSE_HAL_DRIVER -DSTM32L431xx -c -I../Core/Inc -I../Drivers/STM32L4xx_HAL_Driver/Inc -I../Drivers/STM32L4xx_HAL_Driver/Inc/Legacy -I../Drivers/CMSIS/Device/ST/STM32L4xx/Include -I../Drivers/CMSIS/Include -O0 -ffunction-sections -fdata-sections -Wall -fstack-usage -fcyclomatic-complexity -MMD -MP -MF"Drivers/STM32L4xx_HAL_Driver/Src/stm32l4xx_hal_exti.d" -MT"Drivers/STM32L4xx_HAL_Driver/Src/stm32l4xx_hal_exti.o" --specs=nano.specs -mfpu=fpv4-sp-d16 -mfloat-abi=hard -mthumb -o "Drivers/STM32L4xx_HAL_Driver/Src/stm32l4xx_hal_exti.o"
arm-none-eabi-gcc "../Drivers/STM32L4xx_HAL_Driver/Src/stm32l4xx_hal_flash.c" -mcpu=cortex-m4 -std=gnu11 -g3 -DDEBUG -DUSE_HAL_DRIVER -DSTM32L431xx -c -I../Core/Inc -I../Drivers/STM32L4xx_HAL_Driver/Inc -I../Drivers/STM32L4xx_HAL_Driver/Inc/Legacy -I../Drivers/CMSIS/Device/ST/STM32L4xx/Include -I../Drivers/CMSIS/Include -O0 -ffunction-sections -fdata-sections -Wall -fstack-usage -fcyclomatic-complexity -MMD -MP -MF"Drivers/STM32L4xx_HAL_Driver/Src/stm32l4xx_hal_flash.d" -MT"Drivers/STM32L4xx_HAL_Driver/Src/stm32l4xx_hal_flash.o" --specs=nano.specs -mfpu=fpv4-sp-d16 -mfloat-abi=hard -mthumb -o "Drivers/STM32L4xx_HAL_Driver/Src/stm32l4xx_hal_flash.o"
arm-none-eabi-gcc "../Drivers/STM32L4xx_HAL_Driver/Src/stm32l4xx_hal_flash_ex.c" -mcpu=cortex-m4 -std=gnu11 -g3 -DDEBUG -DUSE_HAL_DRIVER -DSTM32L431xx -c -I../Core/Inc -I../Drivers/STM32L4xx_HAL_Driver/Inc -I../Drivers/STM32L4xx_HAL_Driver/Inc/Legacy -I../Drivers/CMSIS/Device/ST/STM32L4xx/Include -I../Drivers/CMSIS/Include -O0 -ffunction-sections -fdata-sections -Wall -fstack-usage -fcyclomatic-complexity -MMD -MP -MF"Drivers/STM32L4xx_HAL_Driver/Src/stm32l4xx_hal_flash_ex.d" -MT"Drivers/STM32L4xx_HAL_Driver/Src/stm32l4xx_hal_flash_ex.o" --specs=nano.specs -mfpu=fpv4-sp-d16 -mfloat-abi=hard -mthumb -o "Drivers/STM32L4xx_HAL_Driver/Src/stm32l4xx_hal_flash_ex.o"
arm-none-eabi-gcc "../Drivers/STM32L4xx_HAL_Driver/Src/stm32l4xx_hal_flash_ramfunc.c" -mcpu=cortex-m4 -std=gnu11 -g3 -DDEBUG -DUSE_HAL_DRIVER -DSTM32L431xx -c -I../Core/Inc -I../Drivers/STM32L4xx_HAL_Driver/Inc -I../Drivers/STM32L4xx_HAL_Driver/Inc/Legacy -I../Drivers/CMSIS/Device/ST/STM32L4xx/Include -I../Drivers/CMSIS/Include -O0 -ffunction-sections -fdata-sections -Wall -fstack-usage -fcyclomatic-complexity -MMD -MP -MF"Drivers/STM32L4xx_HAL_Driver/Src/stm32l4xx_hal_flash_ramfunc.d" -MT"Drivers/STM32L4xx_HAL_Driver/Src/stm32l4xx_hal_flash_ramfunc.o" --specs=nano.specs -mfpu=fpv4-sp-d16 -mfloat-abi=hard -mthumb -o "Drivers/STM32L4xx_HAL_Driver/Src/stm32l4xx_hal_flash_ramfunc.o"
arm-none-eabi-gcc "../Drivers/STM32L4xx_HAL_Driver/Src/stm32l4xx_hal_gpio.c" -mcpu=cortex-m4 -std=gnu11 -g3 -DDEBUG -DUSE_HAL_DRIVER -DSTM32L431xx -c -I../Core/Inc -I../Drivers/STM32L4xx_HAL_Driver/Inc -I../Drivers/STM32L4xx_HAL_Driver/Inc/Legacy -I../Drivers/CMSIS/Device/ST/STM32L4xx/Include -I../Drivers/CMSIS/Include -O0 -ffunction-sections -fdata-sections -Wall -fstack-usage -fcyclomatic-complexity -MMD -MP -MF"Drivers/STM32L4xx_HAL_Driver/Src/stm32l4xx_hal_gpio.d" -MT"Drivers/STM32L4xx_HAL_Driver/Src/stm32l4xx_hal_gpio.o" --specs=nano.specs -mfpu=fpv4-sp-d16 -mfloat-abi=hard -mthumb -o "Drivers/STM32L4xx_HAL_Driver/Src/stm32l4xx_hal_gpio.o"
arm-none-eabi-gcc "../Drivers/STM32L4xx_HAL_Driver/Src/stm32l4xx_hal_i2c.c" -mcpu=cortex-m4 -std=gnu11 -g3 -DDEBUG -DUSE_HAL_DRIVER -DSTM32L431xx -c -I../Core/Inc -I../Drivers/STM32L4xx_HAL_Driver/Inc -I../Drivers/STM32L4xx_HAL_Driver/Inc/Legacy -I../Drivers/CMSIS/Device/ST/STM32L4xx/Include -I../Drivers/CMSIS/Include -O0 -ffunction-sections -fdata-sections -Wall -fstack-usage -fcyclomatic-complexity -MMD -MP -MF"Drivers/STM32L4xx_HAL_Driver/Src/stm32l4xx_hal_i2c.d" -MT"Drivers/STM32L4xx_HAL_Driver/Src/stm32l4xx_hal_i2c.o" --specs=nano.specs -mfpu=fpv4-sp-d16 -mfloat-abi=hard -mthumb -o "Drivers/STM32L4xx_HAL_Driver/Src/stm32l4xx_hal_i2c.o"
arm-none-eabi-gcc "../Drivers/STM32L4xx_HAL_Driver/Src/stm32l4xx_hal_i2c_ex.c" -mcpu=cortex-m4 -std=gnu11 -g3 -DDEBUG -DUSE_HAL_DRIVER -DSTM32L431xx -c -I../Core/Inc -I../Drivers/STM32L4xx_HAL_Driver/Inc -I../Drivers/STM32L4xx_HAL_Driver/Inc/Legacy -I../Drivers/CMSIS/Device/ST/STM32L4xx/Include -I../Drivers/CMSIS/Include -O0 -ffunction-sections -fdata-sections -Wall -fstack-usage -fcyclomatic-complexity -MMD -MP -MF"Drivers/STM32L4xx_HAL_Driver/Src/stm32l4xx_hal_i2c_ex.d" -MT"Drivers/STM32L4xx_HAL_Driver/Src/stm32l4xx_hal_i2c_ex.o" --specs=nano.specs -mfpu=fpv4-sp-d16 -mfloat-abi=hard -mthumb -o "Drivers/STM32L4xx_HAL_Driver/Src/stm32l4xx_hal_i2c_ex.o"
arm-none-eabi-gcc "../Drivers/STM32L4xx_HAL_Driver/Src/stm32l4xx_hal_pwr.c" -mcpu=cortex-m4 -std=gnu11 -g3 -DDEBUG -DUSE_HAL_DRIVER -DSTM32L431xx -c -I../Core/Inc -I../Drivers/STM32L4xx_HAL_Driver/Inc -I../Drivers/STM32L4xx_HAL_Driver/Inc/Legacy -I../Drivers/CMSIS/Device/ST/STM32L4xx/Include -I../Drivers/CMSIS/Include -O0 -ffunction-sections -fdata-sections -Wall -fstack-usage -fcyclomatic-complexity -MMD -MP -MF"Drivers/STM32L4xx_HAL_Driver/Src/stm32l4xx_hal_pwr.d" -MT"Drivers/STM32L4xx_HAL_Driver/Src/stm32l4xx_hal_pwr.o" --specs=nano.specs -mfpu=fpv4-sp-d16 -mfloat-abi=hard -mthumb -o "Drivers/STM32L4xx_HAL_Driver/Src/stm32l4xx_hal_pwr.o"
arm-none-eabi-gcc "../Drivers/STM32L4xx_HAL_Driver/Src/stm32l4xx_hal_pwr_ex.c" -mcpu=cortex-m4 -std=gnu11 -g3 -DDEBUG -DUSE_HAL_DRIVER -DSTM32L431xx -c -I../Core/Inc -I../Drivers/STM32L4xx_HAL_Driver/Inc -I../Drivers/STM32L4xx_HAL_Driver/Inc/Legacy -I../Drivers/CMSIS/Device/ST/STM32L4xx/Include -I../Drivers/CMSIS/Include -O0 -ffunction-sections -fdata-sections -Wall -fstack-usage -fcyclomatic-complexity -MMD -MP -MF"Drivers/STM32L4xx_HAL_Driver/Src/stm32l4xx_hal_pwr_ex.d" -MT"Drivers/STM32L4xx_HAL_Driver/Src/stm32l4xx_hal_pwr_ex.o" --specs=nano.specs -mfpu=fpv4-sp-d16 -mfloat-abi=hard -mthumb -o "Drivers/STM32L4xx_HAL_Driver/Src/stm32l4xx_hal_pwr_ex.o"
arm-none-eabi-gcc "../Drivers/STM32L4xx_HAL_Driver/Src/stm32l4xx_hal_rcc.c" -mcpu=cortex-m4 -std=gnu11 -g3 -DDEBUG -DUSE_HAL_DRIVER -DSTM32L431xx -c -I../Core/Inc -I../Drivers/STM32L4xx_HAL_Driver/Inc -I../Drivers/STM32L4xx_HAL_Driver/Inc/Legacy -I../Drivers/CMSIS/Device/ST/STM32L4xx/Include -I../Drivers/CMSIS/Include -O0 -ffunction-sections -fdata-sections -Wall -fstack-usage -fcyclomatic-complexity -MMD -MP -MF"Drivers/STM32L4xx_HAL_Driver/Src/stm32l4xx_hal_rcc.d" -MT"Drivers/STM32L4xx_HAL_Driver/Src/stm32l4xx_hal_rcc.o" --specs=nano.specs -mfpu=fpv4-sp-d16 -mfloat-abi=hard -mthumb -o "Drivers/STM32L4xx_HAL_Driver/Src/stm32l4xx_hal_rcc.o"
arm-none-eabi-gcc "../Drivers/STM32L4xx_HAL_Driver/Src/stm32l4xx_hal_rcc_ex.c" -mcpu=cortex-m4 -std=gnu11 -g3 -DDEBUG -DUSE_HAL_DRIVER -DSTM32L431xx -c -I../Core/Inc -I../Drivers/STM32L4xx_HAL_Driver/Inc -I../Drivers/STM32L4xx_HAL_Driver/Inc/Legacy -I../Drivers/CMSIS/Device/ST/STM32L4xx/Include -I../Drivers/CMSIS/Include -O0 -ffunction-sections -fdata-sections -Wall -fstack-usage -fcyclomatic-complexity -MMD -MP -MF"Drivers/STM32L4xx_HAL_Driver/Src/stm32l4xx_hal_rcc_ex.d" -MT"Drivers/STM32L4xx_HAL_Driver/Src/stm32l4xx_hal_rcc_ex.o" --specs=nano.specs -mfpu=fpv4-sp-d16 -mfloat-abi=hard -mthumb -o "Drivers/STM32L4xx_HAL_Driver/Src/stm32l4xx_hal_rcc_ex.o"
arm-none-eabi-gcc "../Drivers/STM32L4xx_HAL_Driver/Src/stm32l4xx_hal_uart.c" -mcpu=cortex-m4 -std=gnu11 -g3 -DDEBUG -DUSE_HAL_DRIVER -DSTM32L431xx -c -I../Core/Inc -I../Drivers/STM32L4xx_HAL_Driver/Inc -I../Drivers/STM32L4xx_HAL_Driver/Inc/Legacy -I../Drivers/CMSIS/Device/ST/STM32L4xx/Include -I../Drivers/CMSIS/Include -O0 -ffunction-sections -fdata-sections -Wall -fstack-usage -fcyclomatic-complexity -MMD -MP -MF"Drivers/STM32L4xx_HAL_Driver/Src/stm32l4xx_hal_uart.d" -MT"Drivers/STM32L4xx_HAL_Driver/Src/stm32l4xx_hal_uart.o" --specs=nano.specs -mfpu=fpv4-sp-d16 -mfloat-abi=hard -mthumb -o "Drivers/STM32L4xx_HAL_Driver/Src/stm32l4xx_hal_uart.o"
arm-none-eabi-gcc "../Drivers/STM32L4xx_HAL_Driver/Src/stm32l4xx_hal_uart_ex.c" -mcpu=cortex-m4 -std=gnu11 -g3 -DDEBUG -DUSE_HAL_DRIVER -DSTM32L431xx -c -I../Core/Inc -I../Drivers/STM32L4xx_HAL_Driver/Inc -I../Drivers/STM32L4xx_HAL_Driver/Inc/Legacy -I../Drivers/CMSIS/Device/ST/STM32L4xx/Include -I../Drivers/CMSIS/Include -O0 -ffunction-sections -fdata-sections -Wall -fstack-usage -fcyclomatic-complexity -MMD -MP -MF"Drivers/STM32L4xx_HAL_Driver/Src/stm32l4xx_hal_uart_ex.d" -MT"Drivers/STM32L4xx_HAL_Driver/Src/stm32l4xx_hal_uart_ex.o" --specs=nano.specs -mfpu=fpv4-sp-d16 -mfloat-abi=hard -mthumb -o "Drivers/STM32L4xx_HAL_Driver/Src/stm32l4xx_hal_uart_ex.o"
arm-none-eabi-gcc "../Core/Src/main.c" -mcpu=cortex-m4 -std=gnu11 -g3 -DDEBUG -DUSE_HAL_DRIVER -DSTM32L431xx -c -I../Core/Inc -I../Drivers/STM32L4xx_HAL_Driver/Inc -I../Drivers/STM32L4xx_HAL_Driver/Inc/Legacy -I../Drivers/CMSIS/Device/ST/STM32L4xx/Include -I../Drivers/CMSIS/Include -O0 -ffunction-sections -fdata-sections -Wall -fstack-usage -fcyclomatic-complexity -MMD -MP -MF"Core/Src/main.d" -MT"Core/Src/main.o" --specs=nano.specs -mfpu=fpv4-sp-d16 -mfloat-abi=hard -mthumb -o "Core/Src/main.o"
arm-none-eabi-gcc "../Core/Src/stm32l4xx_hal_msp.c" -mcpu=cortex-m4 -std=gnu11 -g3 -DDEBUG -DUSE_HAL_DRIVER -DSTM32L431xx -c -I../Core/Inc -I../Drivers/STM32L4xx_HAL_Driver/Inc -I../Drivers/STM32L4xx_HAL_Driver/Inc/Legacy -I../Drivers/CMSIS/Device/ST/STM32L4xx/Include -I../Drivers/CMSIS/Include -O0 -ffunction-sections -fdata-sections -Wall -fstack-usage -fcyclomatic-complexity -MMD -MP -MF"Core/Src/stm32l4xx_hal_msp.d" -MT"Core/Src/stm32l4xx_hal_msp.o" --specs=nano.specs -mfpu=fpv4-sp-d16 -mfloat-abi=hard -mthumb -o "Core/Src/stm32l4xx_hal_msp.o"
arm-none-eabi-gcc "../Core/Src/stm32l4xx_it.c" -mcpu=cortex-m4 -std=gnu11 -g3 -DDEBUG -DUSE_HAL_DRIVER -DSTM32L431xx -c -I../Core/Inc -I../Drivers/STM32L4xx_HAL_Driver/Inc -I../Drivers/STM32L4xx_HAL_Driver/Inc/Legacy -I../Drivers/CMSIS/Device/ST/STM32L4xx/Include -I../Drivers/CMSIS/Include -O0 -ffunction-sections -fdata-sections -Wall -fstack-usage -fcyclomatic-complexity -MMD -MP -MF"Core/Src/stm32l4xx_it.d" -MT"Core/Src/stm32l4xx_it.o" --specs=nano.specs -mfpu=fpv4-sp-d16 -mfloat-abi=hard -mthumb -o "Core/Src/stm32l4xx_it.o"
arm-none-eabi-gcc "../Core/Src/system_stm32l4xx.c" -mcpu=cortex-m4 -std=gnu11 -g3 -DDEBUG -DUSE_HAL_DRIVER -DSTM32L431xx -c -I../Core/Inc -I../Drivers/STM32L4xx_HAL_Driver/Inc -I../Drivers/STM32L4xx_HAL_Driver/Inc/Legacy -I../Drivers/CMSIS/Device/ST/STM32L4xx/Include -I../Drivers/CMSIS/Include -O0 -ffunction-sections -fdata-sections -Wall -fstack-usage -fcyclomatic-complexity -MMD -MP -MF"Core/Src/system_stm32l4xx.d" -MT"Core/Src/system_stm32l4xx.o" --specs=nano.specs -mfpu=fpv4-sp-d16 -mfloat-abi=hard -mthumb -o "Core/Src/system_stm32l4xx.o"
arm-none-eabi-gcc -o "wheelsboard.elf" @"objects.list"   -mcpu=cortex-m4 -T"/Users/karthikkurapati/LHR/VCAT-WheelsSensor/firmware/wheelsboard/STM32L431CBTX_FLASH.ld" --specs=nosys.specs -Wl,-Map="wheelsboard.map" -Wl,--gc-sections -static --specs=nano.specs -mfpu=fpv4-sp-d16 -mfloat-abi=hard -mthumb -Wl,--start-group -lc -lm -Wl,--end-group
Finished building target: wheelsboard.elf
 
arm-none-eabi-size  wheelsboard.elf 
arm-none-eabi-objdump -h -S wheelsboard.elf  > "wheelsboard.list"
   text	   data	    bss	    dec	    hex	filename
  15132	     12	   1828	  16972	   424c	wheelsboard.elf
Finished building: default.size.stdout
 
Finished building: wheelsboard.list
 
15:53:29 **** Incremental Build of configuration Debug for project wheelsboard ****
make -j7 all 
arm-none-eabi-size  wheelsboard.elf 
   text	   data	    bss	    dec	    hex	filename
  15132	     12	   1828	  16972	   424c	wheelsboard.elf
Finished building: default.size.stdout
 
16:11:22 **** Incremental Build of configuration Debug for project wheelsboard ****
make -j7 all 
arm-none-eabi-gcc "../Core/Src/main.c" -mcpu=cortex-m4 -std=gnu11 -g3 -DDEBUG -DUSE_HAL_DRIVER -DSTM32L431xx -c -I../Core/Inc -I../Drivers/STM32L4xx_HAL_Driver/Inc -I../Drivers/STM32L4xx_HAL_Driver/Inc/Legacy -I../Drivers/CMSIS/Device/ST/STM32L4xx/Include -I../Drivers/CMSIS/Include -O0 -ffunction-sections -fdata-sections -Wall -fstack-usage -fcyclomatic-complexity -MMD -MP -MF"Core/Src/main.d" -MT"Core/Src/main.o" --specs=nano.specs -mfpu=fpv4-sp-d16 -mfloat-abi=hard -mthumb -o "Core/Src/main.o"
../Core/Src/main.c: In function 'main':
../Core/Src/main.c:106:3: error: stray '\302' in program
  106 |   <U+00A0><U+00A0>/* Fill TX header */
      |   ^~~~~~~~
../Core/Src/main.c:106:4: error: stray '\302' in program
  106 |   <U+00A0><U+00A0>/* Fill TX header */
      |           ^~~~~~~~
../Core/Src/main.c:107:26: error: stray '\302' in program
  107 |   txHeader.StdId = 0x123;<U+00A0><U+00A0><U+00A0><U+00A0><U+00A0><U+00A0><U+00A0><U+00A0><U+00A0><U+00A0><U+00A0><U+00A0><U+00A0><U+00A0><U+00A0><U+00A0> // 11-bit standard CAN ID
      |                          ^~~~~~~~
../Core/Src/main.c:107:27: error: stray '\302' in program
  107 |   txHeader.StdId = 0x123;<U+00A0><U+00A0><U+00A0><U+00A0><U+00A0><U+00A0><U+00A0><U+00A0><U+00A0><U+00A0><U+00A0><U+00A0><U+00A0><U+00A0><U+00A0><U+00A0> // 11-bit standard CAN ID
      |                                  ^~~~~~~~
../Core/Src/main.c:107:28: error: stray '\302' in program
  107 |   txHeader.StdId = 0x123;<U+00A0><U+00A0><U+00A0><U+00A0><U+00A0><U+00A0><U+00A0><U+00A0><U+00A0><U+00A0><U+00A0><U+00A0><U+00A0><U+00A0><U+00A0><U+00A0> // 11-bit standard CAN ID
      |                                          ^~~~~~~~
../Core/Src/main.c:107:29: error: stray '\302' in program
  107 |   txHeader.StdId = 0x123;<U+00A0><U+00A0><U+00A0><U+00A0><U+00A0><U+00A0><U+00A0><U+00A0><U+00A0><U+00A0><U+00A0><U+00A0><U+00A0><U+00A0><U+00A0><U+00A0> // 11-bit standard CAN ID
      |                                                  ^~~~~~~~
../Core/Src/main.c:107:30: error: stray '\302' in program
  107 |   txHeader.StdId = 0x123;<U+00A0><U+00A0><U+00A0><U+00A0><U+00A0><U+00A0><U+00A0><U+00A0><U+00A0><U+00A0><U+00A0><U+00A0><U+00A0><U+00A0><U+00A0><U+00A0> // 11-bit standard CAN ID
      |                                                          ^~~~~~~~
../Core/Src/main.c:107:31: error: stray '\302' in program
  107 |   txHeader.StdId = 0x123;<U+00A0><U+00A0><U+00A0><U+00A0><U+00A0><U+00A0><U+00A0><U+00A0><U+00A0><U+00A0><U+00A0><U+00A0><U+00A0><U+00A0><U+00A0><U+00A0> // 11-bit standard CAN ID
      |                                                                  ^~~~~~~~
../Core/Src/main.c:107:32: error: stray '\302' in program
  107 |   txHeader.StdId = 0x123;<U+00A0><U+00A0><U+00A0><U+00A0><U+00A0><U+00A0><U+00A0><U+00A0><U+00A0><U+00A0><U+00A0><U+00A0><U+00A0><U+00A0><U+00A0><U+00A0> // 11-bit standard CAN ID
      |                                                                          ^~~~~~~~
../Core/Src/main.c:107:33: error: stray '\302' in program
  107 |   txHeader.StdId = 0x123;<U+00A0><U+00A0><U+00A0><U+00A0><U+00A0><U+00A0><U+00A0><U+00A0><U+00A0><U+00A0><U+00A0><U+00A0><U+00A0><U+00A0><U+00A0><U+00A0> // 11-bit standard CAN ID
      |                                                                                  ^~~~~~~~
../Core/Src/main.c:107:34: error: stray '\302' in program
  107 |   txHeader.StdId = 0x123;<U+00A0><U+00A0><U+00A0><U+00A0><U+00A0><U+00A0><U+00A0><U+00A0><U+00A0><U+00A0><U+00A0><U+00A0><U+00A0><U+00A0><U+00A0><U+00A0> // 11-bit standard CAN ID
      |                                                                                          ^~~~~~~~
../Core/Src/main.c:107:35: error: stray '\302' in program
  107 |   txHeader.StdId = 0x123;<U+00A0><U+00A0><U+00A0><U+00A0><U+00A0><U+00A0><U+00A0><U+00A0><U+00A0><U+00A0><U+00A0><U+00A0><U+00A0><U+00A0><U+00A0><U+00A0> // 11-bit standard CAN ID
      |                                                                                                  ^~~~~~~~
../Core/Src/main.c:107:36: error: stray '\302' in program
  107 |   txHeader.StdId = 0x123;<U+00A0><U+00A0><U+00A0><U+00A0><U+00A0><U+00A0><U+00A0><U+00A0><U+00A0><U+00A0><U+00A0><U+00A0><U+00A0><U+00A0><U+00A0><U+00A0> // 11-bit standard CAN ID
      |                                                                                                          ^~~~~~~~
../Core/Src/main.c:107:37: error: stray '\302' in program
  107 |   txHeader.StdId = 0x123;<U+00A0><U+00A0><U+00A0><U+00A0><U+00A0><U+00A0><U+00A0><U+00A0><U+00A0><U+00A0><U+00A0><U+00A0><U+00A0><U+00A0><U+00A0><U+00A0> // 11-bit standard CAN ID
      |                                                                                                                  ^~~~~~~~
../Core/Src/main.c:107:38: error: stray '\302' in program
  107 |   txHeader.StdId = 0x123;<U+00A0><U+00A0><U+00A0><U+00A0><U+00A0><U+00A0><U+00A0><U+00A0><U+00A0><U+00A0><U+00A0><U+00A0><U+00A0><U+00A0><U+00A0><U+00A0> // 11-bit standard CAN ID
      |                                                                                                                          ^~~~~~~~
../Core/Src/main.c:107:39: error: stray '\302' in program
  107 |   txHeader.StdId = 0x123;<U+00A0><U+00A0><U+00A0><U+00A0><U+00A0><U+00A0><U+00A0><U+00A0><U+00A0><U+00A0><U+00A0><U+00A0><U+00A0><U+00A0><U+00A0><U+00A0> // 11-bit standard CAN ID
      |                                                                                                                                  ^~~~~~~~
../Core/Src/main.c:107:40: error: stray '\302' in program
  107 |   txHeader.StdId = 0x123;<U+00A0><U+00A0><U+00A0><U+00A0><U+00A0><U+00A0><U+00A0><U+00A0><U+00A0><U+00A0><U+00A0><U+00A0><U+00A0><U+00A0><U+00A0><U+00A0> // 11-bit standard CAN ID
      |                                                                                                                                          ^~~~~~~~
../Core/Src/main.c:107:41: error: stray '\302' in program
  107 |   txHeader.StdId = 0x123;<U+00A0><U+00A0><U+00A0><U+00A0><U+00A0><U+00A0><U+00A0><U+00A0><U+00A0><U+00A0><U+00A0><U+00A0><U+00A0><U+00A0><U+00A0><U+00A0> // 11-bit standard CAN ID
      |                                                                                                                                                  ^~~~~~~~
../Core/Src/main.c:108:25: error: stray '\302' in program
  108 |   txHeader.ExtId = 0x00;<U+00A0><U+00A0><U+00A0><U+00A0><U+00A0><U+00A0><U+00A0><U+00A0><U+00A0><U+00A0><U+00A0><U+00A0><U+00A0><U+00A0><U+00A0><U+00A0><U+00A0> // Not used for standard ID
      |                         ^~~~~~~~
../Core/Src/main.c:108:26: error: stray '\302' in program
  108 |   txHeader.ExtId = 0x00;<U+00A0><U+00A0><U+00A0><U+00A0><U+00A0><U+00A0><U+00A0><U+00A0><U+00A0><U+00A0><U+00A0><U+00A0><U+00A0><U+00A0><U+00A0><U+00A0><U+00A0> // Not used for standard ID
      |                                 ^~~~~~~~
../Core/Src/main.c:108:27: error: stray '\302' in program
  108 |   txHeader.ExtId = 0x00;<U+00A0><U+00A0><U+00A0><U+00A0><U+00A0><U+00A0><U+00A0><U+00A0><U+00A0><U+00A0><U+00A0><U+00A0><U+00A0><U+00A0><U+00A0><U+00A0><U+00A0> // Not used for standard ID
      |                                         ^~~~~~~~
../Core/Src/main.c:108:28: error: stray '\302' in program
  108 |   txHeader.ExtId = 0x00;<U+00A0><U+00A0><U+00A0><U+00A0><U+00A0><U+00A0><U+00A0><U+00A0><U+00A0><U+00A0><U+00A0><U+00A0><U+00A0><U+00A0><U+00A0><U+00A0><U+00A0> // Not used for standard ID
      |                                                 ^~~~~~~~
../Core/Src/main.c:108:29: error: stray '\302' in program
  108 |   txHeader.ExtId = 0x00;<U+00A0><U+00A0><U+00A0><U+00A0><U+00A0><U+00A0><U+00A0><U+00A0><U+00A0><U+00A0><U+00A0><U+00A0><U+00A0><U+00A0><U+00A0><U+00A0><U+00A0> // Not used for standard ID
      |                                                         ^~~~~~~~
../Core/Src/main.c:108:30: error: stray '\302' in program
  108 |   txHeader.ExtId = 0x00;<U+00A0><U+00A0><U+00A0><U+00A0><U+00A0><U+00A0><U+00A0><U+00A0><U+00A0><U+00A0><U+00A0><U+00A0><U+00A0><U+00A0><U+00A0><U+00A0><U+00A0> // Not used for standard ID
      |                                                                 ^~~~~~~~
../Core/Src/main.c:108:31: error: stray '\302' in program
  108 |   txHeader.ExtId = 0x00;<U+00A0><U+00A0><U+00A0><U+00A0><U+00A0><U+00A0><U+00A0><U+00A0><U+00A0><U+00A0><U+00A0><U+00A0><U+00A0><U+00A0><U+00A0><U+00A0><U+00A0> // Not used for standard ID
      |                                                                         ^~~~~~~~
../Core/Src/main.c:108:32: error: stray '\302' in program
  108 |   txHeader.ExtId = 0x00;<U+00A0><U+00A0><U+00A0><U+00A0><U+00A0><U+00A0><U+00A0><U+00A0><U+00A0><U+00A0><U+00A0><U+00A0><U+00A0><U+00A0><U+00A0><U+00A0><U+00A0> // Not used for standard ID
      |                                                                                 ^~~~~~~~
../Core/Src/main.c:108:33: error: stray '\302' in program
  108 |   txHeader.ExtId = 0x00;<U+00A0><U+00A0><U+00A0><U+00A0><U+00A0><U+00A0><U+00A0><U+00A0><U+00A0><U+00A0><U+00A0><U+00A0><U+00A0><U+00A0><U+00A0><U+00A0><U+00A0> // Not used for standard ID
      |                                                                                         ^~~~~~~~
../Core/Src/main.c:108:34: error: stray '\302' in program
  108 |   txHeader.ExtId = 0x00;<U+00A0><U+00A0><U+00A0><U+00A0><U+00A0><U+00A0><U+00A0><U+00A0><U+00A0><U+00A0><U+00A0><U+00A0><U+00A0><U+00A0><U+00A0><U+00A0><U+00A0> // Not used for standard ID
      |                                                                                                 ^~~~~~~~
../Core/Src/main.c:108:35: error: stray '\302' in program
  108 |   txHeader.ExtId = 0x00;<U+00A0><U+00A0><U+00A0><U+00A0><U+00A0><U+00A0><U+00A0><U+00A0><U+00A0><U+00A0><U+00A0><U+00A0><U+00A0><U+00A0><U+00A0><U+00A0><U+00A0> // Not used for standard ID
      |                                                                                                         ^~~~~~~~
../Core/Src/main.c:108:36: error: stray '\302' in program
  108 |   txHeader.ExtId = 0x00;<U+00A0><U+00A0><U+00A0><U+00A0><U+00A0><U+00A0><U+00A0><U+00A0><U+00A0><U+00A0><U+00A0><U+00A0><U+00A0><U+00A0><U+00A0><U+00A0><U+00A0> // Not used for standard ID
      |                                                                                                                 ^~~~~~~~
../Core/Src/main.c:108:37: error: stray '\302' in program
  108 |   txHeader.ExtId = 0x00;<U+00A0><U+00A0><U+00A0><U+00A0><U+00A0><U+00A0><U+00A0><U+00A0><U+00A0><U+00A0><U+00A0><U+00A0><U+00A0><U+00A0><U+00A0><U+00A0><U+00A0> // Not used for standard ID
      |                                                                                                                         ^~~~~~~~
../Core/Src/main.c:108:38: error: stray '\302' in program
  108 |   txHeader.ExtId = 0x00;<U+00A0><U+00A0><U+00A0><U+00A0><U+00A0><U+00A0><U+00A0><U+00A0><U+00A0><U+00A0><U+00A0><U+00A0><U+00A0><U+00A0><U+00A0><U+00A0><U+00A0> // Not used for standard ID
      |                                                                                                                                 ^~~~~~~~
../Core/Src/main.c:108:39: error: stray '\302' in program
  108 |   txHeader.ExtId = 0x00;<U+00A0><U+00A0><U+00A0><U+00A0><U+00A0><U+00A0><U+00A0><U+00A0><U+00A0><U+00A0><U+00A0><U+00A0><U+00A0><U+00A0><U+00A0><U+00A0><U+00A0> // Not used for standard ID
      |                                                                                                                                         ^~~~~~~~
../Core/Src/main.c:108:40: error: stray '\302' in program
  108 |   txHeader.ExtId = 0x00;<U+00A0><U+00A0><U+00A0><U+00A0><U+00A0><U+00A0><U+00A0><U+00A0><U+00A0><U+00A0><U+00A0><U+00A0><U+00A0><U+00A0><U+00A0><U+00A0><U+00A0> // Not used for standard ID
      |                                                                                                                                                 ^~~~~~~~
../Core/Src/main.c:108:41: error: stray '\302' in program
  108 |   txHeader.ExtId = 0x00;<U+00A0><U+00A0><U+00A0><U+00A0><U+00A0><U+00A0><U+00A0><U+00A0><U+00A0><U+00A0><U+00A0><U+00A0><U+00A0><U+00A0><U+00A0><U+00A0><U+00A0> // Not used for standard ID
      |                                                                                                                                                         ^~~~~~~~
../Core/Src/main.c:109:29: error: stray '\302' in program
  109 |   txHeader.IDE = CAN_ID_STD;<U+00A0><U+00A0><U+00A0><U+00A0><U+00A0><U+00A0><U+00A0><U+00A0><U+00A0><U+00A0><U+00A0> // Standard identifier
      |                             ^~~~~~~~
../Core/Src/main.c:109:30: error: stray '\302' in program
  109 |   txHeader.IDE = CAN_ID_STD;<U+00A0><U+00A0><U+00A0><U+00A0><U+00A0><U+00A0><U+00A0><U+00A0><U+00A0><U+00A0><U+00A0> // Standard identifier
      |                                     ^~~~~~~~
../Core/Src/main.c:109:31: error: stray '\302' in program
  109 |   txHeader.IDE = CAN_ID_STD;<U+00A0><U+00A0><U+00A0><U+00A0><U+00A0><U+00A0><U+00A0><U+00A0><U+00A0><U+00A0><U+00A0> // Standard identifier
      |                                             ^~~~~~~~
../Core/Src/main.c:109:32: error: stray '\302' in program
  109 |   txHeader.IDE = CAN_ID_STD;<U+00A0><U+00A0><U+00A0><U+00A0><U+00A0><U+00A0><U+00A0><U+00A0><U+00A0><U+00A0><U+00A0> // Standard identifier
      |                                                     ^~~~~~~~
../Core/Src/main.c:109:33: error: stray '\302' in program
  109 |   txHeader.IDE = CAN_ID_STD;<U+00A0><U+00A0><U+00A0><U+00A0><U+00A0><U+00A0><U+00A0><U+00A0><U+00A0><U+00A0><U+00A0> // Standard identifier
      |                                                             ^~~~~~~~
../Core/Src/main.c:109:34: error: stray '\302' in program
  109 |   txHeader.IDE = CAN_ID_STD;<U+00A0><U+00A0><U+00A0><U+00A0><U+00A0><U+00A0><U+00A0><U+00A0><U+00A0><U+00A0><U+00A0> // Standard identifier
      |                                                                     ^~~~~~~~
../Core/Src/main.c:109:35: error: stray '\302' in program
  109 |   txHeader.IDE = CAN_ID_STD;<U+00A0><U+00A0><U+00A0><U+00A0><U+00A0><U+00A0><U+00A0><U+00A0><U+00A0><U+00A0><U+00A0> // Standard identifier
      |                                                                             ^~~~~~~~
../Core/Src/main.c:109:36: error: stray '\302' in program
  109 |   txHeader.IDE = CAN_ID_STD;<U+00A0><U+00A0><U+00A0><U+00A0><U+00A0><U+00A0><U+00A0><U+00A0><U+00A0><U+00A0><U+00A0> // Standard identifier
      |                                                                                     ^~~~~~~~
../Core/Src/main.c:109:37: error: stray '\302' in program
  109 |   txHeader.IDE = CAN_ID_STD;<U+00A0><U+00A0><U+00A0><U+00A0><U+00A0><U+00A0><U+00A0><U+00A0><U+00A0><U+00A0><U+00A0> // Standard identifier
      |                                                                                             ^~~~~~~~
../Core/Src/main.c:109:38: error: stray '\302' in program
  109 |   txHeader.IDE = CAN_ID_STD;<U+00A0><U+00A0><U+00A0><U+00A0><U+00A0><U+00A0><U+00A0><U+00A0><U+00A0><U+00A0><U+00A0> // Standard identifier
      |                                                                                                     ^~~~~~~~
../Core/Src/main.c:109:39: error: stray '\302' in program
  109 |   txHeader.IDE = CAN_ID_STD;<U+00A0><U+00A0><U+00A0><U+00A0><U+00A0><U+00A0><U+00A0><U+00A0><U+00A0><U+00A0><U+00A0> // Standard identifier
      |                                                                                                             ^~~~~~~~
../Core/Src/main.c:110:31: error: stray '\302' in program
  110 |   txHeader.RTR = CAN_RTR_DATA;<U+00A0><U+00A0><U+00A0><U+00A0><U+00A0><U+00A0><U+00A0><U+00A0><U+00A0> // Data frame (not remote)
      |                               ^~~~~~~~
../Core/Src/main.c:110:32: error: stray '\302' in program
  110 |   txHeader.RTR = CAN_RTR_DATA;<U+00A0><U+00A0><U+00A0><U+00A0><U+00A0><U+00A0><U+00A0><U+00A0><U+00A0> // Data frame (not remote)
      |                                       ^~~~~~~~
../Core/Src/main.c:110:33: error: stray '\302' in program
  110 |   txHeader.RTR = CAN_RTR_DATA;<U+00A0><U+00A0><U+00A0><U+00A0><U+00A0><U+00A0><U+00A0><U+00A0><U+00A0> // Data frame (not remote)
      |                                               ^~~~~~~~
../Core/Src/main.c:110:34: error: stray '\302' in program
  110 |   txHeader.RTR = CAN_RTR_DATA;<U+00A0><U+00A0><U+00A0><U+00A0><U+00A0><U+00A0><U+00A0><U+00A0><U+00A0> // Data frame (not remote)
      |                                                       ^~~~~~~~
../Core/Src/main.c:110:35: error: stray '\302' in program
  110 |   txHeader.RTR = CAN_RTR_DATA;<U+00A0><U+00A0><U+00A0><U+00A0><U+00A0><U+00A0><U+00A0><U+00A0><U+00A0> // Data frame (not remote)
      |                                                               ^~~~~~~~
../Core/Src/main.c:110:36: error: stray '\302' in program
  110 |   txHeader.RTR = CAN_RTR_DATA;<U+00A0><U+00A0><U+00A0><U+00A0><U+00A0><U+00A0><U+00A0><U+00A0><U+00A0> // Data frame (not remote)
      |                                                                       ^~~~~~~~
../Core/Src/main.c:110:37: error: stray '\302' in program
  110 |   txHeader.RTR = CAN_RTR_DATA;<U+00A0><U+00A0><U+00A0><U+00A0><U+00A0><U+00A0><U+00A0><U+00A0><U+00A0> // Data frame (not remote)
      |                                                                               ^~~~~~~~
../Core/Src/main.c:110:38: error: stray '\302' in program
  110 |   txHeader.RTR = CAN_RTR_DATA;<U+00A0><U+00A0><U+00A0><U+00A0><U+00A0><U+00A0><U+00A0><U+00A0><U+00A0> // Data frame (not remote)
      |                                                                                       ^~~~~~~~
../Core/Src/main.c:110:39: error: stray '\302' in program
  110 |   txHeader.RTR = CAN_RTR_DATA;<U+00A0><U+00A0><U+00A0><U+00A0><U+00A0><U+00A0><U+00A0><U+00A0><U+00A0> // Data frame (not remote)
      |                                                                                               ^~~~~~~~
../Core/Src/main.c:111:21: error: stray '\302' in program
  111 |   txHeader.DLC = 8; <U+00A0> // 8 data bytes
      |                     ^~~~~~~~
../Core/Src/main.c:112:41: error: stray '\302' in program
  112 |   txHeader.TransmitGlobalTime = DISABLE;<U+00A0> // TTCM disabled <U+2192> must be DISABLE
      |                                         ^~~~~~~~
../Core/Src/main.c:114:3: error: stray '\302' in program
  114 |   <U+00A0><U+00A0>/* Fill payload (example sensor data) */
      |   ^~~~~~~~
../Core/Src/main.c:114:4: error: stray '\302' in program
  114 |   <U+00A0><U+00A0>/* Fill payload (example sensor data) */
      |           ^~~~~~~~
../Core/Src/main.c:138:43: error: 'header' undeclared (first use in this function); did you mean 'txHeader'?
  138 |         if (HAL_CAN_AddTxMessage(&hcan1, &header, data, &mailbox) != HAL_OK){
      |                                           ^~~~~~
      |                                           txHeader
../Core/Src/main.c:138:43: note: each undeclared identifier is reported only once for each function it appears in
../Core/Src/main.c:138:51: error: 'data' undeclared (first use in this function); did you mean 'txData'?
  138 |         if (HAL_CAN_AddTxMessage(&hcan1, &header, data, &mailbox) != HAL_OK){
      |                                                   ^~~~
      |                                                   txData
../Core/Src/main.c:138:58: error: 'mailbox' undeclared (first use in this function); did you mean 'txMailbox'?
  138 |         if (HAL_CAN_AddTxMessage(&hcan1, &header, data, &mailbox) != HAL_OK){
      |                                                          ^~~~~~~
      |                                                          txMailbox
../Core/Src/main.c:104:12: warning: unused variable 'txMailbox' [-Wunused-variable]
  104 |   uint32_t txMailbox;
      |            ^~~~~~~~~
../Core/Src/main.c:103:11: warning: variable 'txData' set but not used [-Wunused-but-set-variable]
  103 |   uint8_t txData[8];
      |           ^~~~~~
../Core/Src/main.c:102:23: warning: variable 'txHeader' set but not used [-Wunused-but-set-variable]
  102 |   CAN_TxHeaderTypeDef txHeader;
      |                       ^~~~~~~~
make: *** [Core/Src/subdir.mk:34: Core/Src/main.o] Error 1
"make -j7 all" terminated with exit code 2. Build might be incomplete.
16:11:39 **** Incremental Build of configuration Debug for project wheelsboard ****
make -j7 all 
arm-none-eabi-gcc "../Core/Src/main.c" -mcpu=cortex-m4 -std=gnu11 -g3 -DDEBUG -DUSE_HAL_DRIVER -DSTM32L431xx -c -I../Core/Inc -I../Drivers/STM32L4xx_HAL_Driver/Inc -I../Drivers/STM32L4xx_HAL_Driver/Inc/Legacy -I../Drivers/CMSIS/Device/ST/STM32L4xx/Include -I../Drivers/CMSIS/Include -O0 -ffunction-sections -fdata-sections -Wall -fstack-usage -fcyclomatic-complexity -MMD -MP -MF"Core/Src/main.d" -MT"Core/Src/main.o" --specs=nano.specs -mfpu=fpv4-sp-d16 -mfloat-abi=hard -mthumb -o "Core/Src/main.o"
../Core/Src/main.c: In function 'main':
../Core/Src/main.c:106:3: error: stray '\302' in program
  106 |   <U+00A0><U+00A0>/* Fill TX header */
      |   ^~~~~~~~
../Core/Src/main.c:106:4: error: stray '\302' in program
  106 |   <U+00A0><U+00A0>/* Fill TX header */
      |           ^~~~~~~~
../Core/Src/main.c:107:26: error: stray '\302' in program
  107 |   txHeader.StdId = 0x123;<U+00A0><U+00A0><U+00A0><U+00A0><U+00A0><U+00A0><U+00A0><U+00A0><U+00A0><U+00A0><U+00A0><U+00A0><U+00A0><U+00A0><U+00A0><U+00A0> // 11-bit standard CAN ID
      |                          ^~~~~~~~
../Core/Src/main.c:107:27: error: stray '\302' in program
  107 |   txHeader.StdId = 0x123;<U+00A0><U+00A0><U+00A0><U+00A0><U+00A0><U+00A0><U+00A0><U+00A0><U+00A0><U+00A0><U+00A0><U+00A0><U+00A0><U+00A0><U+00A0><U+00A0> // 11-bit standard CAN ID
      |                                  ^~~~~~~~
../Core/Src/main.c:107:28: error: stray '\302' in program
  107 |   txHeader.StdId = 0x123;<U+00A0><U+00A0><U+00A0><U+00A0><U+00A0><U+00A0><U+00A0><U+00A0><U+00A0><U+00A0><U+00A0><U+00A0><U+00A0><U+00A0><U+00A0><U+00A0> // 11-bit standard CAN ID
      |                                          ^~~~~~~~
../Core/Src/main.c:107:29: error: stray '\302' in program
  107 |   txHeader.StdId = 0x123;<U+00A0><U+00A0><U+00A0><U+00A0><U+00A0><U+00A0><U+00A0><U+00A0><U+00A0><U+00A0><U+00A0><U+00A0><U+00A0><U+00A0><U+00A0><U+00A0> // 11-bit standard CAN ID
      |                                                  ^~~~~~~~
../Core/Src/main.c:107:30: error: stray '\302' in program
  107 |   txHeader.StdId = 0x123;<U+00A0><U+00A0><U+00A0><U+00A0><U+00A0><U+00A0><U+00A0><U+00A0><U+00A0><U+00A0><U+00A0><U+00A0><U+00A0><U+00A0><U+00A0><U+00A0> // 11-bit standard CAN ID
      |                                                          ^~~~~~~~
../Core/Src/main.c:107:31: error: stray '\302' in program
  107 |   txHeader.StdId = 0x123;<U+00A0><U+00A0><U+00A0><U+00A0><U+00A0><U+00A0><U+00A0><U+00A0><U+00A0><U+00A0><U+00A0><U+00A0><U+00A0><U+00A0><U+00A0><U+00A0> // 11-bit standard CAN ID
      |                                                                  ^~~~~~~~
../Core/Src/main.c:107:32: error: stray '\302' in program
  107 |   txHeader.StdId = 0x123;<U+00A0><U+00A0><U+00A0><U+00A0><U+00A0><U+00A0><U+00A0><U+00A0><U+00A0><U+00A0><U+00A0><U+00A0><U+00A0><U+00A0><U+00A0><U+00A0> // 11-bit standard CAN ID
      |                                                                          ^~~~~~~~
../Core/Src/main.c:107:33: error: stray '\302' in program
  107 |   txHeader.StdId = 0x123;<U+00A0><U+00A0><U+00A0><U+00A0><U+00A0><U+00A0><U+00A0><U+00A0><U+00A0><U+00A0><U+00A0><U+00A0><U+00A0><U+00A0><U+00A0><U+00A0> // 11-bit standard CAN ID
      |                                                                                  ^~~~~~~~
../Core/Src/main.c:107:34: error: stray '\302' in program
  107 |   txHeader.StdId = 0x123;<U+00A0><U+00A0><U+00A0><U+00A0><U+00A0><U+00A0><U+00A0><U+00A0><U+00A0><U+00A0><U+00A0><U+00A0><U+00A0><U+00A0><U+00A0><U+00A0> // 11-bit standard CAN ID
      |                                                                                          ^~~~~~~~
../Core/Src/main.c:107:35: error: stray '\302' in program
  107 |   txHeader.StdId = 0x123;<U+00A0><U+00A0><U+00A0><U+00A0><U+00A0><U+00A0><U+00A0><U+00A0><U+00A0><U+00A0><U+00A0><U+00A0><U+00A0><U+00A0><U+00A0><U+00A0> // 11-bit standard CAN ID
      |                                                                                                  ^~~~~~~~
../Core/Src/main.c:107:36: error: stray '\302' in program
  107 |   txHeader.StdId = 0x123;<U+00A0><U+00A0><U+00A0><U+00A0><U+00A0><U+00A0><U+00A0><U+00A0><U+00A0><U+00A0><U+00A0><U+00A0><U+00A0><U+00A0><U+00A0><U+00A0> // 11-bit standard CAN ID
      |                                                                                                          ^~~~~~~~
../Core/Src/main.c:107:37: error: stray '\302' in program
  107 |   txHeader.StdId = 0x123;<U+00A0><U+00A0><U+00A0><U+00A0><U+00A0><U+00A0><U+00A0><U+00A0><U+00A0><U+00A0><U+00A0><U+00A0><U+00A0><U+00A0><U+00A0><U+00A0> // 11-bit standard CAN ID
      |                                                                                                                  ^~~~~~~~
../Core/Src/main.c:107:38: error: stray '\302' in program
  107 |   txHeader.StdId = 0x123;<U+00A0><U+00A0><U+00A0><U+00A0><U+00A0><U+00A0><U+00A0><U+00A0><U+00A0><U+00A0><U+00A0><U+00A0><U+00A0><U+00A0><U+00A0><U+00A0> // 11-bit standard CAN ID
      |                                                                                                                          ^~~~~~~~
../Core/Src/main.c:107:39: error: stray '\302' in program
  107 |   txHeader.StdId = 0x123;<U+00A0><U+00A0><U+00A0><U+00A0><U+00A0><U+00A0><U+00A0><U+00A0><U+00A0><U+00A0><U+00A0><U+00A0><U+00A0><U+00A0><U+00A0><U+00A0> // 11-bit standard CAN ID
      |                                                                                                                                  ^~~~~~~~
../Core/Src/main.c:107:40: error: stray '\302' in program
  107 |   txHeader.StdId = 0x123;<U+00A0><U+00A0><U+00A0><U+00A0><U+00A0><U+00A0><U+00A0><U+00A0><U+00A0><U+00A0><U+00A0><U+00A0><U+00A0><U+00A0><U+00A0><U+00A0> // 11-bit standard CAN ID
      |                                                                                                                                          ^~~~~~~~
../Core/Src/main.c:107:41: error: stray '\302' in program
  107 |   txHeader.StdId = 0x123;<U+00A0><U+00A0><U+00A0><U+00A0><U+00A0><U+00A0><U+00A0><U+00A0><U+00A0><U+00A0><U+00A0><U+00A0><U+00A0><U+00A0><U+00A0><U+00A0> // 11-bit standard CAN ID
      |                                                                                                                                                  ^~~~~~~~
../Core/Src/main.c:108:25: error: stray '\302' in program
  108 |   txHeader.ExtId = 0x00;<U+00A0><U+00A0><U+00A0><U+00A0><U+00A0><U+00A0><U+00A0><U+00A0><U+00A0><U+00A0><U+00A0><U+00A0><U+00A0><U+00A0><U+00A0><U+00A0><U+00A0> // Not used for standard ID
      |                         ^~~~~~~~
../Core/Src/main.c:108:26: error: stray '\302' in program
  108 |   txHeader.ExtId = 0x00;<U+00A0><U+00A0><U+00A0><U+00A0><U+00A0><U+00A0><U+00A0><U+00A0><U+00A0><U+00A0><U+00A0><U+00A0><U+00A0><U+00A0><U+00A0><U+00A0><U+00A0> // Not used for standard ID
      |                                 ^~~~~~~~
../Core/Src/main.c:108:27: error: stray '\302' in program
  108 |   txHeader.ExtId = 0x00;<U+00A0><U+00A0><U+00A0><U+00A0><U+00A0><U+00A0><U+00A0><U+00A0><U+00A0><U+00A0><U+00A0><U+00A0><U+00A0><U+00A0><U+00A0><U+00A0><U+00A0> // Not used for standard ID
      |                                         ^~~~~~~~
../Core/Src/main.c:108:28: error: stray '\302' in program
  108 |   txHeader.ExtId = 0x00;<U+00A0><U+00A0><U+00A0><U+00A0><U+00A0><U+00A0><U+00A0><U+00A0><U+00A0><U+00A0><U+00A0><U+00A0><U+00A0><U+00A0><U+00A0><U+00A0><U+00A0> // Not used for standard ID
      |                                                 ^~~~~~~~
../Core/Src/main.c:108:29: error: stray '\302' in program
  108 |   txHeader.ExtId = 0x00;<U+00A0><U+00A0><U+00A0><U+00A0><U+00A0><U+00A0><U+00A0><U+00A0><U+00A0><U+00A0><U+00A0><U+00A0><U+00A0><U+00A0><U+00A0><U+00A0><U+00A0> // Not used for standard ID
      |                                                         ^~~~~~~~
../Core/Src/main.c:108:30: error: stray '\302' in program
  108 |   txHeader.ExtId = 0x00;<U+00A0><U+00A0><U+00A0><U+00A0><U+00A0><U+00A0><U+00A0><U+00A0><U+00A0><U+00A0><U+00A0><U+00A0><U+00A0><U+00A0><U+00A0><U+00A0><U+00A0> // Not used for standard ID
      |                                                                 ^~~~~~~~
../Core/Src/main.c:108:31: error: stray '\302' in program
  108 |   txHeader.ExtId = 0x00;<U+00A0><U+00A0><U+00A0><U+00A0><U+00A0><U+00A0><U+00A0><U+00A0><U+00A0><U+00A0><U+00A0><U+00A0><U+00A0><U+00A0><U+00A0><U+00A0><U+00A0> // Not used for standard ID
      |                                                                         ^~~~~~~~
../Core/Src/main.c:108:32: error: stray '\302' in program
  108 |   txHeader.ExtId = 0x00;<U+00A0><U+00A0><U+00A0><U+00A0><U+00A0><U+00A0><U+00A0><U+00A0><U+00A0><U+00A0><U+00A0><U+00A0><U+00A0><U+00A0><U+00A0><U+00A0><U+00A0> // Not used for standard ID
      |                                                                                 ^~~~~~~~
../Core/Src/main.c:108:33: error: stray '\302' in program
  108 |   txHeader.ExtId = 0x00;<U+00A0><U+00A0><U+00A0><U+00A0><U+00A0><U+00A0><U+00A0><U+00A0><U+00A0><U+00A0><U+00A0><U+00A0><U+00A0><U+00A0><U+00A0><U+00A0><U+00A0> // Not used for standard ID
      |                                                                                         ^~~~~~~~
../Core/Src/main.c:108:34: error: stray '\302' in program
  108 |   txHeader.ExtId = 0x00;<U+00A0><U+00A0><U+00A0><U+00A0><U+00A0><U+00A0><U+00A0><U+00A0><U+00A0><U+00A0><U+00A0><U+00A0><U+00A0><U+00A0><U+00A0><U+00A0><U+00A0> // Not used for standard ID
      |                                                                                                 ^~~~~~~~
../Core/Src/main.c:108:35: error: stray '\302' in program
  108 |   txHeader.ExtId = 0x00;<U+00A0><U+00A0><U+00A0><U+00A0><U+00A0><U+00A0><U+00A0><U+00A0><U+00A0><U+00A0><U+00A0><U+00A0><U+00A0><U+00A0><U+00A0><U+00A0><U+00A0> // Not used for standard ID
      |                                                                                                         ^~~~~~~~
../Core/Src/main.c:108:36: error: stray '\302' in program
  108 |   txHeader.ExtId = 0x00;<U+00A0><U+00A0><U+00A0><U+00A0><U+00A0><U+00A0><U+00A0><U+00A0><U+00A0><U+00A0><U+00A0><U+00A0><U+00A0><U+00A0><U+00A0><U+00A0><U+00A0> // Not used for standard ID
      |                                                                                                                 ^~~~~~~~
../Core/Src/main.c:108:37: error: stray '\302' in program
  108 |   txHeader.ExtId = 0x00;<U+00A0><U+00A0><U+00A0><U+00A0><U+00A0><U+00A0><U+00A0><U+00A0><U+00A0><U+00A0><U+00A0><U+00A0><U+00A0><U+00A0><U+00A0><U+00A0><U+00A0> // Not used for standard ID
      |                                                                                                                         ^~~~~~~~
../Core/Src/main.c:108:38: error: stray '\302' in program
  108 |   txHeader.ExtId = 0x00;<U+00A0><U+00A0><U+00A0><U+00A0><U+00A0><U+00A0><U+00A0><U+00A0><U+00A0><U+00A0><U+00A0><U+00A0><U+00A0><U+00A0><U+00A0><U+00A0><U+00A0> // Not used for standard ID
      |                                                                                                                                 ^~~~~~~~
../Core/Src/main.c:108:39: error: stray '\302' in program
  108 |   txHeader.ExtId = 0x00;<U+00A0><U+00A0><U+00A0><U+00A0><U+00A0><U+00A0><U+00A0><U+00A0><U+00A0><U+00A0><U+00A0><U+00A0><U+00A0><U+00A0><U+00A0><U+00A0><U+00A0> // Not used for standard ID
      |                                                                                                                                         ^~~~~~~~
../Core/Src/main.c:108:40: error: stray '\302' in program
  108 |   txHeader.ExtId = 0x00;<U+00A0><U+00A0><U+00A0><U+00A0><U+00A0><U+00A0><U+00A0><U+00A0><U+00A0><U+00A0><U+00A0><U+00A0><U+00A0><U+00A0><U+00A0><U+00A0><U+00A0> // Not used for standard ID
      |                                                                                                                                                 ^~~~~~~~
../Core/Src/main.c:108:41: error: stray '\302' in program
  108 |   txHeader.ExtId = 0x00;<U+00A0><U+00A0><U+00A0><U+00A0><U+00A0><U+00A0><U+00A0><U+00A0><U+00A0><U+00A0><U+00A0><U+00A0><U+00A0><U+00A0><U+00A0><U+00A0><U+00A0> // Not used for standard ID
      |                                                                                                                                                         ^~~~~~~~
../Core/Src/main.c:109:29: error: stray '\302' in program
  109 |   txHeader.IDE = CAN_ID_STD;<U+00A0><U+00A0><U+00A0><U+00A0><U+00A0><U+00A0><U+00A0><U+00A0><U+00A0><U+00A0><U+00A0> // Standard identifier
      |                             ^~~~~~~~
../Core/Src/main.c:109:30: error: stray '\302' in program
  109 |   txHeader.IDE = CAN_ID_STD;<U+00A0><U+00A0><U+00A0><U+00A0><U+00A0><U+00A0><U+00A0><U+00A0><U+00A0><U+00A0><U+00A0> // Standard identifier
      |                                     ^~~~~~~~
../Core/Src/main.c:109:31: error: stray '\302' in program
  109 |   txHeader.IDE = CAN_ID_STD;<U+00A0><U+00A0><U+00A0><U+00A0><U+00A0><U+00A0><U+00A0><U+00A0><U+00A0><U+00A0><U+00A0> // Standard identifier
      |                                             ^~~~~~~~
../Core/Src/main.c:109:32: error: stray '\302' in program
  109 |   txHeader.IDE = CAN_ID_STD;<U+00A0><U+00A0><U+00A0><U+00A0><U+00A0><U+00A0><U+00A0><U+00A0><U+00A0><U+00A0><U+00A0> // Standard identifier
      |                                                     ^~~~~~~~
../Core/Src/main.c:109:33: error: stray '\302' in program
  109 |   txHeader.IDE = CAN_ID_STD;<U+00A0><U+00A0><U+00A0><U+00A0><U+00A0><U+00A0><U+00A0><U+00A0><U+00A0><U+00A0><U+00A0> // Standard identifier
      |                                                             ^~~~~~~~
../Core/Src/main.c:109:34: error: stray '\302' in program
  109 |   txHeader.IDE = CAN_ID_STD;<U+00A0><U+00A0><U+00A0><U+00A0><U+00A0><U+00A0><U+00A0><U+00A0><U+00A0><U+00A0><U+00A0> // Standard identifier
      |                                                                     ^~~~~~~~
../Core/Src/main.c:109:35: error: stray '\302' in program
  109 |   txHeader.IDE = CAN_ID_STD;<U+00A0><U+00A0><U+00A0><U+00A0><U+00A0><U+00A0><U+00A0><U+00A0><U+00A0><U+00A0><U+00A0> // Standard identifier
      |                                                                             ^~~~~~~~
../Core/Src/main.c:109:36: error: stray '\302' in program
  109 |   txHeader.IDE = CAN_ID_STD;<U+00A0><U+00A0><U+00A0><U+00A0><U+00A0><U+00A0><U+00A0><U+00A0><U+00A0><U+00A0><U+00A0> // Standard identifier
      |                                                                                     ^~~~~~~~
../Core/Src/main.c:109:37: error: stray '\302' in program
  109 |   txHeader.IDE = CAN_ID_STD;<U+00A0><U+00A0><U+00A0><U+00A0><U+00A0><U+00A0><U+00A0><U+00A0><U+00A0><U+00A0><U+00A0> // Standard identifier
      |                                                                                             ^~~~~~~~
../Core/Src/main.c:109:38: error: stray '\302' in program
  109 |   txHeader.IDE = CAN_ID_STD;<U+00A0><U+00A0><U+00A0><U+00A0><U+00A0><U+00A0><U+00A0><U+00A0><U+00A0><U+00A0><U+00A0> // Standard identifier
      |                                                                                                     ^~~~~~~~
../Core/Src/main.c:109:39: error: stray '\302' in program
  109 |   txHeader.IDE = CAN_ID_STD;<U+00A0><U+00A0><U+00A0><U+00A0><U+00A0><U+00A0><U+00A0><U+00A0><U+00A0><U+00A0><U+00A0> // Standard identifier
      |                                                                                                             ^~~~~~~~
../Core/Src/main.c:110:31: error: stray '\302' in program
  110 |   txHeader.RTR = CAN_RTR_DATA;<U+00A0><U+00A0><U+00A0><U+00A0><U+00A0><U+00A0><U+00A0><U+00A0><U+00A0> // Data frame (not remote)
      |                               ^~~~~~~~
../Core/Src/main.c:110:32: error: stray '\302' in program
  110 |   txHeader.RTR = CAN_RTR_DATA;<U+00A0><U+00A0><U+00A0><U+00A0><U+00A0><U+00A0><U+00A0><U+00A0><U+00A0> // Data frame (not remote)
      |                                       ^~~~~~~~
../Core/Src/main.c:110:33: error: stray '\302' in program
  110 |   txHeader.RTR = CAN_RTR_DATA;<U+00A0><U+00A0><U+00A0><U+00A0><U+00A0><U+00A0><U+00A0><U+00A0><U+00A0> // Data frame (not remote)
      |                                               ^~~~~~~~
../Core/Src/main.c:110:34: error: stray '\302' in program
  110 |   txHeader.RTR = CAN_RTR_DATA;<U+00A0><U+00A0><U+00A0><U+00A0><U+00A0><U+00A0><U+00A0><U+00A0><U+00A0> // Data frame (not remote)
      |                                                       ^~~~~~~~
../Core/Src/main.c:110:35: error: stray '\302' in program
  110 |   txHeader.RTR = CAN_RTR_DATA;<U+00A0><U+00A0><U+00A0><U+00A0><U+00A0><U+00A0><U+00A0><U+00A0><U+00A0> // Data frame (not remote)
      |                                                               ^~~~~~~~
../Core/Src/main.c:110:36: error: stray '\302' in program
  110 |   txHeader.RTR = CAN_RTR_DATA;<U+00A0><U+00A0><U+00A0><U+00A0><U+00A0><U+00A0><U+00A0><U+00A0><U+00A0> // Data frame (not remote)
      |                                                                       ^~~~~~~~
../Core/Src/main.c:110:37: error: stray '\302' in program
  110 |   txHeader.RTR = CAN_RTR_DATA;<U+00A0><U+00A0><U+00A0><U+00A0><U+00A0><U+00A0><U+00A0><U+00A0><U+00A0> // Data frame (not remote)
      |                                                                               ^~~~~~~~
../Core/Src/main.c:110:38: error: stray '\302' in program
  110 |   txHeader.RTR = CAN_RTR_DATA;<U+00A0><U+00A0><U+00A0><U+00A0><U+00A0><U+00A0><U+00A0><U+00A0><U+00A0> // Data frame (not remote)
      |                                                                                       ^~~~~~~~
../Core/Src/main.c:110:39: error: stray '\302' in program
  110 |   txHeader.RTR = CAN_RTR_DATA;<U+00A0><U+00A0><U+00A0><U+00A0><U+00A0><U+00A0><U+00A0><U+00A0><U+00A0> // Data frame (not remote)
      |                                                                                               ^~~~~~~~
../Core/Src/main.c:111:21: error: stray '\302' in program
  111 |   txHeader.DLC = 8; <U+00A0> // 8 data bytes
      |                     ^~~~~~~~
../Core/Src/main.c:112:41: error: stray '\302' in program
  112 |   txHeader.TransmitGlobalTime = DISABLE;<U+00A0> // TTCM disabled <U+2192> must be DISABLE
      |                                         ^~~~~~~~
../Core/Src/main.c:114:3: error: stray '\302' in program
  114 |   <U+00A0><U+00A0>/* Fill payload (example sensor data) */
      |   ^~~~~~~~
../Core/Src/main.c:114:4: error: stray '\302' in program
  114 |   <U+00A0><U+00A0>/* Fill payload (example sensor data) */
      |           ^~~~~~~~
../Core/Src/main.c:138:43: error: 'header' undeclared (first use in this function); did you mean 'txHeader'?
  138 |         if (HAL_CAN_AddTxMessage(&hcan1, &header, data, &txMailbox) != HAL_OK){
      |                                           ^~~~~~
      |                                           txHeader
../Core/Src/main.c:138:43: note: each undeclared identifier is reported only once for each function it appears in
../Core/Src/main.c:138:51: error: 'data' undeclared (first use in this function); did you mean 'txData'?
  138 |         if (HAL_CAN_AddTxMessage(&hcan1, &header, data, &txMailbox) != HAL_OK){
      |                                                   ^~~~
      |                                                   txData
../Core/Src/main.c:103:11: warning: variable 'txData' set but not used [-Wunused-but-set-variable]
  103 |   uint8_t txData[8];
      |           ^~~~~~
../Core/Src/main.c:102:23: warning: variable 'txHeader' set but not used [-Wunused-but-set-variable]
  102 |   CAN_TxHeaderTypeDef txHeader;
      |                       ^~~~~~~~
make: *** [Core/Src/subdir.mk:34: Core/Src/main.o] Error 1
"make -j7 all" terminated with exit code 2. Build might be incomplete.
16:12:59 **** Incremental Build of configuration Debug for project wheelsboard ****
make -j7 all 
arm-none-eabi-gcc "../Core/Src/main.c" -mcpu=cortex-m4 -std=gnu11 -g3 -DDEBUG -DUSE_HAL_DRIVER -DSTM32L431xx -c -I../Core/Inc -I../Drivers/STM32L4xx_HAL_Driver/Inc -I../Drivers/STM32L4xx_HAL_Driver/Inc/Legacy -I../Drivers/CMSIS/Device/ST/STM32L4xx/Include -I../Drivers/CMSIS/Include -O0 -ffunction-sections -fdata-sections -Wall -fstack-usage -fcyclomatic-complexity -MMD -MP -MF"Core/Src/main.d" -MT"Core/Src/main.o" --specs=nano.specs -mfpu=fpv4-sp-d16 -mfloat-abi=hard -mthumb -o "Core/Src/main.o"
../Core/Src/main.c: In function 'main':
../Core/Src/main.c:106:3: error: stray '\302' in program
  106 |   <U+00A0><U+00A0>/* Fill TX header */
      |   ^~~~~~~~
../Core/Src/main.c:106:4: error: stray '\302' in program
  106 |   <U+00A0><U+00A0>/* Fill TX header */
      |           ^~~~~~~~
../Core/Src/main.c:112:41: error: stray '\302' in program
  112 |   txHeader.TransmitGlobalTime = DISABLE;<U+00A0> // TTCM disabled <U+2192> must be DISABLE
      |                                         ^~~~~~~~
../Core/Src/main.c:114:3: error: stray '\302' in program
  114 |   <U+00A0><U+00A0>/* Fill payload (example sensor data) */
      |   ^~~~~~~~
../Core/Src/main.c:114:4: error: stray '\302' in program
  114 |   <U+00A0><U+00A0>/* Fill payload (example sensor data) */
      |           ^~~~~~~~
../Core/Src/main.c:138:43: error: 'header' undeclared (first use in this function); did you mean 'txHeader'?
  138 |         if (HAL_CAN_AddTxMessage(&hcan1, &header, data, &txMailbox) != HAL_OK){
      |                                           ^~~~~~
      |                                           txHeader
../Core/Src/main.c:138:43: note: each undeclared identifier is reported only once for each function it appears in
../Core/Src/main.c:138:51: error: 'data' undeclared (first use in this function); did you mean 'txData'?
  138 |         if (HAL_CAN_AddTxMessage(&hcan1, &header, data, &txMailbox) != HAL_OK){
      |                                                   ^~~~
      |                                                   txData
../Core/Src/main.c:103:11: warning: variable 'txData' set but not used [-Wunused-but-set-variable]
  103 |   uint8_t txData[8];
      |           ^~~~~~
../Core/Src/main.c:102:23: warning: variable 'txHeader' set but not used [-Wunused-but-set-variable]
  102 |   CAN_TxHeaderTypeDef txHeader;
      |                       ^~~~~~~~
make: *** [Core/Src/subdir.mk:34: Core/Src/main.o] Error 1
"make -j7 all" terminated with exit code 2. Build might be incomplete.
16:13:09 **** Incremental Build of configuration Debug for project wheelsboard ****
make -j7 all 
arm-none-eabi-gcc "../Core/Src/main.c" -mcpu=cortex-m4 -std=gnu11 -g3 -DDEBUG -DUSE_HAL_DRIVER -DSTM32L431xx -c -I../Core/Inc -I../Drivers/STM32L4xx_HAL_Driver/Inc -I../Drivers/STM32L4xx_HAL_Driver/Inc/Legacy -I../Drivers/CMSIS/Device/ST/STM32L4xx/Include -I../Drivers/CMSIS/Include -O0 -ffunction-sections -fdata-sections -Wall -fstack-usage -fcyclomatic-complexity -MMD -MP -MF"Core/Src/main.d" -MT"Core/Src/main.o" --specs=nano.specs -mfpu=fpv4-sp-d16 -mfloat-abi=hard -mthumb -o "Core/Src/main.o"
../Core/Src/main.c: In function 'main':
../Core/Src/main.c:106:3: error: stray '\302' in program
  106 |   <U+00A0><U+00A0>/* Fill TX header */
      |   ^~~~~~~~
../Core/Src/main.c:106:4: error: stray '\302' in program
  106 |   <U+00A0><U+00A0>/* Fill TX header */
      |           ^~~~~~~~
../Core/Src/main.c:112:41: error: stray '\302' in program
  112 |   txHeader.TransmitGlobalTime = DISABLE;<U+00A0> // TTCM disabled <U+2192> must be DISABLE
      |                                         ^~~~~~~~
../Core/Src/main.c:114:3: error: stray '\302' in program
  114 |   <U+00A0><U+00A0>/* Fill payload (example sensor data) */
      |   ^~~~~~~~
../Core/Src/main.c:114:4: error: stray '\302' in program
  114 |   <U+00A0><U+00A0>/* Fill payload (example sensor data) */
      |           ^~~~~~~~
../Core/Src/main.c:138:53: error: 'data' undeclared (first use in this function); did you mean 'txData'?
  138 |         if (HAL_CAN_AddTxMessage(&hcan1, &txHeader, data, &txMailbox) != HAL_OK){
      |                                                     ^~~~
      |                                                     txData
../Core/Src/main.c:138:53: note: each undeclared identifier is reported only once for each function it appears in
../Core/Src/main.c:103:11: warning: variable 'txData' set but not used [-Wunused-but-set-variable]
  103 |   uint8_t txData[8];
      |           ^~~~~~
make: *** [Core/Src/subdir.mk:34: Core/Src/main.o] Error 1
"make -j7 all" terminated with exit code 2. Build might be incomplete.
16:13:32 **** Incremental Build of configuration Debug for project wheelsboard ****
make -j7 all 
arm-none-eabi-gcc "../Core/Src/main.c" -mcpu=cortex-m4 -std=gnu11 -g3 -DDEBUG -DUSE_HAL_DRIVER -DSTM32L431xx -c -I../Core/Inc -I../Drivers/STM32L4xx_HAL_Driver/Inc -I../Drivers/STM32L4xx_HAL_Driver/Inc/Legacy -I../Drivers/CMSIS/Device/ST/STM32L4xx/Include -I../Drivers/CMSIS/Include -O0 -ffunction-sections -fdata-sections -Wall -fstack-usage -fcyclomatic-complexity -MMD -MP -MF"Core/Src/main.d" -MT"Core/Src/main.o" --specs=nano.specs -mfpu=fpv4-sp-d16 -mfloat-abi=hard -mthumb -o "Core/Src/main.o"
../Core/Src/main.c: In function 'main':
../Core/Src/main.c:138:53: error: 'data' undeclared (first use in this function); did you mean 'txData'?
  138 |         if (HAL_CAN_AddTxMessage(&hcan1, &txHeader, data, &txMailbox) != HAL_OK){
      |                                                     ^~~~
      |                                                     txData
../Core/Src/main.c:138:53: note: each undeclared identifier is reported only once for each function it appears in
../Core/Src/main.c:103:11: warning: variable 'txData' set but not used [-Wunused-but-set-variable]
  103 |   uint8_t txData[8];
      |           ^~~~~~
make: *** [Core/Src/subdir.mk:34: Core/Src/main.o] Error 1
"make -j7 all" terminated with exit code 2. Build might be incomplete.
16:13:50 **** Incremental Build of configuration Debug for project wheelsboard ****
make -j7 all 
arm-none-eabi-gcc "../Core/Src/main.c" -mcpu=cortex-m4 -std=gnu11 -g3 -DDEBUG -DUSE_HAL_DRIVER -DSTM32L431xx -c -I../Core/Inc -I../Drivers/STM32L4xx_HAL_Driver/Inc -I../Drivers/STM32L4xx_HAL_Driver/Inc/Legacy -I../Drivers/CMSIS/Device/ST/STM32L4xx/Include -I../Drivers/CMSIS/Include -O0 -ffunction-sections -fdata-sections -Wall -fstack-usage -fcyclomatic-complexity -MMD -MP -MF"Core/Src/main.d" -MT"Core/Src/main.o" --specs=nano.specs -mfpu=fpv4-sp-d16 -mfloat-abi=hard -mthumb -o "Core/Src/main.o"
arm-none-eabi-gcc -o "wheelsboard.elf" @"objects.list"   -mcpu=cortex-m4 -T"/Users/karthikkurapati/LHR/VCAT-WheelsSensor/firmware/wheelsboard/STM32L431CBTX_FLASH.ld" --specs=nosys.specs -Wl,-Map="wheelsboard.map" -Wl,--gc-sections -static --specs=nano.specs -mfpu=fpv4-sp-d16 -mfloat-abi=hard -mthumb -Wl,--start-group -lc -lm -Wl,--end-group
Finished building target: wheelsboard.elf
 
arm-none-eabi-size  wheelsboard.elf 
arm-none-eabi-objdump -h -S wheelsboard.elf  > "wheelsboard.list"
   text	   data	    bss	    dec	    hex	filename
  15120	     12	   1828	  16960	   4240	wheelsboard.elf
Finished building: default.size.stdout
 
Finished building: wheelsboard.list
 
16:17:10 **** Incremental Build of configuration Debug for project wheelsboard ****
make -j7 all 
arm-none-eabi-gcc "../Core/Src/main.c" -mcpu=cortex-m4 -std=gnu11 -g3 -DDEBUG -DUSE_HAL_DRIVER -DSTM32L431xx -c -I../Core/Inc -I../Drivers/STM32L4xx_HAL_Driver/Inc -I../Drivers/STM32L4xx_HAL_Driver/Inc/Legacy -I../Drivers/CMSIS/Device/ST/STM32L4xx/Include -I../Drivers/CMSIS/Include -O0 -ffunction-sections -fdata-sections -Wall -fstack-usage -fcyclomatic-complexity -MMD -MP -MF"Core/Src/main.d" -MT"Core/Src/main.o" --specs=nano.specs -mfpu=fpv4-sp-d16 -mfloat-abi=hard -mthumb -o "Core/Src/main.o"
arm-none-eabi-gcc -o "wheelsboard.elf" @"objects.list"   -mcpu=cortex-m4 -T"/Users/karthikkurapati/LHR/VCAT-WheelsSensor/firmware/wheelsboard/STM32L431CBTX_FLASH.ld" --specs=nosys.specs -Wl,-Map="wheelsboard.map" -Wl,--gc-sections -static --specs=nano.specs -mfpu=fpv4-sp-d16 -mfloat-abi=hard -mthumb -Wl,--start-group -lc -lm -Wl,--end-group
Finished building target: wheelsboard.elf
 
arm-none-eabi-size  wheelsboard.elf 
arm-none-eabi-objdump -h -S wheelsboard.elf  > "wheelsboard.list"
   text	   data	    bss	    dec	    hex	filename
  15120	     12	   1828	  16960	   4240	wheelsboard.elf
Finished building: default.size.stdout
 
Finished building: wheelsboard.list
 
17:02:05 **** Incremental Build of configuration Debug for project wheelsboard ****
make -j7 all 
arm-none-eabi-gcc "../Drivers/STM32L4xx_HAL_Driver/Src/stm32l4xx_hal.c" -mcpu=cortex-m4 -std=gnu11 -g3 -DDEBUG -DUSE_HAL_DRIVER -DSTM32L431xx -c -I../Core/Inc -I../Drivers/STM32L4xx_HAL_Driver/Inc -I../Drivers/STM32L4xx_HAL_Driver/Inc/Legacy -I../Drivers/CMSIS/Device/ST/STM32L4xx/Include -I../Drivers/CMSIS/Include -O0 -ffunction-sections -fdata-sections -Wall -fstack-usage -fcyclomatic-complexity -MMD -MP -MF"Drivers/STM32L4xx_HAL_Driver/Src/stm32l4xx_hal.d" -MT"Drivers/STM32L4xx_HAL_Driver/Src/stm32l4xx_hal.o" --specs=nano.specs -mfpu=fpv4-sp-d16 -mfloat-abi=hard -mthumb -o "Drivers/STM32L4xx_HAL_Driver/Src/stm32l4xx_hal.o"
arm-none-eabi-gcc "../Drivers/STM32L4xx_HAL_Driver/Src/stm32l4xx_hal_can.c" -mcpu=cortex-m4 -std=gnu11 -g3 -DDEBUG -DUSE_HAL_DRIVER -DSTM32L431xx -c -I../Core/Inc -I../Drivers/STM32L4xx_HAL_Driver/Inc -I../Drivers/STM32L4xx_HAL_Driver/Inc/Legacy -I../Drivers/CMSIS/Device/ST/STM32L4xx/Include -I../Drivers/CMSIS/Include -O0 -ffunction-sections -fdata-sections -Wall -fstack-usage -fcyclomatic-complexity -MMD -MP -MF"Drivers/STM32L4xx_HAL_Driver/Src/stm32l4xx_hal_can.d" -MT"Drivers/STM32L4xx_HAL_Driver/Src/stm32l4xx_hal_can.o" --specs=nano.specs -mfpu=fpv4-sp-d16 -mfloat-abi=hard -mthumb -o "Drivers/STM32L4xx_HAL_Driver/Src/stm32l4xx_hal_can.o"
arm-none-eabi-gcc "../Drivers/STM32L4xx_HAL_Driver/Src/stm32l4xx_hal_cortex.c" -mcpu=cortex-m4 -std=gnu11 -g3 -DDEBUG -DUSE_HAL_DRIVER -DSTM32L431xx -c -I../Core/Inc -I../Drivers/STM32L4xx_HAL_Driver/Inc -I../Drivers/STM32L4xx_HAL_Driver/Inc/Legacy -I../Drivers/CMSIS/Device/ST/STM32L4xx/Include -I../Drivers/CMSIS/Include -O0 -ffunction-sections -fdata-sections -Wall -fstack-usage -fcyclomatic-complexity -MMD -MP -MF"Drivers/STM32L4xx_HAL_Driver/Src/stm32l4xx_hal_cortex.d" -MT"Drivers/STM32L4xx_HAL_Driver/Src/stm32l4xx_hal_cortex.o" --specs=nano.specs -mfpu=fpv4-sp-d16 -mfloat-abi=hard -mthumb -o "Drivers/STM32L4xx_HAL_Driver/Src/stm32l4xx_hal_cortex.o"
arm-none-eabi-gcc "../Drivers/STM32L4xx_HAL_Driver/Src/stm32l4xx_hal_dma.c" -mcpu=cortex-m4 -std=gnu11 -g3 -DDEBUG -DUSE_HAL_DRIVER -DSTM32L431xx -c -I../Core/Inc -I../Drivers/STM32L4xx_HAL_Driver/Inc -I../Drivers/STM32L4xx_HAL_Driver/Inc/Legacy -I../Drivers/CMSIS/Device/ST/STM32L4xx/Include -I../Drivers/CMSIS/Include -O0 -ffunction-sections -fdata-sections -Wall -fstack-usage -fcyclomatic-complexity -MMD -MP -MF"Drivers/STM32L4xx_HAL_Driver/Src/stm32l4xx_hal_dma.d" -MT"Drivers/STM32L4xx_HAL_Driver/Src/stm32l4xx_hal_dma.o" --specs=nano.specs -mfpu=fpv4-sp-d16 -mfloat-abi=hard -mthumb -o "Drivers/STM32L4xx_HAL_Driver/Src/stm32l4xx_hal_dma.o"
arm-none-eabi-gcc "../Drivers/STM32L4xx_HAL_Driver/Src/stm32l4xx_hal_dma_ex.c" -mcpu=cortex-m4 -std=gnu11 -g3 -DDEBUG -DUSE_HAL_DRIVER -DSTM32L431xx -c -I../Core/Inc -I../Drivers/STM32L4xx_HAL_Driver/Inc -I../Drivers/STM32L4xx_HAL_Driver/Inc/Legacy -I../Drivers/CMSIS/Device/ST/STM32L4xx/Include -I../Drivers/CMSIS/Include -O0 -ffunction-sections -fdata-sections -Wall -fstack-usage -fcyclomatic-complexity -MMD -MP -MF"Drivers/STM32L4xx_HAL_Driver/Src/stm32l4xx_hal_dma_ex.d" -MT"Drivers/STM32L4xx_HAL_Driver/Src/stm32l4xx_hal_dma_ex.o" --specs=nano.specs -mfpu=fpv4-sp-d16 -mfloat-abi=hard -mthumb -o "Drivers/STM32L4xx_HAL_Driver/Src/stm32l4xx_hal_dma_ex.o"
arm-none-eabi-gcc "../Drivers/STM32L4xx_HAL_Driver/Src/stm32l4xx_hal_exti.c" -mcpu=cortex-m4 -std=gnu11 -g3 -DDEBUG -DUSE_HAL_DRIVER -DSTM32L431xx -c -I../Core/Inc -I../Drivers/STM32L4xx_HAL_Driver/Inc -I../Drivers/STM32L4xx_HAL_Driver/Inc/Legacy -I../Drivers/CMSIS/Device/ST/STM32L4xx/Include -I../Drivers/CMSIS/Include -O0 -ffunction-sections -fdata-sections -Wall -fstack-usage -fcyclomatic-complexity -MMD -MP -MF"Drivers/STM32L4xx_HAL_Driver/Src/stm32l4xx_hal_exti.d" -MT"Drivers/STM32L4xx_HAL_Driver/Src/stm32l4xx_hal_exti.o" --specs=nano.specs -mfpu=fpv4-sp-d16 -mfloat-abi=hard -mthumb -o "Drivers/STM32L4xx_HAL_Driver/Src/stm32l4xx_hal_exti.o"
arm-none-eabi-gcc "../Drivers/STM32L4xx_HAL_Driver/Src/stm32l4xx_hal_flash.c" -mcpu=cortex-m4 -std=gnu11 -g3 -DDEBUG -DUSE_HAL_DRIVER -DSTM32L431xx -c -I../Core/Inc -I../Drivers/STM32L4xx_HAL_Driver/Inc -I../Drivers/STM32L4xx_HAL_Driver/Inc/Legacy -I../Drivers/CMSIS/Device/ST/STM32L4xx/Include -I../Drivers/CMSIS/Include -O0 -ffunction-sections -fdata-sections -Wall -fstack-usage -fcyclomatic-complexity -MMD -MP -MF"Drivers/STM32L4xx_HAL_Driver/Src/stm32l4xx_hal_flash.d" -MT"Drivers/STM32L4xx_HAL_Driver/Src/stm32l4xx_hal_flash.o" --specs=nano.specs -mfpu=fpv4-sp-d16 -mfloat-abi=hard -mthumb -o "Drivers/STM32L4xx_HAL_Driver/Src/stm32l4xx_hal_flash.o"
arm-none-eabi-gcc "../Drivers/STM32L4xx_HAL_Driver/Src/stm32l4xx_hal_flash_ex.c" -mcpu=cortex-m4 -std=gnu11 -g3 -DDEBUG -DUSE_HAL_DRIVER -DSTM32L431xx -c -I../Core/Inc -I../Drivers/STM32L4xx_HAL_Driver/Inc -I../Drivers/STM32L4xx_HAL_Driver/Inc/Legacy -I../Drivers/CMSIS/Device/ST/STM32L4xx/Include -I../Drivers/CMSIS/Include -O0 -ffunction-sections -fdata-sections -Wall -fstack-usage -fcyclomatic-complexity -MMD -MP -MF"Drivers/STM32L4xx_HAL_Driver/Src/stm32l4xx_hal_flash_ex.d" -MT"Drivers/STM32L4xx_HAL_Driver/Src/stm32l4xx_hal_flash_ex.o" --specs=nano.specs -mfpu=fpv4-sp-d16 -mfloat-abi=hard -mthumb -o "Drivers/STM32L4xx_HAL_Driver/Src/stm32l4xx_hal_flash_ex.o"
arm-none-eabi-gcc "../Drivers/STM32L4xx_HAL_Driver/Src/stm32l4xx_hal_flash_ramfunc.c" -mcpu=cortex-m4 -std=gnu11 -g3 -DDEBUG -DUSE_HAL_DRIVER -DSTM32L431xx -c -I../Core/Inc -I../Drivers/STM32L4xx_HAL_Driver/Inc -I../Drivers/STM32L4xx_HAL_Driver/Inc/Legacy -I../Drivers/CMSIS/Device/ST/STM32L4xx/Include -I../Drivers/CMSIS/Include -O0 -ffunction-sections -fdata-sections -Wall -fstack-usage -fcyclomatic-complexity -MMD -MP -MF"Drivers/STM32L4xx_HAL_Driver/Src/stm32l4xx_hal_flash_ramfunc.d" -MT"Drivers/STM32L4xx_HAL_Driver/Src/stm32l4xx_hal_flash_ramfunc.o" --specs=nano.specs -mfpu=fpv4-sp-d16 -mfloat-abi=hard -mthumb -o "Drivers/STM32L4xx_HAL_Driver/Src/stm32l4xx_hal_flash_ramfunc.o"
arm-none-eabi-gcc "../Drivers/STM32L4xx_HAL_Driver/Src/stm32l4xx_hal_gpio.c" -mcpu=cortex-m4 -std=gnu11 -g3 -DDEBUG -DUSE_HAL_DRIVER -DSTM32L431xx -c -I../Core/Inc -I../Drivers/STM32L4xx_HAL_Driver/Inc -I../Drivers/STM32L4xx_HAL_Driver/Inc/Legacy -I../Drivers/CMSIS/Device/ST/STM32L4xx/Include -I../Drivers/CMSIS/Include -O0 -ffunction-sections -fdata-sections -Wall -fstack-usage -fcyclomatic-complexity -MMD -MP -MF"Drivers/STM32L4xx_HAL_Driver/Src/stm32l4xx_hal_gpio.d" -MT"Drivers/STM32L4xx_HAL_Driver/Src/stm32l4xx_hal_gpio.o" --specs=nano.specs -mfpu=fpv4-sp-d16 -mfloat-abi=hard -mthumb -o "Drivers/STM32L4xx_HAL_Driver/Src/stm32l4xx_hal_gpio.o"
arm-none-eabi-gcc "../Drivers/STM32L4xx_HAL_Driver/Src/stm32l4xx_hal_i2c.c" -mcpu=cortex-m4 -std=gnu11 -g3 -DDEBUG -DUSE_HAL_DRIVER -DSTM32L431xx -c -I../Core/Inc -I../Drivers/STM32L4xx_HAL_Driver/Inc -I../Drivers/STM32L4xx_HAL_Driver/Inc/Legacy -I../Drivers/CMSIS/Device/ST/STM32L4xx/Include -I../Drivers/CMSIS/Include -O0 -ffunction-sections -fdata-sections -Wall -fstack-usage -fcyclomatic-complexity -MMD -MP -MF"Drivers/STM32L4xx_HAL_Driver/Src/stm32l4xx_hal_i2c.d" -MT"Drivers/STM32L4xx_HAL_Driver/Src/stm32l4xx_hal_i2c.o" --specs=nano.specs -mfpu=fpv4-sp-d16 -mfloat-abi=hard -mthumb -o "Drivers/STM32L4xx_HAL_Driver/Src/stm32l4xx_hal_i2c.o"
arm-none-eabi-gcc "../Drivers/STM32L4xx_HAL_Driver/Src/stm32l4xx_hal_i2c_ex.c" -mcpu=cortex-m4 -std=gnu11 -g3 -DDEBUG -DUSE_HAL_DRIVER -DSTM32L431xx -c -I../Core/Inc -I../Drivers/STM32L4xx_HAL_Driver/Inc -I../Drivers/STM32L4xx_HAL_Driver/Inc/Legacy -I../Drivers/CMSIS/Device/ST/STM32L4xx/Include -I../Drivers/CMSIS/Include -O0 -ffunction-sections -fdata-sections -Wall -fstack-usage -fcyclomatic-complexity -MMD -MP -MF"Drivers/STM32L4xx_HAL_Driver/Src/stm32l4xx_hal_i2c_ex.d" -MT"Drivers/STM32L4xx_HAL_Driver/Src/stm32l4xx_hal_i2c_ex.o" --specs=nano.specs -mfpu=fpv4-sp-d16 -mfloat-abi=hard -mthumb -o "Drivers/STM32L4xx_HAL_Driver/Src/stm32l4xx_hal_i2c_ex.o"
arm-none-eabi-gcc "../Drivers/STM32L4xx_HAL_Driver/Src/stm32l4xx_hal_pwr.c" -mcpu=cortex-m4 -std=gnu11 -g3 -DDEBUG -DUSE_HAL_DRIVER -DSTM32L431xx -c -I../Core/Inc -I../Drivers/STM32L4xx_HAL_Driver/Inc -I../Drivers/STM32L4xx_HAL_Driver/Inc/Legacy -I../Drivers/CMSIS/Device/ST/STM32L4xx/Include -I../Drivers/CMSIS/Include -O0 -ffunction-sections -fdata-sections -Wall -fstack-usage -fcyclomatic-complexity -MMD -MP -MF"Drivers/STM32L4xx_HAL_Driver/Src/stm32l4xx_hal_pwr.d" -MT"Drivers/STM32L4xx_HAL_Driver/Src/stm32l4xx_hal_pwr.o" --specs=nano.specs -mfpu=fpv4-sp-d16 -mfloat-abi=hard -mthumb -o "Drivers/STM32L4xx_HAL_Driver/Src/stm32l4xx_hal_pwr.o"
arm-none-eabi-gcc "../Drivers/STM32L4xx_HAL_Driver/Src/stm32l4xx_hal_pwr_ex.c" -mcpu=cortex-m4 -std=gnu11 -g3 -DDEBUG -DUSE_HAL_DRIVER -DSTM32L431xx -c -I../Core/Inc -I../Drivers/STM32L4xx_HAL_Driver/Inc -I../Drivers/STM32L4xx_HAL_Driver/Inc/Legacy -I../Drivers/CMSIS/Device/ST/STM32L4xx/Include -I../Drivers/CMSIS/Include -O0 -ffunction-sections -fdata-sections -Wall -fstack-usage -fcyclomatic-complexity -MMD -MP -MF"Drivers/STM32L4xx_HAL_Driver/Src/stm32l4xx_hal_pwr_ex.d" -MT"Drivers/STM32L4xx_HAL_Driver/Src/stm32l4xx_hal_pwr_ex.o" --specs=nano.specs -mfpu=fpv4-sp-d16 -mfloat-abi=hard -mthumb -o "Drivers/STM32L4xx_HAL_Driver/Src/stm32l4xx_hal_pwr_ex.o"
arm-none-eabi-gcc "../Drivers/STM32L4xx_HAL_Driver/Src/stm32l4xx_hal_rcc.c" -mcpu=cortex-m4 -std=gnu11 -g3 -DDEBUG -DUSE_HAL_DRIVER -DSTM32L431xx -c -I../Core/Inc -I../Drivers/STM32L4xx_HAL_Driver/Inc -I../Drivers/STM32L4xx_HAL_Driver/Inc/Legacy -I../Drivers/CMSIS/Device/ST/STM32L4xx/Include -I../Drivers/CMSIS/Include -O0 -ffunction-sections -fdata-sections -Wall -fstack-usage -fcyclomatic-complexity -MMD -MP -MF"Drivers/STM32L4xx_HAL_Driver/Src/stm32l4xx_hal_rcc.d" -MT"Drivers/STM32L4xx_HAL_Driver/Src/stm32l4xx_hal_rcc.o" --specs=nano.specs -mfpu=fpv4-sp-d16 -mfloat-abi=hard -mthumb -o "Drivers/STM32L4xx_HAL_Driver/Src/stm32l4xx_hal_rcc.o"
arm-none-eabi-gcc "../Drivers/STM32L4xx_HAL_Driver/Src/stm32l4xx_hal_rcc_ex.c" -mcpu=cortex-m4 -std=gnu11 -g3 -DDEBUG -DUSE_HAL_DRIVER -DSTM32L431xx -c -I../Core/Inc -I../Drivers/STM32L4xx_HAL_Driver/Inc -I../Drivers/STM32L4xx_HAL_Driver/Inc/Legacy -I../Drivers/CMSIS/Device/ST/STM32L4xx/Include -I../Drivers/CMSIS/Include -O0 -ffunction-sections -fdata-sections -Wall -fstack-usage -fcyclomatic-complexity -MMD -MP -MF"Drivers/STM32L4xx_HAL_Driver/Src/stm32l4xx_hal_rcc_ex.d" -MT"Drivers/STM32L4xx_HAL_Driver/Src/stm32l4xx_hal_rcc_ex.o" --specs=nano.specs -mfpu=fpv4-sp-d16 -mfloat-abi=hard -mthumb -o "Drivers/STM32L4xx_HAL_Driver/Src/stm32l4xx_hal_rcc_ex.o"
arm-none-eabi-gcc "../Drivers/STM32L4xx_HAL_Driver/Src/stm32l4xx_hal_uart.c" -mcpu=cortex-m4 -std=gnu11 -g3 -DDEBUG -DUSE_HAL_DRIVER -DSTM32L431xx -c -I../Core/Inc -I../Drivers/STM32L4xx_HAL_Driver/Inc -I../Drivers/STM32L4xx_HAL_Driver/Inc/Legacy -I../Drivers/CMSIS/Device/ST/STM32L4xx/Include -I../Drivers/CMSIS/Include -O0 -ffunction-sections -fdata-sections -Wall -fstack-usage -fcyclomatic-complexity -MMD -MP -MF"Drivers/STM32L4xx_HAL_Driver/Src/stm32l4xx_hal_uart.d" -MT"Drivers/STM32L4xx_HAL_Driver/Src/stm32l4xx_hal_uart.o" --specs=nano.specs -mfpu=fpv4-sp-d16 -mfloat-abi=hard -mthumb -o "Drivers/STM32L4xx_HAL_Driver/Src/stm32l4xx_hal_uart.o"
arm-none-eabi-gcc "../Drivers/STM32L4xx_HAL_Driver/Src/stm32l4xx_hal_uart_ex.c" -mcpu=cortex-m4 -std=gnu11 -g3 -DDEBUG -DUSE_HAL_DRIVER -DSTM32L431xx -c -I../Core/Inc -I../Drivers/STM32L4xx_HAL_Driver/Inc -I../Drivers/STM32L4xx_HAL_Driver/Inc/Legacy -I../Drivers/CMSIS/Device/ST/STM32L4xx/Include -I../Drivers/CMSIS/Include -O0 -ffunction-sections -fdata-sections -Wall -fstack-usage -fcyclomatic-complexity -MMD -MP -MF"Drivers/STM32L4xx_HAL_Driver/Src/stm32l4xx_hal_uart_ex.d" -MT"Drivers/STM32L4xx_HAL_Driver/Src/stm32l4xx_hal_uart_ex.o" --specs=nano.specs -mfpu=fpv4-sp-d16 -mfloat-abi=hard -mthumb -o "Drivers/STM32L4xx_HAL_Driver/Src/stm32l4xx_hal_uart_ex.o"
arm-none-eabi-gcc "../Core/Src/main.c" -mcpu=cortex-m4 -std=gnu11 -g3 -DDEBUG -DUSE_HAL_DRIVER -DSTM32L431xx -c -I../Core/Inc -I../Drivers/STM32L4xx_HAL_Driver/Inc -I../Drivers/STM32L4xx_HAL_Driver/Inc/Legacy -I../Drivers/CMSIS/Device/ST/STM32L4xx/Include -I../Drivers/CMSIS/Include -O0 -ffunction-sections -fdata-sections -Wall -fstack-usage -fcyclomatic-complexity -MMD -MP -MF"Core/Src/main.d" -MT"Core/Src/main.o" --specs=nano.specs -mfpu=fpv4-sp-d16 -mfloat-abi=hard -mthumb -o "Core/Src/main.o"
arm-none-eabi-gcc "../Core/Src/stm32l4xx_hal_msp.c" -mcpu=cortex-m4 -std=gnu11 -g3 -DDEBUG -DUSE_HAL_DRIVER -DSTM32L431xx -c -I../Core/Inc -I../Drivers/STM32L4xx_HAL_Driver/Inc -I../Drivers/STM32L4xx_HAL_Driver/Inc/Legacy -I../Drivers/CMSIS/Device/ST/STM32L4xx/Include -I../Drivers/CMSIS/Include -O0 -ffunction-sections -fdata-sections -Wall -fstack-usage -fcyclomatic-complexity -MMD -MP -MF"Core/Src/stm32l4xx_hal_msp.d" -MT"Core/Src/stm32l4xx_hal_msp.o" --specs=nano.specs -mfpu=fpv4-sp-d16 -mfloat-abi=hard -mthumb -o "Core/Src/stm32l4xx_hal_msp.o"
../Core/Src/main.c: In function 'main':
../Core/Src/main.c:124:3: warning: implicit declaration of function 'HAL_CAN_START'; did you mean 'HAL_CAN_Start'? [-Wimplicit-function-declaration]
  124 |   HAL_CAN_START(&hcan1);
      |   ^~~~~~~~~~~~~
      |   HAL_CAN_Start
arm-none-eabi-gcc "../Core/Src/stm32l4xx_it.c" -mcpu=cortex-m4 -std=gnu11 -g3 -DDEBUG -DUSE_HAL_DRIVER -DSTM32L431xx -c -I../Core/Inc -I../Drivers/STM32L4xx_HAL_Driver/Inc -I../Drivers/STM32L4xx_HAL_Driver/Inc/Legacy -I../Drivers/CMSIS/Device/ST/STM32L4xx/Include -I../Drivers/CMSIS/Include -O0 -ffunction-sections -fdata-sections -Wall -fstack-usage -fcyclomatic-complexity -MMD -MP -MF"Core/Src/stm32l4xx_it.d" -MT"Core/Src/stm32l4xx_it.o" --specs=nano.specs -mfpu=fpv4-sp-d16 -mfloat-abi=hard -mthumb -o "Core/Src/stm32l4xx_it.o"
arm-none-eabi-gcc "../Core/Src/system_stm32l4xx.c" -mcpu=cortex-m4 -std=gnu11 -g3 -DDEBUG -DUSE_HAL_DRIVER -DSTM32L431xx -c -I../Core/Inc -I../Drivers/STM32L4xx_HAL_Driver/Inc -I../Drivers/STM32L4xx_HAL_Driver/Inc/Legacy -I../Drivers/CMSIS/Device/ST/STM32L4xx/Include -I../Drivers/CMSIS/Include -O0 -ffunction-sections -fdata-sections -Wall -fstack-usage -fcyclomatic-complexity -MMD -MP -MF"Core/Src/system_stm32l4xx.d" -MT"Core/Src/system_stm32l4xx.o" --specs=nano.specs -mfpu=fpv4-sp-d16 -mfloat-abi=hard -mthumb -o "Core/Src/system_stm32l4xx.o"
arm-none-eabi-gcc -o "wheelsboard.elf" @"objects.list"   -mcpu=cortex-m4 -T"/Users/karthikkurapati/LHR/VCAT-WheelsSensor/firmware/wheelsboard/STM32L431CBTX_FLASH.ld" --specs=nosys.specs -Wl,-Map="wheelsboard.map" -Wl,--gc-sections -static --specs=nano.specs -mfpu=fpv4-sp-d16 -mfloat-abi=hard -mthumb -Wl,--start-group -lc -lm -Wl,--end-group
/Applications/STM32CubeIDE.app/Contents/Eclipse/plugins/com.st.stm32cube.ide.mcu.externaltools.gnu-tools-for-stm32.13.3.rel1.macos64_1.0.0.202411102158/tools/bin/../lib/gcc/arm-none-eabi/13.3.1/../../../../arm-none-eabi/bin/ld: ./Core/Src/main.o: in function `main':
/Users/karthikkurapati/LHR/VCAT-WheelsSensor/firmware/wheelsboard/Debug/../Core/Src/main.c:124:(.text.main+0x5c): undefined reference to `HAL_CAN_START'
collect2: error: ld returned 1 exit status
make: *** [makefile:64: wheelsboard.elf] Error 1
"make -j7 all" terminated with exit code 2. Build might be incomplete.
17:02:24 **** Incremental Build of configuration Debug for project wheelsboard ****
make -j7 all 
arm-none-eabi-gcc "../Core/Src/main.c" -mcpu=cortex-m4 -std=gnu11 -g3 -DDEBUG -DUSE_HAL_DRIVER -DSTM32L431xx -c -I../Core/Inc -I../Drivers/STM32L4xx_HAL_Driver/Inc -I../Drivers/STM32L4xx_HAL_Driver/Inc/Legacy -I../Drivers/CMSIS/Device/ST/STM32L4xx/Include -I../Drivers/CMSIS/Include -O0 -ffunction-sections -fdata-sections -Wall -fstack-usage -fcyclomatic-complexity -MMD -MP -MF"Core/Src/main.d" -MT"Core/Src/main.o" --specs=nano.specs -mfpu=fpv4-sp-d16 -mfloat-abi=hard -mthumb -o "Core/Src/main.o"
arm-none-eabi-gcc -o "wheelsboard.elf" @"objects.list"   -mcpu=cortex-m4 -T"/Users/karthikkurapati/LHR/VCAT-WheelsSensor/firmware/wheelsboard/STM32L431CBTX_FLASH.ld" --specs=nosys.specs -Wl,-Map="wheelsboard.map" -Wl,--gc-sections -static --specs=nano.specs -mfpu=fpv4-sp-d16 -mfloat-abi=hard -mthumb -Wl,--start-group -lc -lm -Wl,--end-group
Finished building target: wheelsboard.elf
 
arm-none-eabi-size  wheelsboard.elf 
arm-none-eabi-objdump -h -S wheelsboard.elf  > "wheelsboard.list"
   text	   data	    bss	    dec	    hex	filename
  15264	     12	   1828	  17104	   42d0	wheelsboard.elf
Finished building: default.size.stdout
 
Finished building: wheelsboard.list
 
17:04:28 **** Incremental Build of configuration Debug for project wheelsboard ****
make -j7 all 
arm-none-eabi-gcc "../Core/Src/main.c" -mcpu=cortex-m4 -std=gnu11 -g3 -DDEBUG -DUSE_HAL_DRIVER -DSTM32L431xx -c -I../Core/Inc -I../Drivers/STM32L4xx_HAL_Driver/Inc -I../Drivers/STM32L4xx_HAL_Driver/Inc/Legacy -I../Drivers/CMSIS/Device/ST/STM32L4xx/Include -I../Drivers/CMSIS/Include -O0 -ffunction-sections -fdata-sections -Wall -fstack-usage -fcyclomatic-complexity -MMD -MP -MF"Core/Src/main.d" -MT"Core/Src/main.o" --specs=nano.specs -mfpu=fpv4-sp-d16 -mfloat-abi=hard -mthumb -o "Core/Src/main.o"
arm-none-eabi-gcc -o "wheelsboard.elf" @"objects.list"   -mcpu=cortex-m4 -T"/Users/karthikkurapati/LHR/VCAT-WheelsSensor/firmware/wheelsboard/STM32L431CBTX_FLASH.ld" --specs=nosys.specs -Wl,-Map="wheelsboard.map" -Wl,--gc-sections -static --specs=nano.specs -mfpu=fpv4-sp-d16 -mfloat-abi=hard -mthumb -Wl,--start-group -lc -lm -Wl,--end-group
Finished building target: wheelsboard.elf
 
arm-none-eabi-size  wheelsboard.elf 
arm-none-eabi-objdump -h -S wheelsboard.elf  > "wheelsboard.list"
   text	   data	    bss	    dec	    hex	filename
  15260	     12	   1828	  17100	   42cc	wheelsboard.elf
Finished building: default.size.stdout
 
Finished building: wheelsboard.list
 
17:52:33 **** Incremental Build of configuration Debug for project wheelsboard ****
make -j7 all 
arm-none-eabi-gcc "../Core/Src/main.c" -mcpu=cortex-m4 -std=gnu11 -g3 -DDEBUG -DUSE_HAL_DRIVER -DSTM32L431xx -c -I../Core/Inc -I../Drivers/STM32L4xx_HAL_Driver/Inc -I../Drivers/STM32L4xx_HAL_Driver/Inc/Legacy -I../Drivers/CMSIS/Device/ST/STM32L4xx/Include -I../Drivers/CMSIS/Include -O0 -ffunction-sections -fdata-sections -Wall -fstack-usage -fcyclomatic-complexity -MMD -MP -MF"Core/Src/main.d" -MT"Core/Src/main.o" --specs=nano.specs -mfpu=fpv4-sp-d16 -mfloat-abi=hard -mthumb -o "Core/Src/main.o"
../Core/Src/main.c: In function 'main':
../Core/Src/main.c:111:27: error: stray '\302' in program
  111 |   filterConfig.FilterIdLow<U+00A0> = 0x0000;
      |                           ^~~~~~~~
../Core/Src/main.c:113:31: error: stray '\302' in program
  113 |   filterConfig.FilterMaskIdLow<U+00A0> = 0x0000;
      |                               ^~~~~~~~
../Core/Src/main.c:104:12: warning: unused variable 'txMailbox' [-Wunused-variable]
  104 |   uint32_t txMailbox;
      |            ^~~~~~~~~
../Core/Src/main.c:103:11: warning: variable 'txData' set but not used [-Wunused-but-set-variable]
  103 |   uint8_t txData[8];
      |           ^~~~~~
../Core/Src/main.c:102:23: warning: variable 'txHeader' set but not used [-Wunused-but-set-variable]
  102 |   CAN_TxHeaderTypeDef txHeader;
      |                       ^~~~~~~~
../Core/Src/main.c: In function 'HAL_CAN_RxFifo0MsgPendingCallback':
../Core/Src/main.c:413:7: error: too many arguments to function 'HAL_GPIO_TogglePin'
  413 |       HAL_GPIO_TogglePin(GPIOB, GPIO_PIN_12,1);
      |       ^~~~~~~~~~~~~~~~~~
In file included from ../Core/Inc/stm32l4xx_hal_conf.h:262,
                 from ../Drivers/STM32L4xx_HAL_Driver/Inc/stm32l4xx_hal.h:29,
                 from ../Core/Inc/main.h:30,
                 from ../Core/Src/main.c:20:
../Drivers/STM32L4xx_HAL_Driver/Inc/stm32l4xx_hal_gpio.h:297:19: note: declared here
  297 | void              HAL_GPIO_TogglePin(GPIO_TypeDef* GPIOx, uint16_t GPIO_Pin);
      |                   ^~~~~~~~~~~~~~~~~~
make: *** [Core/Src/subdir.mk:34: Core/Src/main.o] Error 1
"make -j7 all" terminated with exit code 2. Build might be incomplete.
17:53:03 **** Incremental Build of configuration Debug for project wheelsboard ****
make -j7 all 
arm-none-eabi-gcc "../Core/Src/main.c" -mcpu=cortex-m4 -std=gnu11 -g3 -DDEBUG -DUSE_HAL_DRIVER -DSTM32L431xx -c -I../Core/Inc -I../Drivers/STM32L4xx_HAL_Driver/Inc -I../Drivers/STM32L4xx_HAL_Driver/Inc/Legacy -I../Drivers/CMSIS/Device/ST/STM32L4xx/Include -I../Drivers/CMSIS/Include -O0 -ffunction-sections -fdata-sections -Wall -fstack-usage -fcyclomatic-complexity -MMD -MP -MF"Core/Src/main.d" -MT"Core/Src/main.o" --specs=nano.specs -mfpu=fpv4-sp-d16 -mfloat-abi=hard -mthumb -o "Core/Src/main.o"
../Core/Src/main.c: In function 'main':
../Core/Src/main.c:104:12: warning: unused variable 'txMailbox' [-Wunused-variable]
  104 |   uint32_t txMailbox;
      |            ^~~~~~~~~
../Core/Src/main.c:103:11: warning: variable 'txData' set but not used [-Wunused-but-set-variable]
  103 |   uint8_t txData[8];
      |           ^~~~~~
../Core/Src/main.c:102:23: warning: variable 'txHeader' set but not used [-Wunused-but-set-variable]
  102 |   CAN_TxHeaderTypeDef txHeader;
      |                       ^~~~~~~~
../Core/Src/main.c: In function 'HAL_CAN_RxFifo0MsgPendingCallback':
../Core/Src/main.c:413:7: error: too many arguments to function 'HAL_GPIO_TogglePin'
  413 |       HAL_GPIO_TogglePin(GPIOB, GPIO_PIN_12,1);
      |       ^~~~~~~~~~~~~~~~~~
In file included from ../Core/Inc/stm32l4xx_hal_conf.h:262,
                 from ../Drivers/STM32L4xx_HAL_Driver/Inc/stm32l4xx_hal.h:29,
                 from ../Core/Inc/main.h:30,
                 from ../Core/Src/main.c:20:
../Drivers/STM32L4xx_HAL_Driver/Inc/stm32l4xx_hal_gpio.h:297:19: note: declared here
  297 | void              HAL_GPIO_TogglePin(GPIO_TypeDef* GPIOx, uint16_t GPIO_Pin);
      |                   ^~~~~~~~~~~~~~~~~~
make: *** [Core/Src/subdir.mk:34: Core/Src/main.o] Error 1
"make -j7 all" terminated with exit code 2. Build might be incomplete.
17:53:07 **** Incremental Build of configuration Debug for project wheelsboard ****
make -j7 all 
arm-none-eabi-gcc "../Core/Src/main.c" -mcpu=cortex-m4 -std=gnu11 -g3 -DDEBUG -DUSE_HAL_DRIVER -DSTM32L431xx -c -I../Core/Inc -I../Drivers/STM32L4xx_HAL_Driver/Inc -I../Drivers/STM32L4xx_HAL_Driver/Inc/Legacy -I../Drivers/CMSIS/Device/ST/STM32L4xx/Include -I../Drivers/CMSIS/Include -O0 -ffunction-sections -fdata-sections -Wall -fstack-usage -fcyclomatic-complexity -MMD -MP -MF"Core/Src/main.d" -MT"Core/Src/main.o" --specs=nano.specs -mfpu=fpv4-sp-d16 -mfloat-abi=hard -mthumb -o "Core/Src/main.o"
../Core/Src/main.c: In function 'main':
../Core/Src/main.c:104:12: warning: unused variable 'txMailbox' [-Wunused-variable]
  104 |   uint32_t txMailbox;
      |            ^~~~~~~~~
../Core/Src/main.c:103:11: warning: variable 'txData' set but not used [-Wunused-but-set-variable]
  103 |   uint8_t txData[8];
      |           ^~~~~~
../Core/Src/main.c:102:23: warning: variable 'txHeader' set but not used [-Wunused-but-set-variable]
  102 |   CAN_TxHeaderTypeDef txHeader;
      |                       ^~~~~~~~
../Core/Src/main.c: In function 'HAL_CAN_RxFifo0MsgPendingCallback':
../Core/Src/main.c:413:7: error: too many arguments to function 'HAL_GPIO_TogglePin'
  413 |       HAL_GPIO_TogglePin(GPIOB, GPIO_PIN_12,1);
      |       ^~~~~~~~~~~~~~~~~~
In file included from ../Core/Inc/stm32l4xx_hal_conf.h:262,
                 from ../Drivers/STM32L4xx_HAL_Driver/Inc/stm32l4xx_hal.h:29,
                 from ../Core/Inc/main.h:30,
                 from ../Core/Src/main.c:20:
../Drivers/STM32L4xx_HAL_Driver/Inc/stm32l4xx_hal_gpio.h:297:19: note: declared here
  297 | void              HAL_GPIO_TogglePin(GPIO_TypeDef* GPIOx, uint16_t GPIO_Pin);
      |                   ^~~~~~~~~~~~~~~~~~
make: *** [Core/Src/subdir.mk:34: Core/Src/main.o] Error 1
"make -j7 all" terminated with exit code 2. Build might be incomplete.
17:53:36 **** Incremental Build of configuration Debug for project wheelsboard ****
make -j7 all 
arm-none-eabi-gcc "../Core/Src/main.c" -mcpu=cortex-m4 -std=gnu11 -g3 -DDEBUG -DUSE_HAL_DRIVER -DSTM32L431xx -c -I../Core/Inc -I../Drivers/STM32L4xx_HAL_Driver/Inc -I../Drivers/STM32L4xx_HAL_Driver/Inc/Legacy -I../Drivers/CMSIS/Device/ST/STM32L4xx/Include -I../Drivers/CMSIS/Include -O0 -ffunction-sections -fdata-sections -Wall -fstack-usage -fcyclomatic-complexity -MMD -MP -MF"Core/Src/main.d" -MT"Core/Src/main.o" --specs=nano.specs -mfpu=fpv4-sp-d16 -mfloat-abi=hard -mthumb -o "Core/Src/main.o"
../Core/Src/main.c: In function 'main':
../Core/Src/main.c:104:12: warning: unused variable 'txMailbox' [-Wunused-variable]
  104 |   uint32_t txMailbox;
      |            ^~~~~~~~~
../Core/Src/main.c:103:11: warning: variable 'txData' set but not used [-Wunused-but-set-variable]
  103 |   uint8_t txData[8];
      |           ^~~~~~
../Core/Src/main.c:102:23: warning: variable 'txHeader' set but not used [-Wunused-but-set-variable]
  102 |   CAN_TxHeaderTypeDef txHeader;
      |                       ^~~~~~~~
arm-none-eabi-gcc -o "wheelsboard.elf" @"objects.list"   -mcpu=cortex-m4 -T"/Users/karthikkurapati/LHR/VCAT-WheelsSensor/firmware/wheelsboard/STM32L431CBTX_FLASH.ld" --specs=nosys.specs -Wl,-Map="wheelsboard.map" -Wl,--gc-sections -static --specs=nano.specs -mfpu=fpv4-sp-d16 -mfloat-abi=hard -mthumb -Wl,--start-group -lc -lm -Wl,--end-group
/Applications/STM32CubeIDE.app/Contents/Eclipse/plugins/com.st.stm32cube.ide.mcu.externaltools.gnu-tools-for-stm32.13.3.rel1.macos64_1.0.0.202411102158/tools/bin/../lib/gcc/arm-none-eabi/13.3.1/../../../../arm-none-eabi/bin/ld: ./Core/Src/stm32l4xx_it.o: in function `CAN1_RX0_IRQHandler':
/Users/karthikkurapati/LHR/VCAT-WheelsSensor/firmware/wheelsboard/Debug/../Core/Src/stm32l4xx_it.c:219: multiple definition of `CAN1_RX0_IRQHandler'; ./Core/Src/main.o:/Users/karthikkurapati/LHR/VCAT-WheelsSensor/firmware/wheelsboard/Debug/../Core/Src/main.c:420: first defined here
collect2: error: ld returned 1 exit status
make: *** [makefile:64: wheelsboard.elf] Error 1
"make -j7 all" terminated with exit code 2. Build might be incomplete.
17:59:29 **** Incremental Build of configuration Debug for project wheelsboard ****
make -j7 all 
arm-none-eabi-gcc "../Core/Src/stm32l4xx_it.c" -mcpu=cortex-m4 -std=gnu11 -g3 -DDEBUG -DUSE_HAL_DRIVER -DSTM32L431xx -c -I../Core/Inc -I../Drivers/STM32L4xx_HAL_Driver/Inc -I../Drivers/STM32L4xx_HAL_Driver/Inc/Legacy -I../Drivers/CMSIS/Device/ST/STM32L4xx/Include -I../Drivers/CMSIS/Include -O0 -ffunction-sections -fdata-sections -Wall -fstack-usage -fcyclomatic-complexity -MMD -MP -MF"Core/Src/stm32l4xx_it.d" -MT"Core/Src/stm32l4xx_it.o" --specs=nano.specs -mfpu=fpv4-sp-d16 -mfloat-abi=hard -mthumb -o "Core/Src/stm32l4xx_it.o"
arm-none-eabi-gcc -o "wheelsboard.elf" @"objects.list"   -mcpu=cortex-m4 -T"/Users/karthikkurapati/LHR/VCAT-WheelsSensor/firmware/wheelsboard/STM32L431CBTX_FLASH.ld" --specs=nosys.specs -Wl,-Map="wheelsboard.map" -Wl,--gc-sections -static --specs=nano.specs -mfpu=fpv4-sp-d16 -mfloat-abi=hard -mthumb -Wl,--start-group -lc -lm -Wl,--end-group
Finished building target: wheelsboard.elf
 
arm-none-eabi-size  wheelsboard.elf 
arm-none-eabi-objdump -h -S wheelsboard.elf  > "wheelsboard.list"
   text	   data	    bss	    dec	    hex	filename
  15840	     12	   1828	  17680	   4510	wheelsboard.elf
Finished building: default.size.stdout
 
Finished building: wheelsboard.list
 
18:01:31 **** Incremental Build of configuration Debug for project wheelsboard ****
make -j7 all 
arm-none-eabi-gcc "../Core/Src/main.c" -mcpu=cortex-m4 -std=gnu11 -g3 -DDEBUG -DUSE_HAL_DRIVER -DSTM32L431xx -c -I../Core/Inc -I../Drivers/STM32L4xx_HAL_Driver/Inc -I../Drivers/STM32L4xx_HAL_Driver/Inc/Legacy -I../Drivers/CMSIS/Device/ST/STM32L4xx/Include -I../Drivers/CMSIS/Include -O0 -ffunction-sections -fdata-sections -Wall -fstack-usage -fcyclomatic-complexity -MMD -MP -MF"Core/Src/main.d" -MT"Core/Src/main.o" --specs=nano.specs -mfpu=fpv4-sp-d16 -mfloat-abi=hard -mthumb -o "Core/Src/main.o"
arm-none-eabi-gcc -o "wheelsboard.elf" @"objects.list"   -mcpu=cortex-m4 -T"/Users/karthikkurapati/LHR/VCAT-WheelsSensor/firmware/wheelsboard/STM32L431CBTX_FLASH.ld" --specs=nosys.specs -Wl,-Map="wheelsboard.map" -Wl,--gc-sections -static --specs=nano.specs -mfpu=fpv4-sp-d16 -mfloat-abi=hard -mthumb -Wl,--start-group -lc -lm -Wl,--end-group
Finished building target: wheelsboard.elf
 
arm-none-eabi-size  wheelsboard.elf 
arm-none-eabi-objdump -h -S wheelsboard.elf  > "wheelsboard.list"
   text	   data	    bss	    dec	    hex	filename
  16428	     12	   1828	  18268	   475c	wheelsboard.elf
Finished building: default.size.stdout
 
Finished building: wheelsboard.list
 
18:07:42 **** Incremental Build of configuration Debug for project wheelsboard ****
make -j7 all 
arm-none-eabi-gcc "../Core/Src/main.c" -mcpu=cortex-m4 -std=gnu11 -g3 -DDEBUG -DUSE_HAL_DRIVER -DSTM32L431xx -c -I../Core/Inc -I../Drivers/STM32L4xx_HAL_Driver/Inc -I../Drivers/STM32L4xx_HAL_Driver/Inc/Legacy -I../Drivers/CMSIS/Device/ST/STM32L4xx/Include -I../Drivers/CMSIS/Include -O0 -ffunction-sections -fdata-sections -Wall -fstack-usage -fcyclomatic-complexity -MMD -MP -MF"Core/Src/main.d" -MT"Core/Src/main.o" --specs=nano.specs -mfpu=fpv4-sp-d16 -mfloat-abi=hard -mthumb -o "Core/Src/main.o"
arm-none-eabi-gcc -o "wheelsboard.elf" @"objects.list"   -mcpu=cortex-m4 -T"/Users/karthikkurapati/LHR/VCAT-WheelsSensor/firmware/wheelsboard/STM32L431CBTX_FLASH.ld" --specs=nosys.specs -Wl,-Map="wheelsboard.map" -Wl,--gc-sections -static --specs=nano.specs -mfpu=fpv4-sp-d16 -mfloat-abi=hard -mthumb -Wl,--start-group -lc -lm -Wl,--end-group
Finished building target: wheelsboard.elf
 
arm-none-eabi-size  wheelsboard.elf 
arm-none-eabi-objdump -h -S wheelsboard.elf  > "wheelsboard.list"
   text	   data	    bss	    dec	    hex	filename
  16428	     12	   1828	  18268	   475c	wheelsboard.elf
Finished building: default.size.stdout
 
Finished building: wheelsboard.list
 
14:52:47 **** Build of configuration Debug for project wheelsboard ****
make -j7 all 
arm-none-eabi-gcc "../Drivers/STM32L4xx_HAL_Driver/Src/stm32l4xx_hal_can.c" -mcpu=cortex-m4 -std=gnu11 -g3 -DDEBUG -DUSE_HAL_DRIVER -DSTM32L431xx -c -I../Core/Inc -I../Drivers/STM32L4xx_HAL_Driver/Inc -I../Drivers/STM32L4xx_HAL_Driver/Inc/Legacy -I../Drivers/CMSIS/Device/ST/STM32L4xx/Include -I../Drivers/CMSIS/Include -O0 -ffunction-sections -fdata-sections -Wall -fstack-usage -fcyclomatic-complexity -MMD -MP -MF"Drivers/STM32L4xx_HAL_Driver/Src/stm32l4xx_hal_can.d" -MT"Drivers/STM32L4xx_HAL_Driver/Src/stm32l4xx_hal_can.o" --specs=nano.specs -mfpu=fpv4-sp-d16 -mfloat-abi=hard -mthumb -o "Drivers/STM32L4xx_HAL_Driver/Src/stm32l4xx_hal_can.o"
arm-none-eabi-gcc "../Core/Src/main.c" -mcpu=cortex-m4 -std=gnu11 -g3 -DDEBUG -DUSE_HAL_DRIVER -DSTM32L431xx -c -I../Core/Inc -I../Drivers/STM32L4xx_HAL_Driver/Inc -I../Drivers/STM32L4xx_HAL_Driver/Inc/Legacy -I../Drivers/CMSIS/Device/ST/STM32L4xx/Include -I../Drivers/CMSIS/Include -O0 -ffunction-sections -fdata-sections -Wall -fstack-usage -fcyclomatic-complexity -MMD -MP -MF"Core/Src/main.d" -MT"Core/Src/main.o" --specs=nano.specs -mfpu=fpv4-sp-d16 -mfloat-abi=hard -mthumb -o "Core/Src/main.o"
arm-none-eabi-gcc -o "wheelsboard.elf" @"objects.list"   -mcpu=cortex-m4 -T"/Users/karthikkurapati/LHR/VCAT-WheelsSensor/firmware/wheelsboard/STM32L431CBTX_FLASH.ld" --specs=nosys.specs -Wl,-Map="wheelsboard.map" -Wl,--gc-sections -static --specs=nano.specs -mfpu=fpv4-sp-d16 -mfloat-abi=hard -mthumb -Wl,--start-group -lc -lm -Wl,--end-group
Finished building target: wheelsboard.elf
 
arm-none-eabi-size  wheelsboard.elf 
arm-none-eabi-objdump -h -S wheelsboard.elf  > "wheelsboard.list"
   text	   data	    bss	    dec	    hex	filename
  16428	     12	   1828	  18268	   475c	wheelsboard.elf
Finished building: default.size.stdout
 
Finished building: wheelsboard.list
 
14:54:45 **** Build of configuration Debug for project wheelsboard ****
make -j7 all 
arm-none-eabi-size  wheelsboard.elf 
   text	   data	    bss	    dec	    hex	filename
  16428	     12	   1828	  18268	   475c	wheelsboard.elf
Finished building: default.size.stdout
 
15:13:50 **** Incremental Build of configuration Debug for project wheelsboard ****
make -j7 all 
arm-none-eabi-gcc "../Core/Src/main.c" -mcpu=cortex-m4 -std=gnu11 -g3 -DDEBUG -DUSE_HAL_DRIVER -DSTM32L431xx -c -I../Core/Inc -I../Drivers/STM32L4xx_HAL_Driver/Inc -I../Drivers/STM32L4xx_HAL_Driver/Inc/Legacy -I../Drivers/CMSIS/Device/ST/STM32L4xx/Include -I../Drivers/CMSIS/Include -O0 -ffunction-sections -fdata-sections -Wall -fstack-usage -fcyclomatic-complexity -MMD -MP -MF"Core/Src/main.d" -MT"Core/Src/main.o" --specs=nano.specs -mfpu=fpv4-sp-d16 -mfloat-abi=hard -mthumb -o "Core/Src/main.o"
arm-none-eabi-gcc -o "wheelsboard.elf" @"objects.list"   -mcpu=cortex-m4 -T"/Users/karthikkurapati/LHR/VCAT-WheelsSensor/firmware/wheelsboard/STM32L431CBTX_FLASH.ld" --specs=nosys.specs -Wl,-Map="wheelsboard.map" -Wl,--gc-sections -static --specs=nano.specs -mfpu=fpv4-sp-d16 -mfloat-abi=hard -mthumb -Wl,--start-group -lc -lm -Wl,--end-group
Finished building target: wheelsboard.elf
 
arm-none-eabi-size  wheelsboard.elf 
arm-none-eabi-objdump -h -S wheelsboard.elf  > "wheelsboard.list"
   text	   data	    bss	    dec	    hex	filename
  16428	     12	   1828	  18268	   475c	wheelsboard.elf
Finished building: default.size.stdout
 
Finished building: wheelsboard.list
 
16:51:06 **** Incremental Build of configuration Debug for project wheelsboard ****
make -j7 all 
arm-none-eabi-gcc "../Core/Src/main.c" -mcpu=cortex-m4 -std=gnu11 -g3 -DDEBUG -DUSE_HAL_DRIVER -DSTM32L431xx -c -I../Core/Inc -I../Drivers/STM32L4xx_HAL_Driver/Inc -I../Drivers/STM32L4xx_HAL_Driver/Inc/Legacy -I../Drivers/CMSIS/Device/ST/STM32L4xx/Include -I../Drivers/CMSIS/Include -O0 -ffunction-sections -fdata-sections -Wall -fstack-usage -fcyclomatic-complexity -MMD -MP -MF"Core/Src/main.d" -MT"Core/Src/main.o" --specs=nano.specs -mfpu=fpv4-sp-d16 -mfloat-abi=hard -mthumb -o "Core/Src/main.o"
arm-none-eabi-gcc -o "wheelsboard.elf" @"objects.list"   -mcpu=cortex-m4 -T"/Users/karthikkurapati/LHR/VCAT-WheelsSensor/firmware/wheelsboard/STM32L431CBTX_FLASH.ld" --specs=nosys.specs -Wl,-Map="wheelsboard.map" -Wl,--gc-sections -static --specs=nano.specs -mfpu=fpv4-sp-d16 -mfloat-abi=hard -mthumb -Wl,--start-group -lc -lm -Wl,--end-group
Finished building target: wheelsboard.elf
 
arm-none-eabi-size  wheelsboard.elf 
arm-none-eabi-objdump -h -S wheelsboard.elf  > "wheelsboard.list"
   text	   data	    bss	    dec	    hex	filename
  16452	     12	   1828	  18292	   4774	wheelsboard.elf
Finished building: default.size.stdout
 
Finished building: wheelsboard.list
 
16:51:59 **** Incremental Build of configuration Debug for project wheelsboard ****
make -j7 all 
arm-none-eabi-gcc "../Core/Src/main.c" -mcpu=cortex-m4 -std=gnu11 -g3 -DDEBUG -DUSE_HAL_DRIVER -DSTM32L431xx -c -I../Core/Inc -I../Drivers/STM32L4xx_HAL_Driver/Inc -I../Drivers/STM32L4xx_HAL_Driver/Inc/Legacy -I../Drivers/CMSIS/Device/ST/STM32L4xx/Include -I../Drivers/CMSIS/Include -O0 -ffunction-sections -fdata-sections -Wall -fstack-usage -fcyclomatic-complexity -MMD -MP -MF"Core/Src/main.d" -MT"Core/Src/main.o" --specs=nano.specs -mfpu=fpv4-sp-d16 -mfloat-abi=hard -mthumb -o "Core/Src/main.o"
arm-none-eabi-gcc -o "wheelsboard.elf" @"objects.list"   -mcpu=cortex-m4 -T"/Users/karthikkurapati/LHR/VCAT-WheelsSensor/firmware/wheelsboard/STM32L431CBTX_FLASH.ld" --specs=nosys.specs -Wl,-Map="wheelsboard.map" -Wl,--gc-sections -static --specs=nano.specs -mfpu=fpv4-sp-d16 -mfloat-abi=hard -mthumb -Wl,--start-group -lc -lm -Wl,--end-group
Finished building target: wheelsboard.elf
 
arm-none-eabi-size  wheelsboard.elf 
arm-none-eabi-objdump -h -S wheelsboard.elf  > "wheelsboard.list"
   text	   data	    bss	    dec	    hex	filename
  16452	     12	   1828	  18292	   4774	wheelsboard.elf
Finished building: default.size.stdout
 
Finished building: wheelsboard.list
 
16:52:05 **** Incremental Build of configuration Debug for project wheelsboard ****
make -j7 all 
arm-none-eabi-size  wheelsboard.elf 
   text	   data	    bss	    dec	    hex	filename
  16452	     12	   1828	  18292	   4774	wheelsboard.elf
Finished building: default.size.stdout
 
17:01:22 **** Incremental Build of configuration Debug for project wheelsboard ****
make -j7 all 
arm-none-eabi-gcc "../Drivers/STM32L4xx_HAL_Driver/Src/stm32l4xx_hal.c" -mcpu=cortex-m4 -std=gnu11 -g3 -DDEBUG -DUSE_HAL_DRIVER -DSTM32L431xx -c -I../Core/Inc -I../Drivers/STM32L4xx_HAL_Driver/Inc -I../Drivers/STM32L4xx_HAL_Driver/Inc/Legacy -I../Drivers/CMSIS/Device/ST/STM32L4xx/Include -I../Drivers/CMSIS/Include -O0 -ffunction-sections -fdata-sections -Wall -fstack-usage -fcyclomatic-complexity -MMD -MP -MF"Drivers/STM32L4xx_HAL_Driver/Src/stm32l4xx_hal.d" -MT"Drivers/STM32L4xx_HAL_Driver/Src/stm32l4xx_hal.o" --specs=nano.specs -mfpu=fpv4-sp-d16 -mfloat-abi=hard -mthumb -o "Drivers/STM32L4xx_HAL_Driver/Src/stm32l4xx_hal.o"
arm-none-eabi-gcc "../Drivers/STM32L4xx_HAL_Driver/Src/stm32l4xx_hal_can.c" -mcpu=cortex-m4 -std=gnu11 -g3 -DDEBUG -DUSE_HAL_DRIVER -DSTM32L431xx -c -I../Core/Inc -I../Drivers/STM32L4xx_HAL_Driver/Inc -I../Drivers/STM32L4xx_HAL_Driver/Inc/Legacy -I../Drivers/CMSIS/Device/ST/STM32L4xx/Include -I../Drivers/CMSIS/Include -O0 -ffunction-sections -fdata-sections -Wall -fstack-usage -fcyclomatic-complexity -MMD -MP -MF"Drivers/STM32L4xx_HAL_Driver/Src/stm32l4xx_hal_can.d" -MT"Drivers/STM32L4xx_HAL_Driver/Src/stm32l4xx_hal_can.o" --specs=nano.specs -mfpu=fpv4-sp-d16 -mfloat-abi=hard -mthumb -o "Drivers/STM32L4xx_HAL_Driver/Src/stm32l4xx_hal_can.o"
arm-none-eabi-gcc "../Drivers/STM32L4xx_HAL_Driver/Src/stm32l4xx_hal_cortex.c" -mcpu=cortex-m4 -std=gnu11 -g3 -DDEBUG -DUSE_HAL_DRIVER -DSTM32L431xx -c -I../Core/Inc -I../Drivers/STM32L4xx_HAL_Driver/Inc -I../Drivers/STM32L4xx_HAL_Driver/Inc/Legacy -I../Drivers/CMSIS/Device/ST/STM32L4xx/Include -I../Drivers/CMSIS/Include -O0 -ffunction-sections -fdata-sections -Wall -fstack-usage -fcyclomatic-complexity -MMD -MP -MF"Drivers/STM32L4xx_HAL_Driver/Src/stm32l4xx_hal_cortex.d" -MT"Drivers/STM32L4xx_HAL_Driver/Src/stm32l4xx_hal_cortex.o" --specs=nano.specs -mfpu=fpv4-sp-d16 -mfloat-abi=hard -mthumb -o "Drivers/STM32L4xx_HAL_Driver/Src/stm32l4xx_hal_cortex.o"
arm-none-eabi-gcc "../Drivers/STM32L4xx_HAL_Driver/Src/stm32l4xx_hal_dma.c" -mcpu=cortex-m4 -std=gnu11 -g3 -DDEBUG -DUSE_HAL_DRIVER -DSTM32L431xx -c -I../Core/Inc -I../Drivers/STM32L4xx_HAL_Driver/Inc -I../Drivers/STM32L4xx_HAL_Driver/Inc/Legacy -I../Drivers/CMSIS/Device/ST/STM32L4xx/Include -I../Drivers/CMSIS/Include -O0 -ffunction-sections -fdata-sections -Wall -fstack-usage -fcyclomatic-complexity -MMD -MP -MF"Drivers/STM32L4xx_HAL_Driver/Src/stm32l4xx_hal_dma.d" -MT"Drivers/STM32L4xx_HAL_Driver/Src/stm32l4xx_hal_dma.o" --specs=nano.specs -mfpu=fpv4-sp-d16 -mfloat-abi=hard -mthumb -o "Drivers/STM32L4xx_HAL_Driver/Src/stm32l4xx_hal_dma.o"
arm-none-eabi-gcc "../Drivers/STM32L4xx_HAL_Driver/Src/stm32l4xx_hal_dma_ex.c" -mcpu=cortex-m4 -std=gnu11 -g3 -DDEBUG -DUSE_HAL_DRIVER -DSTM32L431xx -c -I../Core/Inc -I../Drivers/STM32L4xx_HAL_Driver/Inc -I../Drivers/STM32L4xx_HAL_Driver/Inc/Legacy -I../Drivers/CMSIS/Device/ST/STM32L4xx/Include -I../Drivers/CMSIS/Include -O0 -ffunction-sections -fdata-sections -Wall -fstack-usage -fcyclomatic-complexity -MMD -MP -MF"Drivers/STM32L4xx_HAL_Driver/Src/stm32l4xx_hal_dma_ex.d" -MT"Drivers/STM32L4xx_HAL_Driver/Src/stm32l4xx_hal_dma_ex.o" --specs=nano.specs -mfpu=fpv4-sp-d16 -mfloat-abi=hard -mthumb -o "Drivers/STM32L4xx_HAL_Driver/Src/stm32l4xx_hal_dma_ex.o"
arm-none-eabi-gcc "../Drivers/STM32L4xx_HAL_Driver/Src/stm32l4xx_hal_exti.c" -mcpu=cortex-m4 -std=gnu11 -g3 -DDEBUG -DUSE_HAL_DRIVER -DSTM32L431xx -c -I../Core/Inc -I../Drivers/STM32L4xx_HAL_Driver/Inc -I../Drivers/STM32L4xx_HAL_Driver/Inc/Legacy -I../Drivers/CMSIS/Device/ST/STM32L4xx/Include -I../Drivers/CMSIS/Include -O0 -ffunction-sections -fdata-sections -Wall -fstack-usage -fcyclomatic-complexity -MMD -MP -MF"Drivers/STM32L4xx_HAL_Driver/Src/stm32l4xx_hal_exti.d" -MT"Drivers/STM32L4xx_HAL_Driver/Src/stm32l4xx_hal_exti.o" --specs=nano.specs -mfpu=fpv4-sp-d16 -mfloat-abi=hard -mthumb -o "Drivers/STM32L4xx_HAL_Driver/Src/stm32l4xx_hal_exti.o"
arm-none-eabi-gcc "../Drivers/STM32L4xx_HAL_Driver/Src/stm32l4xx_hal_flash.c" -mcpu=cortex-m4 -std=gnu11 -g3 -DDEBUG -DUSE_HAL_DRIVER -DSTM32L431xx -c -I../Core/Inc -I../Drivers/STM32L4xx_HAL_Driver/Inc -I../Drivers/STM32L4xx_HAL_Driver/Inc/Legacy -I../Drivers/CMSIS/Device/ST/STM32L4xx/Include -I../Drivers/CMSIS/Include -O0 -ffunction-sections -fdata-sections -Wall -fstack-usage -fcyclomatic-complexity -MMD -MP -MF"Drivers/STM32L4xx_HAL_Driver/Src/stm32l4xx_hal_flash.d" -MT"Drivers/STM32L4xx_HAL_Driver/Src/stm32l4xx_hal_flash.o" --specs=nano.specs -mfpu=fpv4-sp-d16 -mfloat-abi=hard -mthumb -o "Drivers/STM32L4xx_HAL_Driver/Src/stm32l4xx_hal_flash.o"
arm-none-eabi-gcc "../Drivers/STM32L4xx_HAL_Driver/Src/stm32l4xx_hal_flash_ex.c" -mcpu=cortex-m4 -std=gnu11 -g3 -DDEBUG -DUSE_HAL_DRIVER -DSTM32L431xx -c -I../Core/Inc -I../Drivers/STM32L4xx_HAL_Driver/Inc -I../Drivers/STM32L4xx_HAL_Driver/Inc/Legacy -I../Drivers/CMSIS/Device/ST/STM32L4xx/Include -I../Drivers/CMSIS/Include -O0 -ffunction-sections -fdata-sections -Wall -fstack-usage -fcyclomatic-complexity -MMD -MP -MF"Drivers/STM32L4xx_HAL_Driver/Src/stm32l4xx_hal_flash_ex.d" -MT"Drivers/STM32L4xx_HAL_Driver/Src/stm32l4xx_hal_flash_ex.o" --specs=nano.specs -mfpu=fpv4-sp-d16 -mfloat-abi=hard -mthumb -o "Drivers/STM32L4xx_HAL_Driver/Src/stm32l4xx_hal_flash_ex.o"
arm-none-eabi-gcc "../Drivers/STM32L4xx_HAL_Driver/Src/stm32l4xx_hal_flash_ramfunc.c" -mcpu=cortex-m4 -std=gnu11 -g3 -DDEBUG -DUSE_HAL_DRIVER -DSTM32L431xx -c -I../Core/Inc -I../Drivers/STM32L4xx_HAL_Driver/Inc -I../Drivers/STM32L4xx_HAL_Driver/Inc/Legacy -I../Drivers/CMSIS/Device/ST/STM32L4xx/Include -I../Drivers/CMSIS/Include -O0 -ffunction-sections -fdata-sections -Wall -fstack-usage -fcyclomatic-complexity -MMD -MP -MF"Drivers/STM32L4xx_HAL_Driver/Src/stm32l4xx_hal_flash_ramfunc.d" -MT"Drivers/STM32L4xx_HAL_Driver/Src/stm32l4xx_hal_flash_ramfunc.o" --specs=nano.specs -mfpu=fpv4-sp-d16 -mfloat-abi=hard -mthumb -o "Drivers/STM32L4xx_HAL_Driver/Src/stm32l4xx_hal_flash_ramfunc.o"
arm-none-eabi-gcc "../Drivers/STM32L4xx_HAL_Driver/Src/stm32l4xx_hal_gpio.c" -mcpu=cortex-m4 -std=gnu11 -g3 -DDEBUG -DUSE_HAL_DRIVER -DSTM32L431xx -c -I../Core/Inc -I../Drivers/STM32L4xx_HAL_Driver/Inc -I../Drivers/STM32L4xx_HAL_Driver/Inc/Legacy -I../Drivers/CMSIS/Device/ST/STM32L4xx/Include -I../Drivers/CMSIS/Include -O0 -ffunction-sections -fdata-sections -Wall -fstack-usage -fcyclomatic-complexity -MMD -MP -MF"Drivers/STM32L4xx_HAL_Driver/Src/stm32l4xx_hal_gpio.d" -MT"Drivers/STM32L4xx_HAL_Driver/Src/stm32l4xx_hal_gpio.o" --specs=nano.specs -mfpu=fpv4-sp-d16 -mfloat-abi=hard -mthumb -o "Drivers/STM32L4xx_HAL_Driver/Src/stm32l4xx_hal_gpio.o"
arm-none-eabi-gcc "../Drivers/STM32L4xx_HAL_Driver/Src/stm32l4xx_hal_i2c.c" -mcpu=cortex-m4 -std=gnu11 -g3 -DDEBUG -DUSE_HAL_DRIVER -DSTM32L431xx -c -I../Core/Inc -I../Drivers/STM32L4xx_HAL_Driver/Inc -I../Drivers/STM32L4xx_HAL_Driver/Inc/Legacy -I../Drivers/CMSIS/Device/ST/STM32L4xx/Include -I../Drivers/CMSIS/Include -O0 -ffunction-sections -fdata-sections -Wall -fstack-usage -fcyclomatic-complexity -MMD -MP -MF"Drivers/STM32L4xx_HAL_Driver/Src/stm32l4xx_hal_i2c.d" -MT"Drivers/STM32L4xx_HAL_Driver/Src/stm32l4xx_hal_i2c.o" --specs=nano.specs -mfpu=fpv4-sp-d16 -mfloat-abi=hard -mthumb -o "Drivers/STM32L4xx_HAL_Driver/Src/stm32l4xx_hal_i2c.o"
arm-none-eabi-gcc "../Drivers/STM32L4xx_HAL_Driver/Src/stm32l4xx_hal_i2c_ex.c" -mcpu=cortex-m4 -std=gnu11 -g3 -DDEBUG -DUSE_HAL_DRIVER -DSTM32L431xx -c -I../Core/Inc -I../Drivers/STM32L4xx_HAL_Driver/Inc -I../Drivers/STM32L4xx_HAL_Driver/Inc/Legacy -I../Drivers/CMSIS/Device/ST/STM32L4xx/Include -I../Drivers/CMSIS/Include -O0 -ffunction-sections -fdata-sections -Wall -fstack-usage -fcyclomatic-complexity -MMD -MP -MF"Drivers/STM32L4xx_HAL_Driver/Src/stm32l4xx_hal_i2c_ex.d" -MT"Drivers/STM32L4xx_HAL_Driver/Src/stm32l4xx_hal_i2c_ex.o" --specs=nano.specs -mfpu=fpv4-sp-d16 -mfloat-abi=hard -mthumb -o "Drivers/STM32L4xx_HAL_Driver/Src/stm32l4xx_hal_i2c_ex.o"
arm-none-eabi-gcc "../Drivers/STM32L4xx_HAL_Driver/Src/stm32l4xx_hal_pwr.c" -mcpu=cortex-m4 -std=gnu11 -g3 -DDEBUG -DUSE_HAL_DRIVER -DSTM32L431xx -c -I../Core/Inc -I../Drivers/STM32L4xx_HAL_Driver/Inc -I../Drivers/STM32L4xx_HAL_Driver/Inc/Legacy -I../Drivers/CMSIS/Device/ST/STM32L4xx/Include -I../Drivers/CMSIS/Include -O0 -ffunction-sections -fdata-sections -Wall -fstack-usage -fcyclomatic-complexity -MMD -MP -MF"Drivers/STM32L4xx_HAL_Driver/Src/stm32l4xx_hal_pwr.d" -MT"Drivers/STM32L4xx_HAL_Driver/Src/stm32l4xx_hal_pwr.o" --specs=nano.specs -mfpu=fpv4-sp-d16 -mfloat-abi=hard -mthumb -o "Drivers/STM32L4xx_HAL_Driver/Src/stm32l4xx_hal_pwr.o"
arm-none-eabi-gcc "../Drivers/STM32L4xx_HAL_Driver/Src/stm32l4xx_hal_pwr_ex.c" -mcpu=cortex-m4 -std=gnu11 -g3 -DDEBUG -DUSE_HAL_DRIVER -DSTM32L431xx -c -I../Core/Inc -I../Drivers/STM32L4xx_HAL_Driver/Inc -I../Drivers/STM32L4xx_HAL_Driver/Inc/Legacy -I../Drivers/CMSIS/Device/ST/STM32L4xx/Include -I../Drivers/CMSIS/Include -O0 -ffunction-sections -fdata-sections -Wall -fstack-usage -fcyclomatic-complexity -MMD -MP -MF"Drivers/STM32L4xx_HAL_Driver/Src/stm32l4xx_hal_pwr_ex.d" -MT"Drivers/STM32L4xx_HAL_Driver/Src/stm32l4xx_hal_pwr_ex.o" --specs=nano.specs -mfpu=fpv4-sp-d16 -mfloat-abi=hard -mthumb -o "Drivers/STM32L4xx_HAL_Driver/Src/stm32l4xx_hal_pwr_ex.o"
arm-none-eabi-gcc "../Drivers/STM32L4xx_HAL_Driver/Src/stm32l4xx_hal_rcc.c" -mcpu=cortex-m4 -std=gnu11 -g3 -DDEBUG -DUSE_HAL_DRIVER -DSTM32L431xx -c -I../Core/Inc -I../Drivers/STM32L4xx_HAL_Driver/Inc -I../Drivers/STM32L4xx_HAL_Driver/Inc/Legacy -I../Drivers/CMSIS/Device/ST/STM32L4xx/Include -I../Drivers/CMSIS/Include -O0 -ffunction-sections -fdata-sections -Wall -fstack-usage -fcyclomatic-complexity -MMD -MP -MF"Drivers/STM32L4xx_HAL_Driver/Src/stm32l4xx_hal_rcc.d" -MT"Drivers/STM32L4xx_HAL_Driver/Src/stm32l4xx_hal_rcc.o" --specs=nano.specs -mfpu=fpv4-sp-d16 -mfloat-abi=hard -mthumb -o "Drivers/STM32L4xx_HAL_Driver/Src/stm32l4xx_hal_rcc.o"
arm-none-eabi-gcc "../Drivers/STM32L4xx_HAL_Driver/Src/stm32l4xx_hal_rcc_ex.c" -mcpu=cortex-m4 -std=gnu11 -g3 -DDEBUG -DUSE_HAL_DRIVER -DSTM32L431xx -c -I../Core/Inc -I../Drivers/STM32L4xx_HAL_Driver/Inc -I../Drivers/STM32L4xx_HAL_Driver/Inc/Legacy -I../Drivers/CMSIS/Device/ST/STM32L4xx/Include -I../Drivers/CMSIS/Include -O0 -ffunction-sections -fdata-sections -Wall -fstack-usage -fcyclomatic-complexity -MMD -MP -MF"Drivers/STM32L4xx_HAL_Driver/Src/stm32l4xx_hal_rcc_ex.d" -MT"Drivers/STM32L4xx_HAL_Driver/Src/stm32l4xx_hal_rcc_ex.o" --specs=nano.specs -mfpu=fpv4-sp-d16 -mfloat-abi=hard -mthumb -o "Drivers/STM32L4xx_HAL_Driver/Src/stm32l4xx_hal_rcc_ex.o"
arm-none-eabi-gcc "../Drivers/STM32L4xx_HAL_Driver/Src/stm32l4xx_hal_uart.c" -mcpu=cortex-m4 -std=gnu11 -g3 -DDEBUG -DUSE_HAL_DRIVER -DSTM32L431xx -c -I../Core/Inc -I../Drivers/STM32L4xx_HAL_Driver/Inc -I../Drivers/STM32L4xx_HAL_Driver/Inc/Legacy -I../Drivers/CMSIS/Device/ST/STM32L4xx/Include -I../Drivers/CMSIS/Include -O0 -ffunction-sections -fdata-sections -Wall -fstack-usage -fcyclomatic-complexity -MMD -MP -MF"Drivers/STM32L4xx_HAL_Driver/Src/stm32l4xx_hal_uart.d" -MT"Drivers/STM32L4xx_HAL_Driver/Src/stm32l4xx_hal_uart.o" --specs=nano.specs -mfpu=fpv4-sp-d16 -mfloat-abi=hard -mthumb -o "Drivers/STM32L4xx_HAL_Driver/Src/stm32l4xx_hal_uart.o"
arm-none-eabi-gcc "../Drivers/STM32L4xx_HAL_Driver/Src/stm32l4xx_hal_uart_ex.c" -mcpu=cortex-m4 -std=gnu11 -g3 -DDEBUG -DUSE_HAL_DRIVER -DSTM32L431xx -c -I../Core/Inc -I../Drivers/STM32L4xx_HAL_Driver/Inc -I../Drivers/STM32L4xx_HAL_Driver/Inc/Legacy -I../Drivers/CMSIS/Device/ST/STM32L4xx/Include -I../Drivers/CMSIS/Include -O0 -ffunction-sections -fdata-sections -Wall -fstack-usage -fcyclomatic-complexity -MMD -MP -MF"Drivers/STM32L4xx_HAL_Driver/Src/stm32l4xx_hal_uart_ex.d" -MT"Drivers/STM32L4xx_HAL_Driver/Src/stm32l4xx_hal_uart_ex.o" --specs=nano.specs -mfpu=fpv4-sp-d16 -mfloat-abi=hard -mthumb -o "Drivers/STM32L4xx_HAL_Driver/Src/stm32l4xx_hal_uart_ex.o"
arm-none-eabi-gcc "../Core/Src/main.c" -mcpu=cortex-m4 -std=gnu11 -g3 -DDEBUG -DUSE_HAL_DRIVER -DSTM32L431xx -c -I../Core/Inc -I../Drivers/STM32L4xx_HAL_Driver/Inc -I../Drivers/STM32L4xx_HAL_Driver/Inc/Legacy -I../Drivers/CMSIS/Device/ST/STM32L4xx/Include -I../Drivers/CMSIS/Include -O0 -ffunction-sections -fdata-sections -Wall -fstack-usage -fcyclomatic-complexity -MMD -MP -MF"Core/Src/main.d" -MT"Core/Src/main.o" --specs=nano.specs -mfpu=fpv4-sp-d16 -mfloat-abi=hard -mthumb -o "Core/Src/main.o"
arm-none-eabi-gcc "../Core/Src/stm32l4xx_hal_msp.c" -mcpu=cortex-m4 -std=gnu11 -g3 -DDEBUG -DUSE_HAL_DRIVER -DSTM32L431xx -c -I../Core/Inc -I../Drivers/STM32L4xx_HAL_Driver/Inc -I../Drivers/STM32L4xx_HAL_Driver/Inc/Legacy -I../Drivers/CMSIS/Device/ST/STM32L4xx/Include -I../Drivers/CMSIS/Include -O0 -ffunction-sections -fdata-sections -Wall -fstack-usage -fcyclomatic-complexity -MMD -MP -MF"Core/Src/stm32l4xx_hal_msp.d" -MT"Core/Src/stm32l4xx_hal_msp.o" --specs=nano.specs -mfpu=fpv4-sp-d16 -mfloat-abi=hard -mthumb -o "Core/Src/stm32l4xx_hal_msp.o"
arm-none-eabi-gcc "../Core/Src/stm32l4xx_it.c" -mcpu=cortex-m4 -std=gnu11 -g3 -DDEBUG -DUSE_HAL_DRIVER -DSTM32L431xx -c -I../Core/Inc -I../Drivers/STM32L4xx_HAL_Driver/Inc -I../Drivers/STM32L4xx_HAL_Driver/Inc/Legacy -I../Drivers/CMSIS/Device/ST/STM32L4xx/Include -I../Drivers/CMSIS/Include -O0 -ffunction-sections -fdata-sections -Wall -fstack-usage -fcyclomatic-complexity -MMD -MP -MF"Core/Src/stm32l4xx_it.d" -MT"Core/Src/stm32l4xx_it.o" --specs=nano.specs -mfpu=fpv4-sp-d16 -mfloat-abi=hard -mthumb -o "Core/Src/stm32l4xx_it.o"
arm-none-eabi-gcc "../Core/Src/system_stm32l4xx.c" -mcpu=cortex-m4 -std=gnu11 -g3 -DDEBUG -DUSE_HAL_DRIVER -DSTM32L431xx -c -I../Core/Inc -I../Drivers/STM32L4xx_HAL_Driver/Inc -I../Drivers/STM32L4xx_HAL_Driver/Inc/Legacy -I../Drivers/CMSIS/Device/ST/STM32L4xx/Include -I../Drivers/CMSIS/Include -O0 -ffunction-sections -fdata-sections -Wall -fstack-usage -fcyclomatic-complexity -MMD -MP -MF"Core/Src/system_stm32l4xx.d" -MT"Core/Src/system_stm32l4xx.o" --specs=nano.specs -mfpu=fpv4-sp-d16 -mfloat-abi=hard -mthumb -o "Core/Src/system_stm32l4xx.o"
arm-none-eabi-gcc -o "wheelsboard.elf" @"objects.list"   -mcpu=cortex-m4 -T"/Users/karthikkurapati/LHR/VCAT-WheelsSensor/firmware/wheelsboard/STM32L431CBTX_FLASH.ld" --specs=nosys.specs -Wl,-Map="wheelsboard.map" -Wl,--gc-sections -static --specs=nano.specs -mfpu=fpv4-sp-d16 -mfloat-abi=hard -mthumb -Wl,--start-group -lc -lm -Wl,--end-group
Finished building target: wheelsboard.elf
 
arm-none-eabi-size  wheelsboard.elf 
arm-none-eabi-objdump -h -S wheelsboard.elf  > "wheelsboard.list"
   text	   data	    bss	    dec	    hex	filename
  15840	     12	   1828	  17680	   4510	wheelsboard.elf
Finished building: default.size.stdout
 
Finished building: wheelsboard.list
 
11:18:34 **** Build of configuration Debug for project wheelsboard ****
make -j7 all 
arm-none-eabi-size  wheelsboard.elf 
   text	   data	    bss	    dec	    hex	filename
  15840	     12	   1828	  17680	   4510	wheelsboard.elf
Finished building: default.size.stdout
 
11:15:44 **** Build of configuration Debug for project wheelsboard ****
make -j7 all 
arm-none-eabi-size  wheelsboard.elf 
   text	   data	    bss	    dec	    hex	filename
  15840	     12	   1828	  17680	   4510	wheelsboard.elf
Finished building: default.size.stdout
 
23:43:46 **** Incremental Build of configuration Debug for project wheelsboard ****
make -j7 all 
arm-none-eabi-size  wheelsboard.elf 
   text	   data	    bss	    dec	    hex	filename
  15840	     12	   1828	  17680	   4510	wheelsboard.elf
Finished building: default.size.stdout
 
